:020000041000EA
:1000000000B5324B212058609868022188439860DF
:10001000D860186158612E4B002199600221596106
:100020000121F02299502B49196001219960352056
:1000300000F044F80222904214D00621196600F024
:1000400034F8196E01211966002018661A6600F04E
:100050002CF8196E196E196E052000F02FF8012189
:100060000842F9D1002199601B49196000215960AB
:100070001A491B48016001219960EB211966A021F2
:10008000196600F012F800219960164914480160C1
:100090000121996001BC002800D000471248134993
:1000A000086003C880F30888084703B5996A0420EC
:1000B0000142FBD001200142F8D103BD02B5186610
:1000C0001866FFF7F2FF186E186E02BD00000240BE
:1000D000000000180000070000035F00212200005C
:1000E000F4000018222000A00001001008ED00E03C
:1000F00000000000000000000000000074B24E7A12
:1001000000200420F7010010CB010010CD010010E9
:10011000C9010010C9010010C9010010C901001077
:10012000C9010010C9010010C9010010CF01001061
:10013000C9010010C9010010D1010010D301001045
:10014000C1010010C1010010C1010010C101001067
:10015000C1010010C1010010C1010010C101001057
:10016000C1010010C1010010C1010010C101001047
:10017000C1010010C1010010C1010010C101001037
:10018000C1010010C1010010C1010010C101001027
:10019000C1010010C1010010C1010010C101001017
:1001A000C1010010C1010010C1010010C101001007
:1001B000C1010010C1010010C1010010C1010010F7
:1001C000EFF30580103800BE00BE00BE00BE00BECA
:1001D00000BE00BEF2EB8871CC7C0010F07C0010F9
:1001E0003802001090A31AE71E481F49086006C88D
:1001F00081F3088810471D480068002801D019487D
:10020000F3E70DA40ECC002902D000F012F8F9E7B4
:100210001749184A002000E001C19142FCD116495B
:100220008847164988471649884700BEFDE701C937
:1002300001C29A42FBD37047F07C0010C00000203E
:10024000B0100020E08C001000000420000004200A
:10025000E08C0010001004200010042000000000BA
:10026000704700000000000008ED00E0000000D032
:10027000B0100020B41F0020D5450010D50200109A
:10028000CD450010F8B5C04606480749091A8B103D
:10029000C90FC91810B5491003D0044B002B00D06A
:1002A000984710BDB0100020B010002000000000E2
:1002B000054B10B5002B03D00449054800E000BFF2
:1002C000FFF7E2FF10BDC04600000000481F0020FD
:1002D000B4730010F0B5DE464E4645465746E0B5CD
:1002E0009BB004F0B5FAFA20C00001F039F9D34808
:1002F00004F048FB0821D24804F0C8FBFA2410217E
:10030000D04804F0C3FBE122A4002100D200CE4873
:1003100004F0BCFB082000F019FBD023802200254C
:1003200052001B065A62C9495A61C94804F0AEFB23
:10033000C64801F015F90421102000F0EDFAC54B74
:10034000C54E05201D609946356001F05BFB02F04B
:1003500015FCC24902F0F7FBF421890502F0F0FB1D
:100360008321C90502F003FC02F030FC4B461A68F9
:10037000BB4993009B18BB4A9B009A181560956077
:10038000D5601161012150601160B74AB74D9446A4
:1003900032682C806344002A00D0A8E2B44A19686D
:1003A000B44861400A40802149018C4663441A6088
:1003B00004F0E8FAB04B1800129304F0E3FAAF4BE4
:1003C0001800139304F0DEFAFA21AD4B89001800EF
:1003D000149304F05BFBE121AA4BC90018001593AC
:1003E00004F054FBA84B19211800169304F04EFB9F
:1003F000A64B192118000A9304F048FBA44B1800DF
:100400000B9304F0BFFAA34B18000C9304F0BAFA54
:10041000288802F0B3FBA04902F08FFB9F4902F04D
:10042000A6FB9F4902F08FFB011C071C9B4802F0B2
:1004300084FB834601F0AAF9002900D151E2FA2297
:100440000023920001F076FD80462B88954C9A4659
:10045000237858460493944B069302F0BDFB029018
:100460000391381C02F0B8FB534600900191049AA6
:100470004146069804F00AFB01F088F900238B4AF4
:100480008018594104900591002904DA0122884B13
:10049000524204920593874B0793874B1993874BDE
:1004A0001793874B0D93874B0E93874B0F93874B77
:1004B0001093874B1193874B1893874B0893002019
:1004C00004F0CAF9732842DC622800DC06E16338D4
:1004D00010283CD8079B80001B589F46D0238022C1
:1004E0001B06520018985A6104F04CFA288802F052
:1004F00045FB694902F021FB684902F038FB684975
:1005000002F021FB011C071C644802F016FB804628
:1005100001F03CF9002900D114E1FA2200239200F5
:1005200001F008FD09902B8840469B4623789A46A7
:1005300002F052FB02900391381C02F04DFB5B4627
:100540000090019152460999069804F09FFAD02331
:1005500080221B0652005A612378002B08D001F03C
:1005600015F9049A059B121A8B41002B00DCEFE071
:10057000052000F0F5FFA2E70122237817995340E8
:10058000237000D019990D9804F080FADFE700235A
:1005900023704B461968FA228B005B18324992008F
:1005A0008C4631689B002A806344002900D07BE19F
:1005B0002F4819684A40802149018C460240634413
:1005C0000E981A6090E7002323704B461968E122C9
:1005D0008B005B182449D2008C4631689B002A802E
:1005E0006344002900D06EE1214819684A40802107
:1005F00049018C46024063440F981A6074E71298D0
:1006000004F0C0F9139804F0BDF9FA211498890098
:1006100004F03CFAE1211598C90004F037FA1921D9
:10062000169804F033FA19210A9804F02FFA0B985F
:1006300004F0A8F90C9804F0A5F988E7C473001039
:10064000F47300100874001024740010DC0500001E
:1006500050740010841F0020801F00200024744963
:100660001F4E0000000005400C000540E60F002072
:10067000FFFF000084740010A8740010B474001010
:10068000D4740010F87400101C7500103C75001034
:100690005C7500107075001000007A440000C842BC
:1006A00000004844E40F002088750010400D03004E
:1006B000FFFFFF7FD8770010B8730010C0730010E1
:1006C000D8750010EC750010007600101876001038
:1006D0002C76001040760010E00F00202B2800D16F
:1006E00096E02D2800D032E7002323704B4618688F
:1006F0002A8883001B1880489B0084463168634425
:10070000192A00D8D4E0E127193A101C92B2FF0050
:10071000BA4200D9381CFA2782B2BF00BA4201D2CD
:100720003A00381C2880002900D1D0E07348120418
:1007300019684A40802149018C460240634411985F
:100740001A60D1E6FA21890001F0B6FB0990EAE6C9
:10075000002B02D1002A00D00AE7E1270899FF0008
:100760000A6893009B189A009B182A889B18BB4222
:1007700000DA7FE001235B420B6000230493604BAF
:10078000BA46984653462B804B461A6893009B18EE
:10079000594A9B00944632686344002A68D05749FE
:1007A0003F041A687A400A40802149018C4663441C
:1007B0001A6000F0EBFF002954D0FA2200239200C7
:1007C00001F0B8FB07002B8804989B4623789A46D3
:1007D00002F002FA02900391404602F0FDF95B46F6
:1007E0005246009001913900069804F04FF900F04C
:1007F000CDFF0023434A80185941049005910029F8
:1008000000DBB5E60122404B524204920593AFE66D
:100810000023E12223702B88D2001933191C9BB2CC
:10082000934200D9111CFA238AB29B009A4201D24A
:100830001A00191C4B46298019688B005B182E4939
:100840009B008C463168634400293AD02B4812043F
:1008500019684A40802149018C460240634410983F
:100860001A6041E6FA21890001F026FB0700AAE799
:10087000264996E7FA27BF00BB422ADD9AB210004C
:1008800092461F0002F07AF9214902F056F91C49FC
:1008900002F06DF91F4902F056F9011C8046184814
:1008A00002F04BF904906DE7FA221448920480E6B6
:1008B000FA2292002A80002909D0FA220F489204D5
:1008C00036E71248C4E7E1220C48D2048DE60F480F
:1008D0002EE701230B600A4BBA4604930023984687
:1008E00050E7FA21890001F0E7FA8046ADE5FA24E5
:1008F000024AA40453E5C0460C0005400000FFFF77
:100900000000C842400D0300FFFFFF7FFFFF000013
:1009100000007A4400004844094A83009A1810B540
:1009200014684022544080322240064CC000A44645
:1009300063441A60044B9C466044416010BDC0464D
:1009400004C0014004D00140004001400123D022F6
:100950008340120693629361094A83009A181168D2
:100960004022514080320A400649C0008C46634410
:100970001A60054B9C460523604443607047C0469F
:1009800004C0014004D00140004001408023DB0549
:100990001868000F7047C0460FB400B5084883B010
:1009A00003F0F0FF049B002B07D005A9180001916C
:1009B00003F0F2FD034803F0E5FF012003F004FE1D
:1009C00054760010D475001070B5EFF3108C72B629
:1009D0000D4D2B68002BFCD0BFF35F8F0724CB0895
:1009E000C618C05C01230C40A3401C000440034215
:1009F00007D118433070BFF35F8F2C608CF31088E1
:100A000070BD1000FFF7C8FF2C0100D0F8B54746B5
:100A1000CE46884680B5EFF3108C72B61C4D2C681C
:100A2000002CFCD0BFF35F8F9A4222D80721012609
:100A3000894602E00132934218D34D4637001540F3
:100A4000AF40D4080119045D2742F3D110003C43A4
:100A50000C70BFF35F8F00220D4B1A608CF310886F
:100A600000280EDBC0BCB946B046F8BD01204042AC
:100A7000EFE7BFF35F8F00232B608CF3108801201A
:100A800040424346002BEDD00898FFF785FFC04653
:100A90002C0100D0044A1078431CDBB2172B00D97C
:100AA000102313707047C046E80F002010B5064BA6
:100AB000064C82B00100009318221F232000FFF78C
:100AC000A5FF02B010BDC04664760010D81A002001
:100AD0000021044B044ABFF35F8F02C39342FAD153
:100AE0007047C046000100D0800100D0054B064A87
:100AF0001360064A136053609360D36013615361BF
:100B0000936170478080808000E400E004E400E0AE
:100B10001F2318401E3B8340002905D0C021044AF2
:100B20004900535013607047802201498B50FAE707
:100B300000E100E001228240034B1B6813405A1E73
:100B40009341D8B27047C04600E100E001238340E2
:100B5000014A13607047C04600E200E0064B1030C7
:100B60009B688000C358054A00209B1A2F229A4296
:100B70004041C0B27047C04600ED00E0EC0F0020DD
:100B800070B50D00EFF3108672B60F4A1368002B94
:100B9000FCD0BFF35F8F0D4B10309B6884001B5956
:100BA0000B4A934203D09D4201D001F033F8074B2A
:100BB0009B681D51BFF35F8FBFF35F8F0022024B15
:100BC0001A6086F3108870BD240100D000ED00E0AB
:100BD000C1010010F0B557464E46DE464546E0B529
:100BE00085B0060000911700EFF3108B72B66A4AC9
:100BF0001368002BFCD0BFF35F8F0025674B5D5758
:100C00009A46002D00DAA9E06B00654C01935B1950
:100C10009B009846A146C1444B4652469B791036EC
:100C20001370604BB6009B6899590B1B2F2B33D95F
:100C30005D4B994200D0ACE0019B42469C465B4B29
:100C40006544AD0063535A4B0232A218043B9B1A11
:100C50001B05584A5B0D651913436B80564B0121E8
:100C6000AB80FF23AB71009BEF71AB604B460B4336
:100C700019004C4B9B689951BFF35F8FBFF35F8F97
:100C80000022454B1A608BF3108805B0F0BCBB46C0
:100C9000B246A946A046F0BD01200A008243D3799E
:100CA0008C46BB4231D84546130044491B1B5B416F
:100CB0005943090D3D4B63533D4B02356519043BC8
:100CC0005B1B1B053B4D5B0D2B43AA464D466B80C2
:100CD0000425AC465546E044131F44441B1B1B052A
:100CE0005B0D1D434B46997100999D809960494663
:100CF000DF71334B01431360BBE75800C01880001D
:100D00002018C179B9422FD902000623D356002BEF
:100D1000F3DA02932B4B61460393131D9A46042387
:100D20005B429C46E14450464B461B1A1B055B0D3B
:100D30009C46204B957198466346404603439380FA
:100D4000019B5A199200039BA418A380029B1C4A82
:100D5000A371009B2260E771A3608AE700F05AFF4D
:100D6000002553465D574FE7908802934005131DB9
:100D70009A46031561469C464046D4446346043077
:100D80002018181AE0230005400D1B021843039099
:100D9000C5E700F03FFF4FE7240100D0AD1F002062
:100DA000EC0F002000ED00E0C101001000A1FFFFEA
:100DB0001C10002000E0FFFF01BDFFFFAAAA0000F9
:100DC0000148804701BD000070B501240443EFF3E2
:100DD0000581EFF3108C72B6214A1368002BFCD00A
:100DE000BFF35F8F1F4B05001F4AED1A6D416A4329
:100DF000120D1E4D8900AE6852B27658A6421CD024
:100E00000621595691421CD012215956914222D0A6
:100E10001E215956914220D02A215956032491422D
:100E200010D0134B19781A708171BFF35F8F0022B5
:100E30000B4B1A608CF3108870BDAB680D4C5C5086
:100E4000EFE700246100091989005B18FF219971FF
:100E500009499980E5E70124F4E70224F2E7C04656
:100E6000240100D0EC0F0020AAAA000000ED00E051
:100E7000AD1F0020C101001001BDFFFF10B5084BE0
:100E8000084C82B001000093002205232000FFF7E8
:100E9000BDFD002801DB1F23181A02B010BDC0469B
:100EA00080760010B11F0020024B9C4661448900EF
:100EB000016070474000003470B5114C114DAC42D8
:100EC0000FD2FF262368002B0CD0FFF7E3FD0100B3
:100ED0002000FFF7E9FFA680BFF35F8F0834AC4224
:100EE000F0D370BDFFF7D6FD01002000FFF7DCFF57
:100EF0002671BFF35F8F0834AC42E3D3F1E7C046FD
:100F0000A8100020B010002010B50400FFF7C2FDAB
:100F100001002000FFF7C8FFFF232371BFF35F8F9D
:100F200010BDC04610B504000120FFF7BFFD034B04
:100F3000C3189B002360BFF35F8F10BD40000034D7
:100F4000034B9C46614489000160BFF35F8F70478B
:100F5000400000340A4B1968EFF3108072B60A683B
:100F6000002AFCD0BFF35F8F1B68BFF35F8F0022A6
:100F70001A6080F3108840BF002000217047C046EF
:100F80008C1F0020F0B5DE4657464E464546E0B57C
:100F900087B0EFF30583032201251A4095409100A5
:100FA0008846A946B34B03925C58B34B1D60B34BC4
:100FB00004934B46B24843630823E55E002D37DABD
:100FC000A3881BB2002B00DBADE0A379002B00D07F
:100FD000EEE00823E05E002820DB430062691B1876
:100FE000DB00D3189E68DD68731C00D111E1A448B2
:100FF00001004144826A0B69B71A9B1A9F4215D3BC
:101000000123026A039883401A420FD09C4800F0E3
:10101000B5FB8D4202DCCCD18642CAD940BF07B0B5
:10102000F0BCBB46B246A946A046F0BD0E61EDE756
:1010300062696B0092465B19DB009A4453469E68D6
:10104000DF6800F09BFB8F42BADC00D103E1002F88
:1010500000DAE8E05246534652691B699346049A07
:10106000934200D1D9E052460821605E52880004C4
:10107000594610439847009001910099019A0B003E
:101080001000134300D1CEE013000A00B61A9F41AE
:10109000002806DB7A4800F071FB009E019F36189D
:1010A0004F4153469E60DF6000229A5E002A00DABC
:1010B00086E7530099186069C900411802938B684C
:1010C000C9689B46B94200DD7AE702D1B34200D934
:1010D00076E708239C46A444059565462281A446EC
:1010E000029B2C0006E053009918C90041188D6836
:1010F000C968AB469B18DB00C318B94206DC00D1B7
:10110000B3E01C000023E25E002AECDA2300644610
:101110009C4653461A806346059D1D80A3881BB2DA
:10112000002B00DA51E72269EFF3108172B61368E1
:10113000002BFCD0BFF35F8F0123A7885B42A38005
:101140003FB22369BFF35F8F00221A6081F31088DA
:10115000002F00DA39E72300083322009A46666937
:101160007B00DB19DB00F318996850468C46082495
:10117000115FDD68002910DB029306E0AB4244D02A
:101180000023E15E2000002906DB4C006418E40027
:101190003419E368AB42F1DD029B078000201F5E3B
:1011A0001980002FDCDA1400A379002B00D110E79E
:1011B0000023A37126000823E15E08364B1C00D1F2
:1011C0002CE70800A246656902E03E004B1C1AD0DD
:1011D0004B005B18DB00EF180A008C46E95E7B8849
:1011E0001BB2002BF1DA01235B42DC17BB60FC6011
:1011F000824205D0534631801B893B8053461A8179
:1012000060464B1CE4D15446E5E6A3686345B7D974
:10121000C2E76B1C00D0EAE6F8E65B4658461B695D
:10122000984700281BD153461B8822692381EFF37E
:10123000108372B611680029FCD0BFF35F8F51464E
:1012400062880A8022696580BFF35F8F0021116088
:1012500083F31088B4E6864200D8F8E6B0E65B4631
:101260001A685B680092019307E7B34500D848E726
:101270004CE7C046681F00203C700540850F0010F9
:101280000040054070B52E4C2569002D04D00A2180
:101290002C48FFF709FE70BD2B4E0321300000F0F3
:1012A00063FAE660FFF7F6FB284B03229C46D02347
:1012B00022701B061B6801216370254B6044A360EC
:1012C0000F23800020610220638063694942A1806E
:1012D00019800231198647311D83585218315A52EC
:1012E00075325C39995218320131995218320131F4
:1012F0009952183201319952083518329D520231F3
:1013000018329952183201319952183201319952DA
:101310001832013199521832013199521832013183
:1013200099520C4B0C49DC6001303562FFF728FC08
:1013300001210320FFF7ECFB084B1D60A7E7C04627
:10134000341000208C1F0020004005404000003475
:10135000FFFF1000681F0020850F00103860054057
:101360000048704734100020F8B51F0008AB1B7808
:1013700004001600002B08D100F008FA32003B00F0
:10138000121A8B41002B00DA52E02269EFF3108031
:1013900072B61368002BFCD0BFF35F8F0223E15EAF
:1013A00063694A005218D2009B182269002936DB73
:1013B0001D886580BFF35F8F0025156080F310885E
:1013C000069A9E60DF601A61079A5A615A88013254
:1013D0005204520C101C002A1FD082B258800804FC
:1013E00010432669EFF3108772B63268002AFCD0EA
:1013F000BFF35F8FA2881A80A1802369BFF35F8F3C
:1014000000221A6087F310880A4923788C4601323B
:101410009A40E36863441A60F8BD0120DDE7BFF33A
:101420005F8F0023136080F3108801204042F3E7B0
:101430000020F1E73C20000070B501000469EFF3E3
:10144000108C72B620680028FCD0BFF35F8F02209A
:101450000D5E4C6968004019C00024180869002D11
:1014600036DB26884E80BFF35F8F002606608CF344
:101470001088E36063880498013320615B04059859
:101480005B0CA26060611A1C002B1FD093B2280471
:10149000628018430A69EFF3108C72B61368002B50
:1014A000FCD0BFF35F8F8B8823808D800B69BFF3E7
:1014B0005F8F00221A608CF310880B7801329A40FB
:1014C000CB6808498C4663441A6070BD0122DDE791
:1014D000BFF35F8F002303608CF31088012040422C
:1014E000F3E7C0463C20000010B543890A1493423C
:1014F0001ADD53009B184269DB00D3180469EFF32F
:10150000108C72B62268002AFCD0BFF35F8F5A8815
:10151000090494B2090C8A4208D00369BFF35F8FB3
:1015200000221A608CF31088002010BD8022120265
:1015300014435C80012302698371BFF35F8F002134
:1015400011608CF31088044902788C469340C2687D
:10155000012062441360E8E73C20000040787047B7
:10156000F0B5C64600B582B0040000F00FF9FA22CB
:1015700006000F00200000230021920001F0C0FAB5
:101580008019794104000D1E02DA01242E4D6442B7
:1015900006267642F71736196F41AF4214D811D09C
:1015A00000F0F4F832003B00121A8B41002B15DCDE
:1015B000002B46D02000290000F026F902B080BCA4
:1015C000B846F0BDA642EBD90026002700F0DEF8B1
:1015D00032003B00121A8B41002BE9DD00F0D6F8F7
:1015E00032003B00121A8B41002B0ADB00230193CF
:1015F000164B3200009316483B00FFF71DFF0130E9
:10160000D8D000233900B0469C46124A1248536A8B
:10161000994204D8966A4645CCD29942CAD1066806
:10162000EFF3108772B63368002BFCD0BFF35F8FE7
:101630000368BFF35F8F66461E6087F3108820BF84
:10164000E5E7002AB6D0C9E7FFFFFF7F550F00107E
:1016500034100020004005408C1F0020F0B5574694
:101660004E46DE464546E0B506000F0085B0EFF376
:10167000058399468B46002B12D0384900204B6ACF
:10168000BB4206D38A6ADB1B591E8B41B2424041E2
:10169000184305B0F0BCBB46B246A946A046F0BD13
:1016A0002F4B9A46DB68984653461B784046039377
:1016B00000F064F84246039B040004339B009B58EF
:1016C0000D001B1A39003000001BA941894510DCB0
:1016D0000DD020BF214A0020536A5B45D9D3926ABE
:1016E000DB1B591E8B41B24240411843D1E7834274
:1016F000EFD900F04BF832003B00121A8B41002B5F
:101700001ADB00230193174B3200009350463B0035
:10171000FFF792FE011E0FDD104B5A6A5A451BD38C
:101720009B6AB34216D35046FFF7DEFE0B4A0020F9
:10173000536A5B45ADD3D2E7084A0020536A5B4544
:10174000A7D30020926ADB1BB24240415A1E93414C
:1017500018439EE75A45E6D120BFE4E70040054024
:1017600034100020550F001010B5024A0248FFF750
:101770002BF910BD9C760010DC1A00200300416A92
:101780000A00986A596A8A42FAD17047034B596A2B
:101790000A00986A596A9142FAD1704700400540A0
:1017A00070B504000D00174A536A1900966A536A0F
:1017B0008B42FAD13000190024184D41AB4216D8A3
:1017C00013D0104B2A005B6A9D4203D90D494B6A26
:1017D0009342FCD3934207D10A4A02E0516A9942EC
:1017E00002D1916AA142F9D370BDA642E9D9054B55
:1017F0005B6A1C005A1CEFD0012201246442E517E9
:101800005242E3E700400540064A536A9942FCD839
:1018100007D1044B02E05A6A914202D19A6A90427F
:10182000F9D8704700400540F8B5DE464E465746A9
:101830004546E0B58B4605000A991800160000F0F1
:101840003BFB0A9B6C001F02324B64199C46A400B0
:101850006444636881469F4200D967602B1FDBB2F6
:101860009846012B30D9C02380229B01E318120136
:101870001A60294BAD0059599A4600291BD17301B2
:10188000E026226853401E40802342465B01E31855
:101890001E60012A30D9802380229B01E3181201A7
:1018A0001A6053464A4667605A51F0BCBB46B2467E
:1018B000A946A046F8BD586900F0FEFA0130430081
:1018C0001B18033BFDD2DAE75B46012BCBD1C023CB
:1018D00003229B01E3181A60023AA3681A42FCD063
:1018E0007301E0262268AD0053401E4080230A4A5F
:1018F0005B019246E3181E605A462168514003225C
:101900000A401A6001225B469A40A3681A42FCD042
:10191000C1E7C04600800040E01A0020F0B546460E
:101920004F46D646C0B51F00344B44009C46241891
:10193000A4006444636888461600FF2B02D8802305
:101940005B006360031FDBB29A46012B30D9C023D2
:1019500080229B01E31812011A60294B8500595916
:10196000994600291BD17301E026226853401E408E
:10197000802352465B01E3181E60012A30D9802380
:1019800080229B01E31812011A6080235B006360D0
:101990004B465F51E0BCBA46B146A846F0BD586917
:1019A00000F08AFA013043001B18033BFDD2DAE74E
:1019B0004346012BCBD1C02303229B01E3181A60BD
:1019C000023AA3681A42FCD07301E026226885001F
:1019D00053401E4080230A4A5B019146E3181E6073
:1019E00042462168514003220A401A6001234246C0
:1019F0009340A2681342FCD0C1E7C046008000407B
:101A0000E01A0020014B8000C0587047E01A002007
:101A1000F8B5040021481E0017000D0000F04CFA34
:101A20000100380000F048FA069B36041B031E43F1
:101A30002368002B20DB1A4B1A49E3185A1E9341E6
:101A40008022920194465B421B0B174A1B0363449E
:101A50001360164A13601F000A689743FBD1144BAA
:101A60002560E2182123A06013602368002BFCDAB4
:101A70000823E6601360F8BD3F2322681340AB42A1
:101A8000D9D1A3681B051B0D8342D4D1EE22E36894
:101A9000D2021340B342CED1EDE7C046001BB700DF
:101AA0000040FDBF08C0004000E0004000F00040E2
:101AB0000430000010B580241C4BE4051C60002895
:101AC0001AD001231A4C18431A4BDC611A4C4440BB
:101AD0001C62596298628021144BC905196017482D
:101AE00017490860E021C9041960002A07D1802243
:101AF000144B12061A6010BD0E4BD861EBE7530170
:101B00009B1A9B009A18802312015B049A4209D207
:101B100013000D490B60074B5A608022094BD20518
:101B20001A60E8E7094B1A00F3E7C04600B0054029
:101B3000D3C007B0008005402D3FF84FFCFF0100E7
:101B40000820014000A00540401F0020FFFFFF00CB
:101B50008023024A9B000B43D362704700800540FC
:101B6000002310B50100988A1B8B984710BDC04612
:101B7000162310B50100188802331B88984710BD42
:101B8000F8B54746CE4680B50F1E18D014239946A7
:101B9000043304000025012698464B461888434626
:101BA00021681B88984701C4431E984101350640AF
:101BB000AF42F2D13000C0BCB946B046F8BD0126F4
:101BC000F8E7C046002370B504000D00988A054967
:101BD0001B8B984703000020002C01DB0130A04044
:101BE0002900984755420000AA23064A1B011360AA
:101BF0008D235B00D3600449044B19605368002BAC
:101C0000FCDA70470040024000B0FA000060024079
:101C10007047C04610B50148FEF7BEFEC076001002
:101C200070B5074D074EB54209D20024013E761B20
:101C3000B60808CD984723000134B342F9D170BDEE
:101C400070730010AC730010054B064A06491A6009
:101C5000064A074B1A6010000B689843FBD1704787
:101C600000E00040BFCDFBFE08C00040FE7F3C000E
:101C700000F00040044BDB6C002B03D18022034BAF
:101C8000D2021A607047C046000011504C2011501B
:101C9000044A054B1A60054A1368DB018033FBD107
:101CA0007047C046FFFFFF0100F0004008C0004041
:101CB0004022034B9A675A671A67DA667047C04634
:101CC00000F0014010B5FEF703FF10BDF8B527493D
:101CD000274C284D641AA6103200302E00D930222D
:101CE0002800920000F0F0FFBC2C3BD830202F23BE
:101CF0002C196407204A801BE40F9B1B052B16D967
:101D00003700002C02D0B300771CEA50001B3319B7
:101D10009B004108EB18C900C9181A605A600833C3
:101D20009942FAD1012303421CD09843C619B3004B
:101D3000EA50731C2F2E15D09B00EA50B31C2E2E98
:101D400010D09B00EA50F31C2D2E0BD09B00EA50C4
:101D5000331D2C2E06D09B00EA50731D2B2E01D074
:101D60009B00EA50054B9D60F8BDC0460001001085
:101D7000C001001000000020C101001000ED00E0D3
:101D8000002310B5294C82B0A367FFF72DFF012275
:101D9000274B1A60636C012BFCD10322254B1A6080
:101DA000224A936B012BFCD1013300930121224A7B
:101DB00022480433FFF72CFE052301210093204A1B
:101DC0002048FFF725FE0022022104201E4BFFF7CA
:101DD000A5FD0022012105201C4BFFF79FFD0022DD
:101DE000002107201A4BFFF799FD0022002108204F
:101DF000174BFFF793FD8023DB00009300220021A7
:101E00000920134BFFF710FD0022104B0021062084
:101E1000FFF784FD0420FFF7F5FD0E4900F04CF8B4
:101E200001000020FFF794FE02B010BD00800040CA
:101E30003CB0004030B00040002F685900800240A4
:101E4000008C864700C00240001BB7004059730752
:101E5000006CDC0240420F0001480421014B18478E
:101E600050100020811B0010124A936F9B0815D25E
:101E70009066D166002905D0FFE7FFE7FFE7516FC5
:101E8000106F704704B580210906C2175140002821
:101E900000D0C84305F02CFA002104BDF0B5146E43
:101EA000556E576F166FFFF7E3FF14665566576759
:101EB0001667F0BD000000D0114A936F9B0813D243
:101EC00010665166002905D0FFE7FFE7FFE7516F75
:101ED000106F704704B5002801D00020C04305F002
:101EE00007FA002104BDC046F0B5146E556E576F59
:101EF000166FFFF7E5FF1466556657671667F0BD66
:101F0000000000D094464A4A926F9208624601D27D
:101F100028E0C046F0B5464E346E756E776F366F6A
:101F200000F020F89446424A1466556657671667D3
:101F30006246F0BD94463E4A926F9208624601D2D4
:101F400054E0C046F0B53A4E346E756E776F366F1A
:101F500000F04CF89446364A146655665767166783
:101F60006246F0BD002B24DB11D000293EDA00B51B
:101F7000C943404200D1013100F038F8C943404222
:101F800000D10131DB43524200D1013300BD002AB0
:101F9000EBD1002801D1002905D00020C90FC907C5
:101FA00001D1C043410800B505F09AF90022002391
:101FB00000BD00B500290ADBDB43524200D10133EA
:101FC00000F014F8C943404200D1013100BDC943BB
:101FD000404200D10131DB43524200D1013300F0D5
:101FE00005F8DB43524200D1013300BD002923D163
:101FF000002B18D1002A0CD0BC460D4F38667A66EB
:1020000000210023FFE7FFE7FFE77A6F386F67469D
:102010007047002801D00748010000B505F060F9BD
:102020000022002300BD02000B00002000217047A9
:10203000000000D0FFFFFFFF002B00D0BFE0130C1B
:1020400028D1002AE7D080B4114F39667A66FFE7BD
:10205000FFE730B4040C7B6F396F1B0423433B66EE
:102060007A66FFE7FFE7FFE7C04684B27B6F3D6F0C
:102070001B0423433B667A66FFE7FFE7C046002365
:102080002C042D0C7A6F386F00196941B0BC704771
:10209000000000D0F0B594460025140E01D11202C4
:1020A0000835140F01D112010435940F01D19200AB
:1020B0000235D40F01D152000135D40B0134254F24
:1020C0007C66254C3C660E0C93B2FFE7FFE7FFE70A
:1020D0003C6F6643360C7703BE467343DF0B5B04ED
:1020E000C01AB941130C7343DB18C91ACE086643F2
:1020F000360CB64493B273431F0F1B01C01AB9418B
:10210000130C73431F0B1B05C01AB941860D8F02B8
:102110003E436643360C092D24DB520A7243801A73
:102120007703460A6643360C16235B1BDE40DF400E
:10213000BF1964466643821B7046043506330100AE
:10214000D940A840C01900D30131A24206D20023D1
:10215000F0BD0000000000D0FFFFFFFF121B0130A8
:10216000F3D3F1E709277F1BFE406446A2B2724316
:10217000801A00D20139220C7243130C1204821A05
:1021800099410B007046043513370100F940A8400F
:10219000801900D30131002B02D1A2420AD2F0BD36
:1021A000013000D30131121BFAD2013BF8D1A24217
:1021B00000D2F0BD013000D30131121BF7E7F0B5BA
:1021C0001C0C00D080E00CB400251C0A04D11B02BA
:1021D000160E3343120208351C0B04D11B01160FD7
:1021E0003343120104359C0B04D19B00960F3343FB
:1021F00092000235DC0B02D192185B4101351C00C4
:10220000971864410134464F7C66464C3C660E0C80
:10221000FFE7FFE7FFE7C0463C6F6643360C7703F6
:10222000BE4697B27743C01B00D20139C01B00D213
:1022300001399FB27743C91BC91B170C77437E0432
:10224000FF0B801BB941CE086643360C0C2D33DBE7
:10225000B644120B1F053A431B0B97B27743C01BC2
:1022600000D201399FB27743C91B170C77433E0454
:102270003F0C801BB941860D8F023E4366432927E0
:102280007F1BFE400C3D7746AF40BF1930BCA2B269
:10229000ABB272437343801A9941220C7243130C00
:1022A0001204801A994102000B000137001BA9415A
:1022B000F9D2781E0021F0BD0C277F1BFE40774627
:1022C0007F0BAF40FF19E0E700245D1C07D0144FDF
:1022D0007D663966FFE7FFE7FFE7FFE73C6F95B2F2
:1022E0009EB265436643401BB141150C1E0C65430D
:1022F000664336042F0C3E432D04401BB1419942E6
:1023000004D202000B0020000021F0BD01D1904258
:10231000F7D3801A994101349942F2D3F6E70000CD
:10232000000000D0FFFFFFFF48404140484018B484
:102330001B4B5B68FC46019308BD04DFD3250010EE
:1023400018B4174B1B68FC46019308BD00DFDD2560
:1023500000109446134A926F920809D2624618B44C
:102360000F4BDB68FC46019308BD0CDF952800107D
:102370000C4AF0B5146E556E576F166F6246FFF734
:10238000EEFF084A1466556657671667F0BD18B425
:10239000034B9B68FC46019308BD08DF39270010FA
:1023A00038120020000000D0FFB55040424050409D
:1023B00059404B40594000E0FFB5154F4C00640DAB
:1023C00003D0BC4204D10C0314D80020090D090528
:1023D0005C00640D03D0BC4204D11C030AD8002267
:1023E0001B0D1B0501264B4009D44B4003D58B42E6
:1023F00000D18242FFBD9942FCD19042FFBD0B4308
:10240000DB1803431343F5D0C9434918FFBD00004F
:10241000FF07000000B5FFF7CFFF804100BDC046B9
:1024200000B5FFF7C9FF01D9002000BD012000BDA4
:1024300000B5FFF7B9FF01D9002000BD012000BDA4
:1024400000B5FFF7B1FF804100BD012040054A0003
:10245000121804D85A00121801D800207047012021
:10246000704700000021002805D17047C11748407F
:10247000401AFAD0C90713B5064B1B6898470CBC25
:10248000441CA2401005120B0349091B09051943FE
:10249000114310BD881F00201F04000010B54C0020
:1024A000620D8023D218DB00D21A5B057E2A10DD74
:1024B0009E3A13DACC170903490819435242D14016
:1024C000640001341532202A05DAD0400843604305
:1024D00010BD002010BD0846604310BDC80FC018D5
:1024E000013810BD18B4044B5B6AFC46019308BD6B
:1024F00024DF452A0010000038120020132370B595
:102500001D78012D19D014DD1F48FFF731FB06009F
:102510001E48FFF72DFB1E4C80223100200000F0EA
:10252000D3FB022D2DD01B48FFF71AFB1A4B186066
:1025300070BD1A4B164CA364F5E7184B144C23607E
:102540006360A360E36023616361A361E36123626D
:102550006362A362E36223636363A363E36323644D
:102560006364A364E36423656365A365E36523662D
:102570006366A366E36623676367A367E367A36491
:10258000D1E7064BA364CEE7534400005346000056
:10259000381200204C330000881F0020A1250010B5
:1025A00007B5604601880A0A0230DF2AFAD1C9B2AB
:1025B000820804D3028840880004104300E00068C9
:1025C000014A5050039007BD381200200FB403BCDD
:1025D0000CBCF0B50124E407634000E0F0B50C0D3D
:1025E000CF0F661E3605891B640503D3C9434042DD
:1025F00000D30131640D03D0661CF60A07D0E41B3A
:1026000000207F00791C89078912803C24031D0D5E
:10261000DF0F6E1E36059B1B6D0503D3DB43524255
:1026200000D301336D0D03D06E1CF60A07D0ED1BED
:1026300000227F007B1C9B079B12803D2D032F1BDC
:10264000661B58D4A446202E46DA20371400BC401E
:102650001D00BD40F24033412A4380185941CB0F41
:1026600005D0C943C04300226442504151416246F3
:102670004D0D28D10D0D07D100281FD02419404140
:102680004941013A0D0DF9D0640006D3013000D361
:102690000131002C01D140084000013A0BD4941CB8
:1026A000E40A04D112051144DB071944F0BDD9072F
:1026B000204B194300E0D9070020F0BD0029DDD1EF
:1026C000002CDBD1F0BD0132C6074008CD072843FE
:1026D0004908002EE1D0D9E73C2E29DA203E4037C8
:1026E0001400BC4000D00124F24014431A00BB4047
:1026F0001C43D317ACE7AC46202F08DA2036040081
:10270000B4400D00B540F84039412843A5E73C2FBF
:102710000CDA203F40360400B44000D00124F840D9
:1027200004430800B1400C43C117EAE71000190048
:10273000002494E70000F07FF0B50C0D661E36050E
:10274000891BE60A6405640D02D0651CED0A04D0FD
:10275000002001210905803C2403A4461C0D671EAE
:102760003F05DB1BE70A6405640D02D0651CED0A1A
:1027700004D0002201231B05803C240377406444DD
:1027800097B484B296B27443070C7E43150C6F4322
:1027900080B26843361802D3012000043F18300489
:1027A000350C00197D41844688B29AB250430C0C16
:1027B00062431F0C7C438EB27E43921902D30126E2
:1027C0003604A4191604170C3618674101BC81B2EF
:1027D0009AB25143040C62431B0C5C4380B25843D1
:1027E000121802D30120000424181004130C4018FE
:1027F00063412D185E410020474106BC88B293B268
:1028000058430C0C6343120C544389B251435B1878
:1028100002D301210904641819041A0C0918624131
:102820006D1856410020474118BCF902720D114342
:10283000F0026A0D1043ED020A0D03D16D194041FB
:102840004941013B124E9B1B7600B3420ED26D00F4
:1028500007D30130002671416646354301D1400857
:1028600040001B05C918E4072144F0BD0BDA013311
:1028700006D1013004D101314F0D01D04908F2E7F2
:10288000E1070020F0BD013631050020EBE7000034
:10289000FF030000F0B51C0D671E3F05DB1BE70AB8
:1028A0006405640D02D0661CF60A04D000220123E0
:1028B0001B05803C2403D0252D060026F6432E66FA
:1028C0001E096E66CE0FF619B44649004F0D02D0B0
:1028D0007E1CF60A03D000200021403F3F033E1B30
:1028E000B600B444013F7F05C91B49082E6F01366D
:1028F00076089C02950D25437543ED137543AD1382
:1029000001356D10F603761B0CB4CC02450D2C433B
:10291000A2B2B3B25A43270C7B43350C6F43A4B227
:102920006C431B1902D3012424043F191C041D0C01
:10293000A4187D4124196D41009A91B2ACB2614353
:10294000170C7C432B0C5F4392B25A43A41802D35A
:1029500001221204BF182204230C52187B41019C4F
:102960006C431B19520ED9010A434401A01A81B2CB
:10297000B2B2514303145A43360C734387B27743C0
:10298000D617D21900277E4136049B191704160C5E
:102990007F185E417316ED18F301002680337541F0
:1029A000A90F06D16400690AE8055B0A184309D239
:1029B0002FE00422944480337541A90AA8059B0A9C
:1029C000184326D3404149412404009A019B0D003D
:1029D0005543641B4343E41A95B286B27543170C02
:1029E0007E43030C5F4392B25A43B61802D30122CE
:1029F0001204BF183204330C52197B4152429C41DD
:102A0000002C02D40022013051414008CA07104373
:102A1000490802B06246D7079210084BD218084BFB
:102A20009A4203D212058918C919F0BD0020002A64
:102A300001DC3900F0BD01331905F5E7FD030000A5
:102A4000FE070000002200B5203200F004F8080064
:102A500000BD000000220B150AD410B5944600F00A
:102A600031F81414013400DA0021CB17144C20473C
:102A70000020002170476244343A0CD40C2A07DA53
:102A800004009140904052422032D440214310BD76
:102A9000D843D94310BD203207D40C46944052424B
:102AA00020321141D040204310BD0800C917203208
:102AB00003D452422032104110BD1800190010BD3D
:102AC000772A00100A0DCC0F531E1B05C91A520598
:102AD00003D3C943404200D30131520D03D0531CEC
:102AE000DB0A07D0121B00206400611C89078912D1
:102AF000803A1203014BD21A70470000FF03000016
:102B000051434343C9188C46110C83B24B4310B454
:102B1000040C614392B280B2504362431C041B0C0C
:102B2000001910BC59411304120CC01851416144E2
:102B3000704700004840414048400E4B5B681847D2
:102B40000C4B1B6818470C4A936F9B0802D2094B29
:102B5000DB681847F0B5146E556E576F166FFFF7A8
:102B6000F6FF054A1466556657671667F0BD014BB8
:102B70009B68184738130020000000D0491A00282D
:102B800008D1084670470000C10FC90700D5404270
:102B9000002817D0F44603B40B4B1B68984706BCBB
:102BA00081409E384042803107D20B0607D0490051
:102BB000490AC0051043084360470130F8E7490A55
:102BC0008902F5E770470000881F0020014B5B6A0F
:102BD0001847000038130020034BDB6FFC461847F2
:102BE0007CDF7D2C0010000038130020132310B56B
:102BF00012481C78FEF7BCFF0100012C0AD003DD4F
:102C000080220F4800F060F80E48FEF7A9FF0E4B37
:102C1000186010BD0A4C5422200000F055F80B4BF0
:102C20006365A365E36523666366A366E36623675E
:102C30006367A367E3672362E361E5E75346000048
:102C4000381300204C330000881F0020512C001046
:102C500007B5604601880A0A0230DF2AFAD1C9B2F4
:102C6000820804D3028840880004104300E0006812
:102C7000014A5050039007BD38130020C30FDB07F3
:102C800041000A0E07D0FF2A08D00909054A891811
:102C90001943400770471900002070470249C918BE
:102CA000FAE70000000000380000F07F014804212E
:102CB000014B184760100020811B0010014B1B685E
:102CC0001847000060100020014B5B6818470000A7
:102CD000601000207047C046F8B55746DE464E46A5
:102CE0004546E0B599460A9B07009A460D9B8846E3
:102CF00093460B9C9B073BD10C9B9C423DD21E1BD9
:102D00000B9415000C005E442A004B46013521004F
:102D10002020B847B542F7D1A0460B9C002C20D00C
:102D2000454636195346321B013C185D29004B4677
:102D3000B847002CF6D12B00350098460D9B9B0719
:102D40000FD55B46EC1A0C9BA3420AD9464698461F
:102D50002A004B46310020200134B8470135444554
:102D6000F6D32800F0BCBB46B246A946A046F8BD43
:102D700016001500002CD3D1E0E716001500002C3A
:102D8000CED1EEE7F0B54546DE4657464E46E0B5B5
:102D900085B09C4610AB1B78149F934698460F9CB9
:102DA000129E139DBB074CD4002D42D1B44248D291
:102DB00001233B4099460E9B013B9A46302304E099
:102DC000524601341355A64201D9202CF8D14B4666
:102DD000002B00D183E00E9B013B99463023A54296
:102DE00005D82EE04A4601341355AC4229D0202C98
:102DF000F8D1FB060CD57B0554D4A64263D0A5427E
:102E000061D0119B102B50D0022B57D0202C32D1E7
:102E1000202301930E9B5A46009303976346029525
:102E2000FFF75AFF05B0F0BCBB46B246A946A04624
:102E3000F0BD01233B40994601233B422AD1B442D5
:102E4000B9D3FB061CD57B05DBD4002CD5D1119B57
:102E5000102B5BD0119B022B6BD0302301240E9AD8
:102E600013704346002B10D17B073ED52B260E9ABC
:102E7000631C1655CDE72300013430260E9AD65434
:102E8000202CC5D04346002BEED02D260E9A631C75
:102E90001655BEE74346002B2FD0013DB44200D269
:102EA00089E798E7119B102BB2D1BB0637D5202CB0
:102EB000AED058230E9A13550134A7E7202CA7D083
:102EC0002300013407E0631E012CC0D0119A102AA0
:102ED00031D0022AD1D162260E9AD65496E7FB064B
:102EE000CED57B0500D488E78BE723003E0790D53D
:102EF00020260E9A013316558BE70C233B405A1EB1
:102F00009341ED1AB44200D255E764E7BB060ED4F4
:102F100078230E9A0224137030235370A1E7202CDB
:102F200000D175E778230E9A135501346EE75823C4
:102F3000EFE76033EDE70E9AA61E91464E44BA06BF
:102F400002D55822327098E77822327095E7C04651
:102F500010B5002800D110BD01F0CAFCFBE7C04647
:102F60000B0010B5002802D049681B68984710BDB7
:102F7000F0B55746DE464E464546E0B595B0834629
:102F80000F00924698461E9A1F9B10001900209E23
:102F9000FFF75BFA002800D0EAE11E981F99012292
:102FA000C54B5242FFF736FA002800D014E11E98B4
:102FB0001F990122C14B5242FFF742FA002800D06C
:102FC000E9E01E981F990022BD4BFFF739FA00284F
:102FD00000D0C8E01E981F990022BA4BFFF71AFADA
:102FE000002800D0BFE01E981F9900220023FFF7A1
:102FF00011FA002800D0E4E000230B93229B5B052C
:1030000000D406260024302307E0172106AA013445
:1030100052181355013E202C01D0092EF5D81E98C8
:103020001F99FFF73BFAA84BF2009B181A685B68E0
:10303000050008920993FFF719FA02000B001E9889
:103040001F99FFF774F9089A099BFFF7A0F90690FA
:103050000791FFF747FA8146FFF704FA02000B00D9
:1030600006980799FFF763F90022984B069007919D
:10307000FFF7E6F9002800D10DE101239C46E14469
:103080004846FFF7EFF902000B0008980999FFF78F
:10309000C7F9002802D0002399460135002E00D13F
:1030A000D9E006954D46B94614E006AA9446172382
:1030B0000A216344280001341F19FEF7FDFE303158
:1030C000397028000A21013EFEF7F6FE092D00D8CE
:1030D00017E10500202CE8D14F46069D20240CAEB8
:1030E00006AA17239446634499465B46B346069363
:1030F0000FE04B4628000A210134E618FEF7B4FE23
:103100003031280031700A21FEF7AEFE051E00D1D5
:10311000E4E0202CEDD1069B5E469B460323229AD9
:103120001340012B18D1219B002B15D00B9B002B9A
:1031300000D1FDE0219B013B2193202B0CD93023B2
:10314000219A07E0172006A9013409180B5594426B
:1031500000D3CCE0202CF5D1229B01940393219B3A
:103160000096029322E0229B52460493219B390051
:10317000039358461E9B1F9C02960093019443465E
:1031800000F04AF90400200015B0F0BCBB46B2467E
:10319000A946A046F0BD229B5B070FD403224C4BEF
:1031A000229901920391219900930291434652463C
:1031B00039005846FFF790FD0400E4E70422454B30
:1031C000EEE71E9A1F9B00200021FFF7B0F80123B5
:1031D0001E901F910B9311E7229B54469B0711D120
:1031E000219B042B0ED9219B55469C465E46043CF0
:1031F00064442A004346013539002020B047A542E7
:10320000F7D1B346344D26002B1F99465B46A346A3
:103210001C003200E87843463900013DA0470136E2
:103220004D45F6D123005C469B46229B04349B0708
:10323000A9D55346219AE31A9A42A4D95E461500AD
:103240002200434639002020B04753460134E31A98
:103250009D42F5D897E72800FFF708F902000B0018
:103260001E981F99FFF763F80022184B06900791EC
:10327000FFF7D0F80CAE002800D031E70698079988
:103280000022124BFFF7DCF8002800D028E70123CA
:1032900001359D4324E70022069807990B4BFFF761
:1032A000B9F8002800D0F9E64B46002B5CD1012389
:1032B0009C46E144F2E6C046FFFFEFFFFFFFEF7FD1
:1032C00065CDCD4165CDCDC1187A00100000E03F3D
:1032D0002C7700102477001034770010069B5E4690
:1032E0009B460323229A1340012B00D181E0202C1E
:1032F00000D131E70B9B002B27D02D233355013410
:103300002AE74F46069D202C00D1E7E630223319EC
:1033100007E0172006A9013409180A55202C00D10E
:10332000DCE6A342F5D12E220CAE0134F254D7E6EE
:103330000C23229A134257D0219B013B2193A34295
:1033400000D9FCE6202C00D106E7229B5B0703D5C1
:103350002B2333550134FFE6229B1B0700D4FBE6E9
:10336000202333550134F7E6DB0700D496E69EE7C9
:10337000229B55469B0711D1219B032B0ED9219BE4
:1033800054469C465E46033D654422004346013454
:1033900039002020B047AC42F7D1B346B9465F466A
:1033A0001C4EEC1C2A00B078434649460135B8470C
:1033B000013EAC42F6D1229BBB464F469B0700D450
:1033C000E1E65346219AE31A9A4200D8DBE65E46CC
:1033D00015002200434639002020B04753460134EF
:1033E000E31AAB42F5D3CEE6219BA34200D9A6E671
:1033F000B2E6219B002B00D179E70B9B002B97D0E5
:10340000219B013B21939C4200D298E6202C00D0C6
:1034100073E7A1E630770010F0B5DE4657464E461A
:103420004546E0B599B081468B4692469846229A29
:10343000239B10001900FFF708F8002800D0CAE00D
:10344000229823990122824B5242FEF7F9FF00286D
:1034500000D0C0E02298239901227E4B5242FEF711
:10346000D9FF002800D0B6E022982399002200233B
:10347000FEF7D0FF002800D0C9E1229B239C0893CF
:103480000994089809998023269ADB001A400D9226
:103490008022269C1201144022000B94269C0700D7
:1034A0000E001C4200D0ADE00B00034300D0D5E07D
:1034B000002A00D00AE2220006332493022313409C
:1034C0000C930223134200D002E2259B042B00D26E
:1034D0000FE2043B0B93002304250A930022229859
:1034E00023990023FEF796FF002800D003E25A4BF1
:1034F000269A134004930B9B0393249B0293089BEF
:10350000099C009301945946434652464846FFF7AA
:103510002FFD02002020269B1F27034059424B41CC
:103520005B421840531C0893594643464530C847F0
:103530000A9AD317D4185C40D30F0A936B1E0B93CF
:1035400008AB9C460025674401E0202D0FD02000E9
:103550000A21FEF7B1FC01357E19303131702000AF
:103560000A21FEF7A9FC26000400092EEDD8052348
:1035700006930B9B59460593002304930A33039348
:103580000A9B4846029310AB0093089A4346019564
:10359000FFF7F8FB0C9B002B2DD05346C41A259B3C
:1035A000A34228D94D465F4681461E005346390046
:1035B0001A19202043460134A847A642F6D853469C
:1035C00048462599C21A01320023914200D386E170
:1035D000013018180FE0269B0493259B0393249B2E
:1035E0000293229B239C00930194434652465946E2
:1035F0004846FFF7BDFC19B0F0BCBB46B246A94631
:10360000A046F0BD01432BD10B9B2200002B00D123
:1036100054E700230A93249B0A9A0024934200DD76
:1036200085E12298239900220023FEF7F3FE00286B
:1036300000D035E1269B084A02941A408023DB0023
:1036400013430493259B0393089B099CCBE7C04637
:10365000FFFFEF7FFFFFEFFFFFF7FFFF062324933E
:10366000B44B70009C46400D6044FEF7FFFEB24A2A
:10367000B24BFEF78CFEB24AB24BFEF761FE360348
:10368000B14B360B334304000D0038001900002203
:10369000AE4BFEF74CFEAE4AAE4BFEF778FE020094
:1036A0000B0020002900FEF74BFEFEF7F7FE0A9004
:1036B000FEF7DCFEA84AA94B04000D00FEF767FEEA
:1036C0000022A74BFEF73CFEFEF7E8FEA54A0600E7
:1036D000A54B20002900FEF75AFE040030000D0023
:1036E0000C96FEF7C3FEA14AA14BFEF750FE020066
:1036F0000B0020002900FEF71AFE02000B00060056
:103700000F00FEF744FE320004000D003B003000C5
:103710003900FEF715FE00220E900F91954B200008
:103720002900FEF716FE0022934BFEF709FE020069
:103730000B0020002900FEF70CFE00228F4BFEF745
:10374000FFFD02000B0020002900FEF702FE0D0025
:103750008021040032003B000020C905FEF7E7FD90
:1037600002000B0020002900FEF7EAFD02000B001A
:103770000E980F99FEF7EDFD0022734BFEF7E0FD6A
:103780007F4B0C9C9C46644400222305FEF7FFFD02
:1037900006000F0002000B0008980999FEF73AFE98
:1037A00000280AD00A9B3000013B39000A9300220E
:1037B000714BFEF7CEFD06000F000A9A330063320C
:1037C0003900C62A12D802222698042510400B9AE6
:1037D0000C90002A25D1259B042B05D9002800D068
:1037E000A1E0259B043B0B93042541E0022226988F
:1037F00010400B9A0C90002A12D1259B052B76D9EC
:10380000002872D1259B0525053B0B9334E08022CF
:1038100012069446229B0893239B6344099330E647
:1038200005250B4300D1F6E608980999554A564BF1
:10383000FEF7FEFD002808D0089809990022534B96
:10384000FEF7E8FD002800D0E5E6249B002B1CD005
:103850000D9B002B19D0249B013B2493259BAB424D
:1038600004D90C9B002B5AD002230C9300230B93FA
:103870000A9B002B00D131E60898099932003B00E1
:10388000FEF767FD0890099128E6259BAB42EDD92C
:103890000C9B002B43D000230B9302330C93E7E7E0
:1038A0008020269B3A4A00061A40802384460294D0
:1038B000089C099D2900DB0013430493259B614468
:1038C000220003930B00009201938EE60524A8E6E4
:1038D00000230B930A93023304250C93FEE5534611
:1038E0008C46013B63441B1A72E602230C930525A8
:1038F000C2E70423EDE58020089E099F00063900F9
:103900008446269A224B6144134004930B9B320059
:103910000393249B02930B0000920193F3E5259BF4
:103920005B1B0B93A4E7022304250C93A0E79C1ACE
:10393000013C76E601FCFFFFFB799F501344D33F27
:10394000B3C8608B288AC63F0000F03F0000F83FF4
:1039500061436F63A787D23F71A379094F930A40F0
:103960000000E03F1655B5BBB16B0240EF39FAFEDF
:10397000422EE63F00002C4000002440000018408A
:10398000FF0300002D431CEBE2361A3F80842E41DA
:10399000FFF7FFFFF0B5DE4657464E464546E0B519
:1039A000A5B01E002E9B92460C93CD4ACD4B80466F
:1039B0008B461A60002900D1EAE10023307899464D
:1039C000002800D1ECE1C84B4C460B93C74B454651
:1039D00057460E930AE0631C984622003B00594666
:1039E000A84744463078002800D187E001362528D2
:1039F000F1D108239A46043B9946023B9846013B85
:103A000000229C460D943078711C0300203BDBB2F1
:103A1000102B03D80B9C9B00E3589F460300303BC0
:103A200089460D9C092B3AD9002398462A2800D1B3
:103A3000C1E000239A462E284BD00300683BDBB23E
:103A4000122B1ED80E999B00CB589F4663460E0042
:103A50001A43D8E743460E001A43D4E74B460E00FC
:103A60001A43D0E710230E001A43CCE753460E004A
:103A70001A43C8E780235B001A43FF3B9C467078DB
:103A8000E1444E4667284FD82428A4D90300253B9B
:103A9000DBB2422B9FD896499B00CB589F46002310
:103AA00094461E0000E00131B3009B195B001E1814
:103AB0000878303E0300303B092BF4D901236246DD
:103AC00089469C460023B0469A460E00E1442E28C3
:103AD000B3D13021802049428C46C0000243707827
:103AE0004B4684446146092900D86CE12A2800D15C
:103AF0007AE101239C464E46E1449EE7A146A84652
:103B0000BA46CA4503D801235B42534499465346FB
:103B10004A4659460020C047200025B0F0BCBB46AD
:103B2000B246A946A046F0BD0300693BDBB20D9347
:103B30000F2B00D94FE7012199408C466D498946EA
:103B400061464B4619400F91634649460B4200D0EF
:103B500028E10D9B0A2B3AD0072B00D03BE70C9BAA
:103B6000190008C98846002B00D14BE121200243EF
:103B7000914614A98C461F220F2162448C4651465F
:103B80000D950C91A24615000F9902E020290CD04A
:103B9000130064461C4020003730092C00D8073839
:103BA000013168541A090F2BF0D80C9B54460D9D17
:103BB0009A460F9133E10C9B02CB8846002947DBE4
:103BC0000C9301239C4670784E46E14431E70C9BF0
:103BD00002CB14935346002B00D138E19C46087861
:103BE0000B000C908C44002801D100F098FC894611
:103BF0006146944603E05A780133002A01D08B4293
:103C0000F9D1494662465B1A0C900F93530500D5D3
:103C100020E10223180010400D90134200D1CBE3A5
:103C20000D930B1BB1469A465E460C9822003B0052
:103C30003100A84753460134185D0028F6D1B34639
:103C40004E460D9B002B00D0C7E1149B0C93C9E698
:103C50000C9301239C4628384942024388467078D9
:103C60004E46E144E5E670786C2800D17FE1802380
:103C70005B001A43FF3B9C46E14402E780239B0024
:103C80001A4301239C467078E144FAE6707868286C
:103C900000D173E180231A437F3B9C46E144F0E668
:103CA000672800D103E1472800D15AE1452800D117
:103CB0005AE10492072142460C9B03920733524675
:103CC0008B43190002920CC92800009201930C91B9
:103CD00022003B005946FFF79FFB040082E6C046E6
:103CE000953900103C1F00207C780010C07800102F
:103CF0000C79001041900000462800D1DBE00492CE
:103D0000072142460C9B0392073352468B4319000E
:103D100002920CC92800009201930C9122003B00F2
:103D20005946FFF725F904005CE6631C984622001B
:103D30003B0059462520A847444653E60C9B0433D4
:103D40000D93631C9946920700D422E10C9B22003C
:103D5000187859463B00A84743464444012B00D8F5
:103D600085E23300B8462E005F4625004C46994652
:103D700022004346013439002020B047AC42F7D13D
:103D80002C00BB46350047464E460D9B0C9329E65A
:103D9000DB4B3078984600239946002800D012E685
:103DA0000024AEE66F2800D188E000D80BE3102392
:103DB000782800D1CFE09A430A239C4600230F9332
:103DC0000A330D9380E05646B1008919490001334A
:103DD0000E181878303E010030390929F4D9B2465E
:103DE0001E000133994628E60C9B023602CB8A4618
:103DF000C9435046C917084082460C933078731C5B
:103E000099461AE61023100098431133184381464F
:103E100080201300C0000340024200D1A9E64B46B7
:103E2000069308230593534604931023039300231A
:103E300002930F9B220001931CAB009359463B0059
:103E40002800FEF79FFF434604000C93CAE50123B8
:103E50005B42C3E60F9B534501D953460F930223A0
:103E6000180010400D90134200D1B7E10D93D146D8
:103E70000B1B9A463300A1442E0022004D460C989D
:103E8000B9465F469B4608E04B463900541CB04794
:103E90005346185D002877D022009542F4D15B4646
:103EA000BB464F46A94635004C461E00C9E6802356
:103EB0001B011A43FDE620231A4320E708239C46F2
:103EC00000230F9308330D9380231100DB0019406A
:103ED0001A4200D116E10D239A43100080230200FC
:103EE0009B001A401492184200D0C2E180230200C5
:103EF0005B001A4091460C9A04320F92184200D08F
:103F0000B7E2430600D59FE1030600D419E30C9BFA
:103F10001B880993002B00D0FCE110339843002943
:103F200000D1F7E100239946434605935346049395
:103F30000D9B069003930023D2E0582808D06228F6
:103F400067D102239C4600230F9302330D93BBE7F6
:103F500020231A43103B9C4600230F9310330D93EC
:103F6000B2E780231B011A4320231A43A1E6C02392
:103F70009B001A43F31C9946B07882E5C0231A438C
:103F8000F31C9946B0787CE535005E46BB464F464B
:103F900057E64346012B00D863E1631E43449A462B
:103FA0003300B9462E005F4655469B46A246220086
:103FB0004B46013439002020B047AC42F7D13500E0
:103FC0005E46BB464F46A14654460C9B4A4618786F
:103FD00059463B004444A847D7E6A1460F9B984565
:103FE00000D832E64444E41A3300B8462E005F4657
:103FF00025004C46994622004346013439002020D2
:10400000B047AC42F7D12C00BB46350047464E4680
:104010001BE680231000DB0018401A4200D10FE19C
:10402000112118008A430D920D9A802311009B00E4
:1040300019408C461A4269D1802311005B00194057
:1040400089460C9904310F911A4200D0CAE113003D
:104050005B0600D5F0E013001B0600D459E20C9B70
:1040600000229B5ED9175A184A4092B2D90F0C9180
:10407000002B00D1F9E1100014AA944642461F23F8
:10408000149252466344A84616944D460400B9461D
:10409000B2461F00159201E0202D0FD020000A210A
:1040A000FDF70AFF01357E193031317020000A21F9
:1040B000FDF702FF26000400092EEDD8149B4F46A1
:1040C000A94645469846159B56469A46169C0D9B12
:1040D000069343460593534604930A2303930C9B8C
:1040E00002934B4601931CAB2200009359463B00C0
:1040F0002800FEF747FE0F9B04000C9372E4C046B5
:10410000D52C00100C239A431000E7E607220C9BE5
:1041100007339343013294469C4462460C920CCB85
:10412000D90F0F911100194300D191E0D9171391C4
:104130001291514010911399594011911098119971
:10414000129A139B801A99411090119114AA00237E
:10415000944642469946149252461F336344A846F9
:10416000B24616944E46109C119DB94615921F00FA
:1041700001E0202E10D0200029000A220023FDF7A4
:10418000D9FE013630322B00BA550D002200040052
:10419000002BEED1092AECD8149B109411954546BA
:1041A0009846159B4F46B14656469A46169C0D9B1F
:1041B000069343460593534604930A2303930F9BA8
:1041C00002934B4601931CAB2200009359463B00DF
:1041D0002800FEF7D7FD0400FFF704FC0F9B98456D
:1041E00000D8C1E18023DB000D9343460F9A1B19D1
:1041F0009B1A994633002E004D46B9465F469B46B2
:104200000C9122004B46013439002020B047AC42CB
:10421000F7D143460C9901330F930B7835000C937B
:104220005E46BB464F46002B00D10EE50D9B002B92
:1042300000D1F6E4002319E60C9B1B781A0015E761
:1042400010239A430D92EFE60C9B1B78099361E6CD
:10425000002399460028AAD100220023109211932E
:1042600074E70C9B2200187859463B00A8474C463F
:104270008BE50C9AFA3BFF3B07329A430133994690
:1042800091444B460C931368526815921A4306D119
:104290001032904300220992002900D081E061226F
:1042A000810600D54122D2B20A9214AA91460A9AF6
:1042B00000210A3A149242461792524618925A46E0
:1042C0000991B3461F311E000F9B4944BA46199409
:1042D0001A950024674698468946159D16901B92AC
:1042E0000AE03032D2B24B4601341A55A8454AD0C2
:1042F000202C4AD006000D003A000023300029008F
:10430000FDF718FED2B2092AEBD9149B9C466244F1
:10431000D2B2E8E76123820600D54123DBB20A3B33
:104320000C93434614A91F228C46159353466244AE
:10433000A046B2464C461797A9461700099D0D9E08
:104340001490169308E03033DBB201343B55B5428C
:104350000ED3202C0CD0050031002800FDF7ACFD59
:10436000CBB20929EFD90C9A94466344DBB2ECE74F
:10437000159B4D46A14644469846169B56461498B2
:104380009A46179FD0E5B742B2D9179B5746984631
:10439000189B5E469A461B9B09949B461698199C4F
:1043A0001A9D43460593534604930D9B0690039331
:1043B00000230293099B05E70F9B984500D914E75A
:1043C00001330F932DE41023110099430D916928B7
:1043D00000D0BAE080231000DB0018401A4200D160
:1043E00022E61DE60C9B1B68DA0F1100002B00D1A2
:1043F0008CE0DA179818504014AA914642461F23C1
:10440000149252464B44A046A946169704006546AE
:10441000B2461F000C91159201E0202D0FD0200014
:104420000A21FDF749FD01357E1930313170200038
:104430000A21FDF741FD26000400092EEDD8149B4A
:10444000444698460C9BAC461900159B56464D4673
:104450009A46169F0D9B0291069343460593534639
:1044600004930A23039363463CE6002800D02EE61B
:1044700002E60C9B1B689946002B03D1103398432E
:10448000002938D16123820600D54123DBB20A3BE3
:104490000C9343461693534614A91F228C46179338
:1044A0002B006244A0464D46B24618979946170025
:1044B000149C0D9E159008E03033DBB201343B555F
:1044C000B5420ED3202C0CD0050031002800FDF79A
:1044D000F3FCCBB20929EFD90C9A94466344DBB2C2
:1044E000ECE7169B149444469846179B56464D4657
:1044F0009A461598189F43460593534604930D9B7F
:104500000690039300230293149BEBE50028A1D1AE
:1045100072E70C9B1B68D9175A184A40A6E58023FE
:104520001000DB0018409C460F901A420FD002206A
:10453000030013400F93104219D00023A1460F939C
:104540004CE50C9B1B680993E4E40A0034E4022365
:10455000180010400D90134200D03EE54346002B5A
:1045600000D042E6FFF771FB01330F937FE463460F
:104570000D93F3E710B50C0084B00394012402A955
:1045800002900093034813006242FFF703FA04B05D
:1045900010BDC046612F001010B5094A0300146811
:1045A00084B0002C08D0012200910648524203A991
:1045B000A047012004B010BD00F0E4F90020F9E7A5
:1045C0003C1F0020512F001000BEFDE710B5FFF783
:1045D000FBFFC04670B5FDF723FB074D074EB54204
:1045E00009D20024013E761BB60808CD9847230067
:1045F0000134B342F9D170BDAC730010B473001034
:10460000030010B5080011001B68984710BDC04694
:10461000F0B5C64600B5437D07000C001600002B20
:1046200046D0002A17DD0B780A2B24D000239846A9
:10463000012E13D001252900635C01350A2B26D0F9
:10464000B542F8D1464509DCA419013C23780D3B5D
:104650005A4253413B7580BCB846F0BD4346E01812
:10466000A419F11A013C3B68984723780D3B5A4244
:1046700053413B75EFE7037D002BD7D102210F4853
:104680003B689847012EDFD001239846D2E7631E8E
:104690005B5C0D2BD4D0884504DA4346C91AE01878
:1046A0003B689847022105483B68A8469847C7E7FA
:1046B0000368110020009847CDE7C046687A0010D3
:1046C000F0B5C6460B6806000C0000B5802B06D07E
:1046D0005A1C2260E418267180BCB846F0BD0F4B0E
:1046E0001D68002D16D00B1D98460D4F02E02D6958
:1046F000002D0FD02B68002BF9D03B68002B01D088
:10470000AB42F4D1280041462268FFF781FF2D69B2
:10471000002DEFD101220023DBE7C046301B002033
:10472000381B0020F0B54546DE464E465746E0B5FC
:1047300083B091461C0080460D00FDF727F800234A
:10474000304A12184B41002B02DA01222E4B524202
:104750002E4908008A4602F0E3FD07006B1C03D1D6
:10476000404602F073FD0500002C27D0284E294B4F
:104770001C68002C18D04B46002B21D1264B9946A3
:1047800002E02469002C0FD02368002BF9D04B469F
:104790001B68002B01D09C42F3D120002A00414627
:1047A000B0472469002CEFD1002F26D1280003B098
:1047B000F0BCBB46B246A946A046F0BD174ED6E7B0
:1047C000154B99460A239B4602E02469002CEBD046
:1047D0002368002BF9D04B461B68002B01D0A34265
:1047E000F3D12A0041462000B0476B465A462000CC
:1047F000DA71D91D0122B047E7E7504602F068FDA3
:10480000D4E7C04640420F00FFFFFF7FA810002002
:1048100011460010301B0020381B002001460010FC
:104820000A4A1368002B05D10CE01A001B691032EC
:10483000002B07D08342F8D1002902D118691060FB
:10484000196170470029FCD01060FAE7301B002086
:1048500010B500F03DFB10BDF0B5CE464746040054
:1048600080B583B0FCF792FF2600002736184F4131
:10487000002F02DA01261A4F76421A4B1A4D99463A
:1048800001AB98464B461C68002C03D116E0246906
:10489000002C13D02B68002B01D09C42F7D1A368C9
:1048A000002BF4D00121404698470028EFDD434615
:1048B000187803B0C0BCB946B046F0BD0B4B5A6A7D
:1048C000974207D89B6AB34202D302204042F0E7E6
:1048D0009742FAD101200021FCF762FFD2E7C046DF
:1048E000FFFFFF7F301B0020381B002000400540E9
:1048F000F0B5CE46474680B583B06B460600DD1D59
:104900002870FCF743FF0023194A12184B41002B73
:1049100002DA0122174B524217490800884602F07A
:10492000FFFC164B81461C68002C14D0144F02E08B
:104930002469002C0FD02368002BF9D03B68002B92
:1049400001D09C42F4D1200001222900FFF760FE33
:104950002469002CEFD14B46002B05D1300003B069
:10496000C0BCB946B046F0BD404602F0B1FCF5E728
:1049700040420F00FFFFFF7FA8100020301B0020E7
:10498000381B002070B5040002F060FC0123010018
:10499000050001222000FFF7C5FE084B1C68002C13
:1049A00006D06368002B05D098472469002CF8D105
:1049B000280070BD2469002CF3D1F9E7301B0020DA
:1049C000F0B5CE46474680B5A3B004000D00FCF715
:1049D000DDFE0023274A12184B41002B02DA012288
:1049E000254B5242254E300002F09AFC0023220053
:1049F000019307002B00224801A9FFF7BBFD214BC3
:104A0000804699461C68019B002B1AD0002C2FD0A1
:104A10001D4D02E02469002C0FD02368002BF9D033
:104A20002B68002B01D0A342F4D12000019A02A9E7
:104A3000FFF7EEFD2469002CEFD14B461C680023E4
:104A40000193002C06D06368002B0BD09847246993
:104A5000002CF8D1002F07D1404623B0C0BCB94686
:104A6000B046F0BD2469ECE7300002F031FCF3E71A
:104A70000194EFE740420F00FFFFFF7FA8100020E6
:104A8000C1460010301B0020381B00200FB400B5B9
:104A900083B004A901C90191FFF792FF03B008BCDC
:104AA00004B018477047C0460022014B1A70704787
:104AB000AE1F00204B790020FF2B0BD18B79002BF0
:104AC00008D1CB79012B05D1082A03D9024B8A786A
:104AD00009301A707047C046AE1F00200120704791
:104AE00010B5012913D112495379107909781B02A5
:104AF00003430020994200D010BD5378012B08D009
:104B0000022BF9D1642200210020FCF7D3FF012001
:104B1000F2E7D37891781B021943480ADB0501D4E8
:104B2000012040427F238A05D20F1940FDF74AF841
:104B3000AE1F002000487047347B001070B50500A0
:104B400014000120012909D153780020012B05D13F
:104B5000637912791B021343072B00D070BD21002B
:104B60002800024A9F3301F055FAF7E78C7A0010CB
:104B700001230370004870476C7A00104B780A7864
:104B80001B0213438A7810B512041A43CB781B0614
:104B900013439622D200934200D010BD0022012080
:104BA00011004042FDF70EF8024B1860024B1960ED
:104BB0007047C046D01A0020D41A002010B5024B0E
:104BC0001878FBF7C3FF10BDAF1F0020154B70B561
:104BD0001A68002A22D0EFF3108172B610680028FC
:104BE000FCD0BFF35F8F00200F4A596010701B6824
:104BF000BFF35F8F186081F31088002400250B4EEF
:104C00003078FBF797FF002804D100240025290005
:104C1000200070BD3078FBF799FFF8E7FA240025F3
:104C2000A400ECE7601F0020B01F0020AF1F002091
:104C300070B5040000200E0001F00AFB002834D0FB
:104C4000002001F01BFB00282FD0FCF79FFD002364
:104C5000174A12184B41002B16DB164D280002F0A4
:104C60005FFB002821D0002001F0F2FA00280FD1CC
:104C700001200021404200F001FD0324644228008D
:104C800002F026FB200070BD01220B4B5242E4E7EC
:104C9000002001F0F3FA0028EAD0210032000020C1
:104CA00001F0F6FA041EEAD1E7E703246442E9E7DB
:104CB00040420F00901F0020FFFFFF7F10B5FCF760
:104CC00065FD00230D4A12184B41002B02DA012228
:104CD0000B4B52420B4C200002F022FB00280CD060
:104CE00001200021404200F0C9FC002001F014FB2B
:104CF0000028F5D1200002F0EBFA10BD40420F0071
:104D0000FFFFFF7F901F0020F8B5DE46574680B5B5
:104D100005000C00FCF73AFD0023364A12184B41FF
:104D2000002B02DA0122344B5242344908008A46F1
:104D300002F0F6FA002803D1C0BCBB46B246F8BD6B
:104D4000002001F085FA00284AD00026002C43DD1F
:104D50002B4B9B4614E0A919002001F017FB07001C
:104D600001200021404200F089FC002001F0D4FA2B
:104D7000FCF70CFD224BF61918605960B4422BDD8C
:104D8000002001F023FBA71B0200B84200DD3A001F
:104D9000002AE0D101200021404200F06FFC0020F9
:104DA00001F0BAFA002001F053FA002814D00020D4
:104DB00001F00CFB0028E1D1FCF7E8FC5B460F009A
:104DC0001A685B68002184460E4812184B419F42C6
:104DD00002D8D3D19445D1D9504602F079FAABE745
:104DE00000200021064B18605960504602F070FA0E
:104DF000A2E7C04640420F00FFFFFF7F901F002048
:104E00003012002020A1070030B52A4C85B00021C7
:104E1000200002F075FA00281CD1274B1A68002ADE
:104E200016D0EFF3108172B610680028FCD0BFF3E3
:104E30005F8F01242148596002781B68D2B2047048
:104E4000BFF35F8F0020186081F31088002A17D00D
:104E500005B030BD01200021404200F00FFC0020D1
:104E600001F00CFA0500200002F032FA002DEFD01C
:104E7000134B1B68002BEBD0124A10689847E7E7EA
:104E8000FCF76EFA0400FCF781FCFA220023920082
:104E900012184B41002B02DA01220B4B5242012126
:104EA000029100210191094920000091FCF75CFA70
:104EB000CEE7C046901F0020601F0020B01F0020DA
:104EC000D01A0020D41A0020FFFFFF7FCD4B001026
:104ED000D02310B51B0684B01C68FCF741FAFCF720
:104EE0003DFBA04202D0002004B010BD294B0021A0
:104EF00000201B7801F05EFD27480368002B45D099
:104F00000120FBF7BBFFFF23244C254920701840EC
:104F1000FBF736FE20780121FBF7FAFD0520FBF7B1
:104F20001DFE002824D1082200211E48FDF7C6FEE0
:104F3000FCF716FA0400FCF729FCFA220023920081
:104F400012184B41002B02DA0122174B5242012169
:104F5000029100210191154920000091FCF704FA0B
:104F60000028C0DB12480121FFF75AFC0120BBE7F3
:104F70000120FBF79BFD0B4B01001800FBF7E0FF46
:104F8000002205200B49FBF725FEEBE7FBF7BCFFF2
:104F9000B6E7C046EC7C0010901F0020AF1F002039
:104FA000094E0010601F0020FFFFFF7FCD4B001057
:104FB00070100020BD4B001000487047D07B0010DF
:104FC000004870477C7B001010B504001748037838
:104FD000002B20D0002C06D1154B16484380063BF1
:104FE000FF3B038010BD052C1DD8134BA400E058D7
:104FF00012490123013804E001330A800231142BE5
:105000000DD0C25C002AF7D1C022DBB25B00920057
:1050100008481343E5E7112100F01AF8DAE7CA233C
:1050200004489B00DDE70020DCE7C046981F002015
:1050300009040000081B0020647B00100A1B0020EC
:1050400010B5024800F0D8F810BDC046781F002007
:1050500030B54B1E012900D1A7E0664A11780D0931
:105060002C0030349F2900D9A2E00470012B00D11C
:10507000BEE00F21147821400C003034092900D9FA
:1050800098E04470022B00D1B2E054782509290041
:1050900030319F2C00D990E08170032B00D1A7E024
:1050A0000F2121400C003034092900D987E0C47059
:1050B000042B00D19CE094782509290030319F2CE5
:1050C00000D97FE00171052B00D191E00F21214033
:1050D0000C003034092900D976E04471062B00D148
:1050E00086E0D4782509290030319F2C00D96EE064
:1050F0008171072B00D17BE00F2121400C0030345F
:10510000092966D8C471082B00D171E014792509EA
:10511000290030319F2C5FD80172092B68D00F21F4
:1051200021400C003034092958D844720A2B5FD032
:1051300054792509290030319F2C52D881720B2BCC
:1051400056D00F2121400C00303409294BD8C472AD
:105150000C2B4DD094792509290030319F2C00D992
:10516000073101730D2B43D00F2121400C00303447
:10517000092901D937310C0044730E2B38D0D1796D
:105180000C09220030329F2900D9073282730F2B7D
:105190002ED00F220A4011003731092A01D83032AF
:1051A0001100C173102B23D010300023037030BDC9
:1051B00007345AE737310C0063E707316CE73731C2
:1051C0000C0074E707317DE737310C0085E70731C4
:1051D0008EE737310C0095E707319DE737310C003A
:1051E000A3E70731AAE737310C00C4720C2BB1D109
:1051F000C018DAE7781F002010B588B004000D222F
:1052000000216846FDF75AFD0D22002104A8FDF794
:1052100055FD4B236A466846137004A90D2202F01F
:105220004FF81521082220006944FDF74DFD08B014
:1052300010BDC046F8B500F047F90C23194DFF2208
:10524000AB6705201849FBF7C5FC184C402200212C
:105250002000FDF733FD4027002301262121144AB9
:1052600066702783A260136063545F31618445399F
:105270006354104A10496360E2602787A1620B60A3
:105280006362E26202F014F880239B052E64EB64F3
:1052900090230A4A0120EA508022094B5202DA6424
:1052A000F8BDC04600001150450500203C1B002001
:1052B00084001050000110508000105010D00100E8
:1052C0000020115010B501210520FBF721FC10BD75
:1052D00010B500220021024800F016F910BDC046AA
:1052E0005C1B0020044B1970002904D080219023FE
:1052F000024A8902D1507047AA1F00200020115095
:105300000B785B0602D14B78052B00D070478A786A
:10531000014B1A60FAE7C04600001150F0B5C646CE
:10532000C87800B58007830F1800012B60D08F78F4
:105330000A794B797F213940FC091B024E00134347
:10534000334D32195201AA189770012767405770E0
:1053500000275B055B0DD7701383D076B846CA0073
:10536000012C32D02B4FBC468F016244BC46AC446A
:105370006746BA6047461760002932D0264AC900FE
:1053800090466246414451603F223F339343022896
:1053900037D0224937190A687F01D3180B6020499A
:1053A000EF19FA608B422ED836197601AD19EB7ED3
:1053B0001C499B064A4013438022120613436A6825
:1053C0001360012080BCB846F0BD174FBC468F016A
:1053D0006244BC46AC446746BA624746176000293F
:1053E00008D1002364012C196360104BE360E8E7E7
:1053F0000020E7E70B4AC9009046624641445162EB
:10540000C2E75B00C5E7FCF705FCFA68CCE7C046DD
:105410003C1B00208400105004001050441F00204A
:10542000FF0F10500000105080001050000110506D
:1054300010B501F03DFF10BD10B57F200C002040DD
:105440004000E409110000191A00034B4001C01884
:1054500000F05AF8012010BD3C1B00207F231800EB
:1054600000B5084083B00B4204D14B424B41084A7F
:10547000013393668022C9094000064B4018400161
:105480000021C018120101F063FF03B000BDC04647
:10549000002011503C1B00207F22130010B50B4050
:1054A0000A4200D110BDC9095B005B1804485B01CA
:1054B000C018002300220349C37001F049FFF1E73F
:1054C0003C1B0020FFF7FFFF80220A4B520410B55F
:1054D0001A60094B09491A6010000B689843FBD108
:1054E0008022002152010648FDF7E8FB0922054B06
:1054F0005A6710BD00E0004000F0004008C00040C6
:105500000000105000001150002310B5C382013379
:10551000828283760161040001F022FF002804D01A
:1055200080219023074A8902D150200001F000FF1A
:10553000002802D00123237710BD200001F000FFD6
:10554000FAE7C046002011507047C0467047C04679
:1055500000207047002070477047C0467047C04623
:105560007047C0467047C046024B5878431E98416A
:10557000C0B27047E8150020024B18784007C00FF2
:105580007047C046E8150020F0B5D6464F4646465F
:10559000C0B52F4B07009A461B780E00FF2B50D149
:1055A000002941D0002154222A48FDF787FB002220
:1055B000294C2A4B20001A70FBF7A6FC284B1C60D4
:1055C000284C2000143CFBF7ADFC200001F0FAFD54
:1055D000254B264D1C60264B002B04D02800FFF7DE
:1055E000C7FA244B18602449002489462149002326
:1055F00088462A7810E043461B6862019B18002BFE
:1056000012D05B68002B0FD098472A780134E4B29F
:10561000511C2300A14209DBA242ECD89B1A5B017A
:105620004B445B68002BEFD100200BE05346310068
:1056300038001F70FFF7FEFD0028F5D03800FFF797
:1056400041FE0120E0BCBA46B146A846F0BDC046C6
:10565000A4100020E8150020E0150020AB1F00205A
:105660003C1600209C10002040160020A91F00209E
:10567000714B0010381400208C7C0010F0B5DE4611
:1056800057464E464546E0B5C84B91B002931B784D
:10569000FF2B00D13EE1C64BC64E9B465F46C64B34
:1056A0000DAC0193C54B009335686A69EFF3108127
:1056B00072B61368002BFCD0BFF35F8FA96128007E
:1056C000210001F0AFFB6A69AB69BFF35F8F002176
:1056D000116083F31088002800D11BE16378082B48
:1056E000E2D89B00FB589F466368002BDCD0A06883
:1056F0009847D9E77F222179AF4D0A405300EB1834
:105700009846C809804440460123303005799D43BE
:105710000571057903339D430571002A00D100E12D
:105720004346A74A1B7D1278934200D3EFE0A54A77
:105730005B011568ED18002D00D1EBE0A3686279DC
:105740002078AD69A847AFE79F4A1378002B00D1B6
:10575000E0E01378013BDBB213701378002BA3D188
:105760000122954D01212B78042013432B70342303
:10577000EA5C8A43EA54EA5C8243EA540133EA5C15
:105780008A43EA54EA5C8243EA54237800209B4629
:1057900000F09EFC602223791A40602A00D1EFE0DD
:1057A000402A00D1F5E0DB06DB0E012B00D113E12E
:1057B000022B00D1C7E0002B00D0E1E0202A00D16D
:1057C0001CE2002A00D0DBE06379092B00D9D7E086
:1057D0007E4A9B00D3589F46774D2B78DB0700D439
:1057E00062E7FFF7BFFE5FE7019BDB78DB0700D4D2
:1057F0005AE76068FFF7AAFE56E76F4D2B78DB0784
:1058000000D451E728780007C00FFFF7A9FE4BE747
:1058100023786A4999468B46694B6A4998468A4675
:1058200039001A7847460023B04600254E4689467F
:1058300010E053461B686A019B18002B00D176E0EC
:10584000DB68300098473A780135EDB2511C2B00E7
:105850008D4244DC9542ECD39B1A5B015B44EFE73D
:10586000237858499946564B8A4698463100BB469C
:105870004E461A7800250023474689460FE05346D6
:105880001B686A019B18002B55D0DB6830009847D5
:105890003A780135EDB2511C2B008D4207DC954260
:1058A000EDD39B1A009A5B0194466344EDE7019D9A
:1058B000542200212800FDF701FA1022FF2144485C
:1058C000FDF7FCF928002022FF2114304E465F46E8
:1058D000FDF7F4F900F0F2FBFFF740FEE4E6364D89
:1058E000542200212800FDF7E9F91022FF21281D8C
:1058F000FDF7E4F928002022FF21143046464F46E8
:10590000FDF7DCF900F0DAFB2379AB70CCE6501C34
:10591000984213DA11B0F0BCBB46B246A946A04685
:10592000F0BDA3686279207800F0E6FBBCE646464D
:105930004F46214DE6E74E465F46CBE71F4D9B1A8B
:105940005B015D19FAE67023217A0B4218D1C80970
:1059500082460F330B405B0098461948EB185344BE
:105960001B7D00789946834266D216485B01006829
:1059700081469944002A00D15FE14B46002B68D153
:1059800020780021FFF76AFD80212078FFF766FD6F
:105990008AE6104800F09CFB012158460EAAFFF74A
:1059A000CDF8002800D07FE6EAE7C046A41000202A
:1059B000E47B001040160020E81500208C7C0010CD
:1059C000A91F002038140020AB1F0020087C001005
:1059D000EC1500203D4B0010237A0F2BD0D8CF4A76
:1059E000EB181B791578AB423ED3691C9942C7DB93
:1059F0005D1BCB4B6D01ED18686900F069FB01215F
:105A000058466B690EAA9847002800D04CE66022E1
:105A1000150023791D401A42B2D163790A3B012B4C
:105A2000AED800F055FB63790A2B00D199E15846B6
:105A30000EA900F0D9FA37E6431C4B4500DAF7E02F
:105A40004B461B1A5B019946B5488144002A00D198
:105A5000F3E04B46586900F03BFB4B4601215846AA
:105A60005B690EAA98479CE7AE4A5B011568ED1882
:105A7000002DC1D184E7A37999466B789945D6D09A
:105A80006B78002B00D033E14B466B70002B00D1BC
:105A90002BE148460138C0B2FFF792FA002800D146
:105AA0007EE143780793022B00D079E10122C1798E
:105AB000B1468B11491113400A40302112015B019C
:105AC00013432A78A8468A4313432B7009239A4626
:105AD00082445646BA46C37882781B021343C318E1
:105AE00005938E4B04938E4B08938E4B09938E4BEC
:105AF0000A93059BB34200D855E1737801220B2B22
:105B000003D13378F278F6187378042B00D044E18F
:105B1000059B00279B1B9BB20693049B0B921D7851
:105B2000002303931BE0099A7B011568ED18002DF3
:105B300000D132E1310058462B69069A98478446D5
:105B4000082803D9069A824200D313E1049B013747
:105B50001D78FFB26B1C03979F4200DD1DE1BD4223
:105B6000E1D8039B5D1B089B6D019C466544E1E702
:105B70006B780CAA02321370584601230EA900F06C
:105B800049FA91E5E3881A0AD8B20F2A00D9F7E654
:105B900066499300CB589F460EA800F09FFA5846DE
:105BA000A179FFF795FB02222B7813432B707BE53D
:105BB000E388012B00D0E3E608222B785846934374
:105BC0000EA92B7000F010FA6EE5022029780CABBC
:105BD0009A1C8B068908DB0F01400B431380584643
:105BE00002230EA900F016FA5EE5E388012B00D02F
:105BF000C6E608222B7813432B7018E7237A0F2B65
:105C000000D9BDE6EB181D79444B1B789D4228D284
:105C1000444B6D011B685D19002D00D1B0E6686929
:105C200000F056FA012158466B690EAA9847B8E66B
:105C3000002A00D0A4E600239946627902201300CE
:105C400003928343012B15D0002A00D098E62B0045
:105C50004344534430331B790CAA9B07DB0F0232B9
:105C6000BCE75A1CAA4200DA8AE6ED1A2C4B6D01F9
:105C7000ED18D4E7E388002B12D1029B1878039B20
:105C8000012B23D0FFF7EAFB43460221EB185344D4
:105C900030331A790A4301211A711A790A431A71A9
:105CA0004B46002B00D1FFE4586900F011FA4B4637
:105CB00001215B690EAA58469847002000F008FAB7
:105CC0003523EB5CDB0700D5EEE4B0E6FFF7E4FB41
:105CD00043460221EB18534430331A798A431A7130
:105CE0001A7903998A431A71DAE7FFF737FC9EE6BF
:105CF00000215846FFF7F6FA5846FFF799FBAB78B4
:105D0000074903930491054B064998461A78059173
:105D1000002329001D008A461BE0C046A91F002061
:105D20008C7C001038140020FC150020307C001002
:105D3000059B6A011B689B18002B4DD0DB685846F9
:105D4000984743461A780135EDB2511C2B008D421D
:105D50002EDC9542ECD39B1A049A5B019446634473
:105D6000ECE70CAB9A1C584601230EA9157000F005
:105D700051F999E40B9A012A4FD0002A3CD0002314
:105D8000B07804E00133DBB20F71934234D2C11812
:105D9000C9B241440D79FF2DF4D04E4645465746D1
:105DA00000236B70ECE54E465746FFF7D5FB3EE609
:105DB0005546542200212800FCF780FF1022FF21C5
:105DC000281DFCF77BFF28002022FF211430FCF760
:105DD00075FF039BAB7057E65546FAE7FEF7AAFE40
:105DE000021E00D1CCE5D37891781B020B435846B4
:105DF0000EA900F00FF9D4E565463B002A003100FA
:105E00000A9800F07FFEAC46049B039A1B78664418
:105E10000133934200DB6CE6BFE7174B29699942D7
:105E2000ADD1079AABE7FFF793FB021E00D1A7E5C0
:105E3000584613780EA900F0EDF8B2E52189FFF776
:105E4000C3F8021EF4D19BE5022A0FD0FFF782FBB4
:105E5000021EC8D194E5FFF7AFF8021E00D18FE50E
:105E6000122358460EA900F0D5F89AE5FFF7A8F8D6
:105E7000021EB8D184E5C046CD640010F8B557467F
:105E80004E46DE4645460C00E0B516001F00002ACF
:105E90003CD0702398461E4B00259B461D4B9A46CE
:105EA0001AE05B461B78200099465346997800F02B
:105EB000EBFD00281CD021004846FFF72FFA0028F0
:105EC00016D0A378DA09012A19D00A9A013513707D
:105ED0002378E418B54219DA6378052B08D1E37802
:105EE0009B079B0FBB4203D14246A3781A42D8D0EE
:105EF0000020F0BCBB46B246A946A046F8BD0B9AAE
:105F0000013513702378E418B542E5DB0120F0E792
:105F1000A4100020E8150020702270B58B780C00CA
:105F20001A4201D0002070BD064B20001D78064BA0
:105F3000997800F0A9FD0028F4D021002800FFF78F
:105F4000EDF9F0E7A4100020E81500200B007F20F9
:105F500010B51840DB0934334000044AC018044B24
:105F60001168C01800F04CFD10BDC0463C16002062
:105F7000E81500200B007F2010B51840DB093433F2
:105F80004000044AC018044B1168C01800F060FDBE
:105F900010BDC0463C160020E815002070B57F24D7
:105FA0000F480C4064000419CD096419303420797D
:105FB000C00701D5002070BD012625790948354369
:105FC00000782571FFF738FA0028F4D101222379EF
:105FD000934323712379033293432371EAE7C04645
:105FE000E8150020A410002070B5094C0600082216
:105FF00020000D00FCF768FE00238021E360A36011
:106000002B783000994300220023FFF7C7FF70BDB3
:10601000C8150020F8B5CE4647469046254E80B5B7
:106020008146082230000D001F00FCF74DFE43465C
:10603000B3600023F381EC79AB7924021C43231C69
:10604000BC4200D93B1C9FB2B381002C0DD0002F65
:1060500017D04246002A2BD0402F1BD89FB233784E
:106060007F2B1CD80021144A0FE080212B780022BE
:10607000994348460023FFF791FFC0BCB946B0469C
:10608000F8BD7F230022317899433B004846FFF753
:1060900085FFF2E740239FB233787F2BE2D9064C8D
:1060A0003A0041462000FCF70FFE80212200ECE779
:1060B0000020E2E7C81500208815002010B5142242
:1060C00000210248FCF7FAFD10BDC046C8150020AB
:1060D000014B18617047C046C815002010B5054C2B
:1060E000010008222000FCF7EFFD0023A360E3601D
:1060F00010BDC046C815002070B5384C1D0023786F
:106100000600DA09C9098A4210D00020002D00D00B
:1061100070BD21003000FFF7F3F82369002B03D096
:1061200022000321300098470120F1E77F2B06D899
:10613000A068002834D02A002949FCF7C5FDE2896F
:10614000A1685219E38892B24919E281A160934291
:1061500014D03F2D12D9A389981A051C80B240286B
:106160002AD82078ADB27F2828D800219A4232D090
:106170001B4A2B003000FFF711FFC9E72369002BF2
:1061800005D0220002213000984700280AD0802143
:1061900023780022994330000023FFF7FFFEB7E782
:1061A0000020B5E700213000FFF758F930008021CA
:1061B000FFF754F90120ABE74025D2E79A4207D018
:1061C000074C2A002000FCF77FFD80212200D0E749
:1061D00080210022CDE70022CBE7C046C815002071
:1061E0008815002070B50400FFF7BEF9002800D123
:1061F00070BDFFF7C1F90028FAD1C8236343124DDF
:10620000EE18F1780029F3D010335D19280000F062
:10621000F3FD3F28ECD90020F178FFF797FE002826
:10622000E6D0280000F0E8FDF1783F2807D9074BB9
:10623000E201D21800204023FFF7B0FED8E700208B
:10624000FFF798FED4E7C046C01400203C1400209D
:1062500010B50400FFF788F9002801D1002010BD17
:10626000FFF78AF90028F9D1C8226243024B0130B6
:106270009B181B791840F2E7C0140020C82310B502
:1062800043430248181800F099FD10BDD0140020B7
:10629000F8B5C824802344431C4F103405003C1932
:1062A0005B029A4200D31A4A200092B200F008FE24
:1062B0000600FFF759F9002801D13000F8BDFFF7BB
:1062C0005BF90028F9D1C8236B43FF18FB78002B3A
:1062D000F3D0200000F090FD3F28EED90020F9789F
:1062E000FFF734FE0028E8D0200000F085FDF978A3
:1062F0003F2807D9074BEA01D21800204023FFF7B7
:106300004DFEDAE70020FFF735FED6E7C014002087
:10631000FFFF00003C140020F8B50400FFF724F94B
:10632000002801D10020F8BDFFF726F90028F9D197
:10633000C82565432E00134F2436F619300000F0AF
:106340003DFD0028EED07F190020B978FFF7FEFD53
:106350000028E7D00C4DE4016519290040223000E7
:1063600000F0AEFDB978041E08D003002A0000201A
:10637000FFF714FE0028D5D02000D4E70020FFF757
:10638000F9FDCFE7C01400207C14002070B5C824AC
:1063900044430C4B0500E41880235B029A4200D36F
:1063A000094A200092B200F051FE0600200000F0E1
:1063B00005FD3F2801D8300070BD2800FFF7ACFF75
:1063C000F9E7C046E4140020FFFF0000C82310B521
:1063D00043430248181800F00FFD10BDE4140020DC
:1063E000F0B50025184C83B0C82200212000FCF72E
:1063F00065FC164B21001D70FF236371E1235B02D6
:10640000A360200008234022A37338310095073B86
:10641000103000F09DFC2700012321002000260001
:10642000402278310093B837243000F091FCC03618
:106430003800FAF769FD3000FAF766FDE56127627A
:106440002663656303B0F0BDC0140020BC140020B7
:106450000A4A116B136A00290CD0002B07D00023C5
:10646000D3615363136300231362012070475363A6
:106470001363FAE7002BF8D0D161F4E7C0140020D1
:1064800070B50F4C052200212000FCF717FC0D4DC4
:106490002B78DA0707D50C4C9B070CD5012120007F
:1064A00000F0B0FE70BD2000103000F08BFE2B78A5
:1064B000054C9B07F2D4200000F084FEEEE7C046B6
:1064C000C0140020BC140020E4140020F0B54B7967
:1064D000060083B0022B02D18B79022B03D000255A
:1064E000280003B0F0BD204FBB78002BF7D18B788C
:1064F00009253B700C780C196378242B07D00CE02D
:106500002378E4185D196378ADB2242B05D1954248
:10651000F6D90020FFF766FEE2E71A00052B15D03A
:10652000042AF6D163790A2BF3D1104B2778019313
:106530000133009330000223E119023AFFF79EFC79
:106540000028CCD00E35ED19ADB2E2E721003000C5
:10655000FFF7E2FC0028C2D0A3787B7023785D1996
:10656000E4186278ADB2DBE7C0140020C21400204A
:10657000F8B5602314001278050013400020202B8A
:1065800007D1304A6379277916781B023B439E4234
:1065900000D0F8BD6378222B1AD007D8202B34D036
:1065A000212BF6D101293ED00120F2E7232BF0D197
:1065B000012940D00329F7D1234B002BF4D0E178F7
:1065C000A37809020020194300E000BF0120E0E7A2
:1065D000012930D00329E7D101252E00A378E478E2
:1065E000023924021C4314712640243210007140E9
:1065F00000F008FE154B002BD6D0620800203100B9
:106600002A4000E000BF0120C3E701290BD0032985
:10661000CAD10F4B002BC7D0083200201100FEF763
:10662000ADFA0120B5E7072321002800094AFFF74A
:10663000F1FC0120ADE721002800FFF7D5FC012087
:10664000A7E7C046C01400200000000000000000C2
:106650007D4B0010C8140020F0B54F464646D64684
:10666000C0B5364D8046EA780C001F008A423CD007
:10667000AB788B4210D00020E0BCBA46B146A846A9
:10668000F0BD2F4B002B04D02E4800F0ADFB0028AE
:1066900051D00020FFF7A6FDAB78A34201D0012026
:1066A000EAE7294B002B02D0002000E000BF0020C9
:1066B000FFF732FE0028F2D1244C200000F07EFBD0
:1066C0000028ECD1002FEAD0BF06E8D1243C404698
:1066D000A178FFF73BFC0028E1D0002300224046D0
:1066E000A178FFF75BFC0120C6E79AB210239A4617
:1066F000174EAA443100504600F0A8FC154B002B61
:10670000BFD06B79FF2BBCD0002FBAD0F2199146C5
:1067100003E001364E45B4D06B7932789A42F8D115
:10672000504600F061FB0028F3D15346103B5979E5
:1067300000E000BFEDE700E000BFAAE7C0140020C2
:1067400000000000D014002000000000E41400202D
:106750003C140020000000009322F0B5134C85B0DB
:10676000002120009200FCF7A9FA230020008026D7
:1067700040270F4D4D337600FF33293002950093AB
:1067800000220023002103970196FF3000F0D4F986
:106790004035201D28340023012200210397029553
:1067A0000196009400F0C8F905B0F0BD84170020F0
:1067B0000417002010B5054C200000F0F3F920006C
:1067C0002538FF3800F0EEF9012010BDAC1800208C
:1067D00070B5084C002520003130FF30257000F0E6
:1067E000F1FC20000C3000F0EDFC2A23FF33E554CF
:1067F000657170BD84170020F8B557464546DE46E2
:106800004E46E0B54B7980460F00FF2B5BD1404BE5
:1068100099462A234946FF33CB5C002B53D14E794E
:10682000002E50D1BB783C780B703B793C19002B83
:1068300046D098235B004B449A460C234B449B461E
:10684000A51803E0AC423BD22378E4186378052B0B
:10685000F8D1AC4234D221004046FFF75DFB00285E
:1068600031D0A3780136F6B2DB09012B32D0504685
:1068700000F0A8FC2A234946A278FF33CA54637962
:1068800022791B021343234A5B0594465B0D942136
:1068900063445A4253414A4602204900525C5B001D
:1068A000824313434A46535451464046083900F048
:1068B000E3F9002807D02378E4183B79B342C5D820
:1068C000E01B80B200E00020F0BCBB46B246A94607
:1068D000A046F8BD584600F075FC5A46A3780C3A1D
:1068E0005371637921791B020B430A495B058C467E
:1068F0005B0D634459424B41022011795B00814397
:106900000B43594600200839137100F081F9D2E792
:106910008417002000FEFFFFF8B52A2506001F4857
:10692000FF35455D1F008D4215D043798B4201D064
:106930000020F8BD1A4B002B04D039040020090CAC
:1069400000E000BF174C3000210000F061F9002882
:106950001DD00120EDE79A235B00C35A002B0DD117
:10696000114B002B04D000201049BAB200E000BF48
:1069700030000F4900F080F90120DAE796235B0030
:10698000C1583130BAB2FF3000F060FBE8E73A009E
:106990002100300000F008F90120CAE78417002028
:1069A00000000000881700200000000004170020ED
:1069B000AC18002000B5030083B0002910D00020DF
:1069C000012B07D80A78002A04D00C48C2540120B1
:1069D000012A01D003B000BD1800FEF7D5FDF9E78C
:1069E00001236A46002001A99380FEF7CDFD00280F
:1069F000F0D00122014B1A70ECE7C046DC150020F4
:106A0000037870B5DB0704000E00DD0F002B17D1F3
:106A100003785B0701D5280070BD01213000494291
:106A200000F076FC2378DB07DD0F002B0AD12378FA
:106A30005B0708D40422237801251343237002E066
:106A40000025E8E70025300000F042FCE3E7C046FF
:106A500070B50C00012106004942200000F058FCEE
:106A600033785B07DD0F002B04DB200000F030FCE7
:106A7000280070BD3378DB0704D4042233789343B5
:106A80003370F2E70025F0E7437902791B021343E4
:106A9000C2785B0592075B0D920F022A1DD0032A74
:106AA0000CD00020012A08D102394A425141124A31
:106AB0009446614499424041C0B2704702394A1E2F
:106AC00091410E4A494211408022D2009446002052
:106AD000614499424041C0B2EFE7022905D000204D
:106AE00040229A424041C0B2E7E7054A9818434223
:106AF0005841C0B2E1E7C046FF03000040FCFFFF81
:106B000000FEFFFF8A1870B5914207D27F264C78AD
:106B1000052C04D00C7809198A42F8D870BD3400CD
:106B20008D782C4064000419ED0963550C7809191F
:106B30008A42ECD8F2E7C046F0B5C64600B582B04E
:106B4000150008AA40CA040017886A46928D0120E1
:106B500090460A00217802408143200011432170B1
:106B60003A00009331000123083000F0F1F8002EC4
:106B700001D0002F08D10A9B012063604346638047
:106B800002B080BCB846F0BD26001C363000FAF7D3
:106B9000BBF90023002D01D0330000266361A661FC
:106BA000E9E7C04601207047F8B502240B780700DA
:106BB0001C4063425C41144B64421C40134B080070
:106BC0009C4608300D001600644400F0F7F80028D9
:106BD00007D1002E05D0344203D101242B781C426A
:106BE00001D00020F8BD38006978FFF7AFF9002820
:106BF000F7D02B781C42F4D10023002238006978AA
:106C0000FFF7CCF9EEE7C04640FEFFFFFF010000B2
:106C1000F8B50D000835060028000C0000F0CEF88D
:106C2000002803D0012723781F4201D00020F8BD9F
:106C300030006178FFF78AF90028F7D028006288D1
:106C4000616800F03DF9237805001F4000280BD053
:106C5000002FEBD10300626830006178FFF79EF9E6
:106C60000028E3D02800E2E7002FDFD13000617870
:106C7000FFF780F9DAE7C046F8B5CE46474680B55B
:106C80008A8906000C000B78002A07D101251D42D5
:106C900040D00020C0BCB946B046F8BD9B0733D4F5
:106CA0002A4B4025994627000837380000F0A4F801
:106CB0008542EED80122237890461A42E9D130006D
:106CC0006178FFF743F90028E3D0380000F094F82A
:106CD000424623781A40854231D8002AD9D14A4603
:106CE000638802401D1C934200D9151CADB20022DE
:106CF0006178002D00D062682B003000FFF74EF95C
:106D00000028C6D02800C5E7FE2380251B0299462F
:106D1000AD00C8E74978FFF719F90028B9D0237802
:106D20001D42B6D1638800226178002B00D06268D2
:106D30003000FFF733F90028ABD06088AAE7002ABB
:106D4000A7D130006178FFF715F9A2E7C0FF000076
:106D5000F0B5C64600B504006846057E802088462A
:106D600017001E000002824226D8E068002803D0E7
:106D70000121494200F0CCFA2069002803D001210A
:106D8000494200F0C5FA4346236073045B0CED03EF
:106D90001D430023E0686381A780E58023810028EC
:106DA00001D000F095FA2069002801D000F090FA97
:106DB000012080BCB846F0BD0020FAE710B5048978
:106DC00041898288A3B288B28C4207D31B1A9BB236
:106DD000101C9A4200D9181C80B210BD5100091A2B
:106DE0005B189BB2F4E7C04603894089181A4342F6
:106DF0005841C0B27047C04610B5048941898288A5
:106E0000A3B288B28C4207D31B1A9BB200209A42CD
:106E100001D9D21A90B210BD5100091A5B189BB269
:106E2000F4E7C04670B5040000690E00002803D0E6
:106E30000121494200F06CFA25896089A288A9B233
:106E400083B2854232D3CD1AADB2002D28D0AA42EA
:106E500008D291422FD3891A8BB263819A4203D808
:106E60009B1A9BB29A42FBD9E28821685204520CC9
:106E700053433000C918FBF727FF63890125591CCC
:106E800089B2A2888B420DD900215200891A89B299
:106E900020696181002801D000F01AFA280070BD35
:106EA000618989B252009142F2DBEFE75500ED1A99
:106EB0004D19ADB2C9E789188BB26381CEE7C046E0
:106EC000F0B546464F46D646C0B50600006989462D
:106ED0009046002803D00121494200F019FA318977
:106EE0007289B5888BB294B2914254D31F1BBFB242
:106EF000002F4AD0BD4205D2AB4251D25B199CB2A1
:106F00002F0074814346B8453DD89FB2A54203D8AF
:106F1000641BA4B2A542FBD9F28831685204520C1A
:106F2000904662432B1B9BB2891842469F4225D94B
:106F300053439BB21A0048469A46FBF7C5FE4346A8
:106F400048467D1B64195C4331685044A2B2FBF78C
:106F5000BBFE7189B588CB199BB26A00994216D9DC
:106F60009B1A9BB230697381002801D000F0B0F900
:106F70003800E0BCBA46B146A846F0BD48467A4360
:106F8000FBF7A2FEE5E73B1CBFE773899BB26A00F3
:106F90009342E7DBE4E76F003F1BDF19BFB2A7E7CF
:106FA0005B1B9CB2ACE7C046F8B50400C0680E009D
:106FB000002803D00121494200F0AAF9258920893F
:106FC0006189A288ADB283B28FB2884229D3DB1B1C
:106FD0009BB29A4209D8E779FF0906D1E0680028F8
:106FE00001D000F075F93800F8BD2B0095421DD393
:106FF0009B1A9BB29342FBD2E28820685204520C47
:1070000053433100C018FBF75FFE6B1C9BB2A28894
:107010009D4217D9002352009B1A9BB2012723815E
:10702000DCE75100C91B5B189BB2D2E7E2882068FD
:107030005204520C53433100C018FBF745FE013592
:10704000A288ABB252009342E8DBE5E7F0B54E46CA
:107050005746DE464546E0B589460600170083B030
:10706000002A67D0C068002803D00121494200F0FF
:107070004FF93389F2799BB298467389B5889BB2F0
:10708000D20940D198455ED26A00D31A43449BB2DC
:10709000AB425DD2EB1A1A1C9BB2BB4200D93A1C20
:1070A00097B27B1B9BB20193F3885B045B0C9A46FF
:1070B0004346DB199BB29B464446A84503D3641B59
:1070C000A4B2AC42FBD25346634330682D1BADB231
:1070D000C018BD424BD3524649467A43FBF7F4FDF4
:1070E000B3885B00D84501D89B4503DB5A46D31AC9
:1070F0009BB29B465B463D003381F06800281AD066
:1071000000F0E6F817E0F2885204520C9246AF42C3
:1071100020D298454DD34246D21A92B26900781BCC
:1071200080B2D21901908A4233DA4346FB189BB2EF
:107130009B46C1E70025280003B0F0BCBB46B24621
:10714000A946A046F0BD4246D31A9BB2AB42A1D39A
:107150000025D2E7002DD0D07F1B574398465A19FF
:10716000002392B2B94493462F000193A4E75346FB
:107170005D43ADB22A004946FBF7A6FD019B2900FD
:10718000E21853465A43306892B24944FBF79CFDDB
:10719000A6E75A1992B29346D21B92B290469342F6
:1071A0000CD94346591A8BB29846FB189BB29B46A2
:1071B00082E76900CA1A424492B2B0E7914200DD08
:1071C0007AE7EEE710B50400C068002803D001217B
:1071D000494200F09DF82069002803D0012149426E
:1071E00000F096F80023E06863812381002801D035
:1071F00000F06EF82069002801D000F069F8012045
:1072000010BDC04670B50400C0680D00002803D052
:107210000121494200F07CF82069002803D00121B7
:10722000494200F075F87F21E379ED011940E068EB
:107230002943E171002801D000F04AF820690028B4
:1072400001D000F045F8012070BDC04610B583079D
:107250000AD00300032102E001330B4205D01A7863
:10726000002AF9D1181A10BD030019680C4A0D4CF8
:107270008A188A4322420FD15968094A04338A186E
:107280008A43224208D15968054A04338A188A433E
:107290002242F1D000E001331A78002AFBD1E1E765
:1072A000FFFEFEFE80808080F8B5C0460000000032
:1072B00001B40248844601BC604700BF3D04002081
:1072C00001B40248844601BC604700BF01030020AE
:1072D00001B40248844601BC604700BF250200207B
:1072E00001B40248844601BC604700BF5D0F002026
:1072F00001B40248844601BC604700BF5D0F002016
:1073000001B40248844601BC604700BFC1000020B0
:1073100001B40248844601BC604700BF99010020C7
:1073200001B40248844601BC604700BF010100204F
:1073300001B40248844601BC604700BF410C0020F4
:1073400001B40248844601BC604700BFD10C002054
:1073500001B40248844601BC604700BF810C002094
:1073600001B40248844601BC604700BF190C0020EC
:10737000491C0010751C0010591E0010AD2C001087
:10738000FD240010ED2B0010811D0010911C001039
:10739000B11C0010C51C0010B90E0010CD1C00104F
:1073A00085120010111C0010ED0A00104150001051
:0473B000B102001016
:1073B8004F4E0000000000004F4646000A3D3D3D8C
:1073C8002043686F6B6520736572766F20737765ED
:1073D800657020776974682072656C617920706FB8
:1073E800776572204F4E203D3D3D000052656C612F
:1073F800792070696E3A204750494F2025750A0058
:1074080043686F6B6520736572766F2070696E3A9A
:10741800204750494F2025750A0000004F70656EBF
:107428002070756C73653A202575207573207C2053
:10743800436C6F7365642070756C73653A202575AD
:107448002075730A0000000052656C6179204F4E68
:107458002E2057616974696E67202575206D732029
:10746800666F7220736572766F20706F7765722011
:10747800737570706C792E2E2E0A00005365727623
:107488006F20696E697469616C697A65642E20532E
:1074980074617274696E672073776565702E000079
:1074A8000A436F6D6D616E64733A0000202073208B
:1074B8002073746172742F73746F70206175746FA8
:1074C8006D617469632073776565700020206F2093
:1074D80020666F7263652063686F6B65206F7065E7
:1074E8006E202020282575207573290A00000000C9
:1074F8002020632020666F7263652063686F6B6568
:1075080020636C6F73656420282575207573290ABC
:107518000000000020202B2020696E6372656173D3
:10752800652070756C7365206279202575207573E8
:107538000A00000020202D202064656372656173B5
:10754800652070756C7365206279202575207573C8
:107558000A000000202072202072656C6179204F9B
:107568004E20616761696E00202068202070726972
:107578006E7420746869732068656C700A00000076
:10758800743D256C75206D73207C2072656C617963
:107598003D4F4E207C2073776565703D2564207CC7
:1075A8002063686F6B653D2575207573207C2063AB
:1075B8006C6F7365643D252E3166202525207C205F
:1075C8006F70656E3D252E31662025250A00000066
:1075D800436F6D6D616E643A207377656570202521
:1075E800730A0000436F6D6D616E643A2063686FC3
:1075F8006B65204F50454E00436F6D6D616E643A68
:107608002063686F6B6520434C4F5345440000006E
:10761800436F6D6D616E643A206D616E75616C20AB
:107628002B000000436F6D6D616E643A206D616ED2
:1076380075616C202D000000436F6D6D616E643ABA
:107648002072656C6179204F4E0000000A2A2A2AB0
:107658002050414E4943202A2A2A0A004E6F20739F
:1076680070696E6C6F636B732061726520617661FF
:10767800696C61626C6500004E6F207573657220DD
:10768800495251732061726520617661696C61624B
:107698006C650000486172647761726520616C6195
:1076A800726D20256420616C726561647920636C59
:1076B80061696D65640000004861726420617373DC
:1076C8006572740052656C6561736500626F6F74F2
:1076D800325F77323571303830000000302E31009B
:1076E800322E322E300000007069636F00000000F7
:1076F800496E74656772617465644D6F746F724327
:107708006F6E74726F6C6C65725F636F6465000096
:10771800417072203330203230323600666E692B69
:1077280000000000666E69006E616E00666E692D6D
:107738000000000055534220737464696E202F20A6
:107748007374646F7574000052617370626572724D
:1077580079205069000000005069636F0000000044
:10776800426F6172642043444300000052657365B0
:1077780074000000556E68616E646C65642049523F
:107788005120307825780A0065702025303258203D
:1077980077617320616C72656164792061766169D3
:1077A8006C61626C6500000043616E277420636F32
:1077B8006E74696E75652078666572206F6E2069D3
:1077C8006E616374697665206570202530325800D3
:1077D800C60500104E0500104E0500104E0500109D
:1077E8004E050010FE0500104E0500104E05001055
:1077F8004E0500104E0500104E0500104E050010F5
:107808008E0500104E0500104E050010DC04001017
:107818007805001006005250D3F07542CC7600105F
:1078280006005250E182887FD4760010060052503C
:107838003ABCA911E476001006005250ABB360536D
:10784800E876001006005250BBFF3CB6F0760010F8
:1078580006005250861C0302F876001006005250AB
:107868005422A29D1877001005005250DE65F46876
:10787800E08C00106C3A00101C3A00101C3A001002
:10788800643A00101C3A00101C3A00101C3A001010
:107898001C3A00101C3A00101C3A00101C3A001048
:1078A8005C3A00101C3A0010543A00101C3A0010C0
:1078B8001C3A00104C3A00108C3C0010823A001020
:1078C8007C3C0010823A0010663C0010823A00109E
:1078D800823A0010823A0010823A0010823A001070
:1078E800823A0010823A0010743A0010823A00106E
:1078F800823A0010823A0010823A0010823A001050
:10790800743A00102A3D0010D6390010D6390010FC
:10791800D6390010D6390010D6390010D6390010E3
:10792800D6390010D6390010D6390010D6390010D3
:10793800D6390010D6390010D6390010D6390010C3
:10794800D6390010D6390010D6390010D6390010B3
:10795800D6390010D6390010D6390010D6390010A3
:10796800D6390010D6390010D6390010D639001093
:10797800D6390010D6390010D6390010D639001083
:10798800D6390010A03C0010F83C0010A03C0010B4
:10799800D6390010D6390010D6390010D639001063
:1079A800D6390010D6390010D6390010D639001053
:1079B800D6390010D6390010D6390010D639001043
:1079C800D6390010D6390010D6390010D639001033
:1079D8003A3F0010D6390010D6390010D6390010B9
:1079E800D6390010D6390010D6390010D639001013
:1079F800D6390010D63900103A3F00103C3D00102F
:107A08003A3F0010A03C0010F83C0010A03C0010C9
:107A1800000000000000F03F0000000000002440CB
:107A280000000000000059400000000000408F40A6
:107A3800000000000088C34000000000006AF84011
:107A48000000000080842E4100000000D012634135
:107A58000000000084D797410000000065CDCD41AB
:107A68000D0A000000000000A54A001000000000F8
:107A7800A94A0010B54A0010E14A0010DD4A00107A
:107A8800000000000A00000000000306A60008002D
:107A9800020002009C001400030057494E5553424F
:107AA8000000000000000000000080000400010049
:107AB80028004400650076006900630065004900FD
:107AC8006E00740065007200660061006300650066
:107AD800470055004900440000004E007B0062004A
:107AE80063003700330039003800630031002D008F
:107AF80037003300630064002D0034006300620027
:107B080037002D0039003800620038002D00390098
:107B180031003300610038006600630061003700FF
:107B28006200660036007D0000000000050F21009D
:107B3800011C100500DF60DDD88945C74C9CD26563
:107B48009D9E648A9F00000306A6000100000000B5
:107B58000600525053B4F4A13C7700100000000016
:107B68005077001060770010981F00206877001089
:107B78007477001009025400030100807D080B008F
:107B880002020200000904000001020200040524A8
:107B98000020010524010001042402060524060032
:107BA800010705810308001009040100020A00000A
:107BB8000007050202400000070582024000000994
:107BC80004020000FF00010512011002EF0201404B
:107BD8008A2E0A000001010203010000A8560010C5
:107BE8001058001060580010E8570010FA5700109D
:107BF800D857001048570010F4560010E8560010E7
:107C0800CA5B0010B05B001080590010EA5B0010DE
:107C180080590010985B0010845B00108059001098
:107C2800705B0010765A001080590010565E0010E4
:107C3800485E00103C5E001080590010805900100A
:107C4800265E0010485E0010805900108059001010
:107C58008059001080590010805900108059001078
:107C680080590010DC5D00109E0D00209E0D002044
:107C7800E80D0020080E00204C0E00205E0E0020AB
:107C8800940D002000000000E16300105164001012
:107C980081640010CD6400107165001059660010F1
:107CA800000000000000000059670010B5670010D0
:107CB800D1670010F96700103D4B001019690010DA
:047CC80000000000B8
:107CCC001C780010287800103478001040780010D0
:107CDC004C78001058780010647800107078001000
:047CEC00587B0010B1
:107CF00003000068EFF3108C72B60268002AFCD013
:107D0000BFF35F8F04229A56002A0BDB002900D0B4
:107D10000A6000201B68BFF35F8F00221A608CF39B
:107D200010887047D0221206126801201A71F1E7FC
:107D3000F0B5C646150000B504001E000268EFF35A
:107D4000108172B61368002BFCD0BFF35F8F042341
:107D5000E3562268002B2BDBBFF35F8F00201060FF
:107D600081F31088D02212061278002752B2904672
:107D70009A420ED1002080BCB846F0BDBFF35F8FA1
:107D8000176081F310882800310000F031FF0028CF
:107D9000F0D12268EFF3108172B61368002BFCD08B
:107DA000BFF35F8F237922687F2BE7D9434602E038
:107DB000D0231B061B682371BFF35F8F0023136062
:107DC00081F310880120D6E7F0B5C64600B50D0056
:107DD000040000F015FFFA2206000F00002328001F
:107DE0000021920000F0F4FE36184F41002F02DA15
:107DF0000126174F7642D0231B061B6800259846A4
:107E00000AE0BFF35F8F156081F3108830003900FE
:107E100000F0EEFE002818D12268EFF3108172B650
:107E20001368002BFCD0BFF35F8F237922687F2B70
:107E3000E7D943462371BFF35F8F0023136081F3BB
:107E40001088012080BCB846F0BD0020FAE7C0468B
:107E5000FFFFFF7F0268EFF3108172B61368002BFB
:107E6000FCD0BFF35F8FFF2303710368BFF35F8F05
:107E700000221A6081F3108840BF704710B5084C8B
:107E80002378002B0AD18023064807495B051A682E
:107E9000C25004338B42FAD10123237010BDC04677
:107EA000AC1F0020D01900100001001010B5014BCC
:107EB000984710BDD1190020064B5A6802609A6895
:107EC0004260DA6882601A69C2605A6902619B691D
:107ED00043617047000002400268064B5A604268E6
:107EE0009A608268DA60C2681A6102695A614269FE
:107EF0009A61704700000240034B1A68C0239B0040
:107F00009343024A136070470C8001400C9001407B
:107F1000054B1A6880239B005340C02292001340F7
:107F2000024A13607047C0460C8001400C9001402B
:107F30000023F0B5DE4657464E4645469A46E0B524
:107F400089B001900E00988A45491B8B1400984710
:107F5000534681464349988A1B8B9847534642496A
:107F60000500988A1B8B98478046FFF787FF02A879
:107F7000FFF7A2FFC847A847FFF7CAFF251E22D078
:107F80000823C0219C460220490562468B6A1A409C
:107F900018423FD0631B002D2FD1002A11D1002C95
:107FA00011D0C0235B059B4602239A4606339946AF
:107FB0005B464A4657469B6A1A401F4242D0002AF7
:107FC000F6D0002C30D1FFF797FFC047FFF76EFFC8
:107FD00002A8FFF781FF09B0F0BCBB46B246A94634
:107FE000A046F0BD002C2FD1C0225205926A9146C6
:107FF00008224F463A40BF072DD50D2B1BD9002A2A
:10800000F0D1C0225205926A914608224F463A406A
:10801000BF07F2D4002A04D12B002343002BB4D194
:10802000D1E72B00002CF9D00B6E013C33702300FC
:1080300001362B43F2E7019F013D3B7801370B6688
:108040000197E7E70025E5E7C0235B051B6E013CD0
:108050003370013699E72B00002ADFD1DCE7C046F8
:108060004946000045580000464300000022154BD9
:1080700010B59A60DA601A615A619A61DA611A621F
:108080005A629A62DA621A635A639A63DA631A640A
:108090005A649A64DA641A655A659A65DA651A66EA
:1080A0005A669A66DA661A675A679A67DA67F0322A
:1080B00092000021044800F07BFD044B044A1A6042
:1080C00010BDC046000010507C1B0020441F002043
:1080D00080011050F0B54E464546DE465746E0B5A5
:1080E000214B00249E6D012585B0002E22D01F4B10
:1080F0009A46012399461E4B984601E0202C19D040
:108100002A00230001342F003240E4B26D00002A1F
:10811000F4D0524697654A465B085B0022409B18A4
:108120005B01434418009B4600F01EFC002808D168
:10813000BE43E3D105B0F0BCBB46B246A946A0465B
:10814000F0BD5B46E0219A78DB8A01A883600023BA
:10815000C900018001210271437100F025FC5846DD
:1081600000F0A0FBE4E7C0460000115000301150C1
:108170003C1B00209823F0B5C646C84A00B5D55828
:1081800080232E009B02102484B01E401D4274D018
:10819000C34BC44C9A6AC44B00261A603B23E35C71
:1081A000022B00D14FE17B23E35C022B00D1F3E0F3
:1081B000BB23E35C022B00D1FAE0FB23E35C022B40
:1081C00000D101E13C23FF33E35C022B00D12DE120
:1081D0007C23FF33E35C022B00D10EE1BC23FF3391
:1081E000E35C022B00D13FE1FC23FF33E35C022B75
:1081F00000D1F5E0AD4BE35C022B00D174E1AC4B58
:10820000E35C022B00D105E1AA4BE35C022B00D119
:1082100075E1A94BE35C022B00D132E1A74BE35C93
:10822000022B00D1A0E1A64BE35C022B00D171E14F
:10823000A44BE35C022B00D1A1E1A34BE35C022B36
:1082400000D17FE1002E08D1A04B1B78002B04D178
:1082500080219F4A90338902D150C02269468F4BBA
:1082600092009B6C80265B058A805B0D012101A832
:10827000029300F099FB974CB602EB0600D57FE025
:1082800080235B021D4231D01E4301230224984605
:10829000844FBB7E002B14D000F092FC012800D943
:1082A00072E0C02200213800920100F001FB38008A
:1082B00000F0F8FA00F084FC012802D9844B5C66D7
:1082C0001C664346FB702037012C22D1C0236A462E
:1082D000DB009380804A02AB03CA03C3012101A8DB
:1082E00000F062FB80227A4B92021A6580235B01C8
:1082F0001D4210D18023DB011D4223D180231B02AC
:108300001D422FD1AE4200D0C0E104B080BCB846BF
:10831000F0BD0124BDE700241E43604B1C60FFF745
:10832000A5FE80236A465B0093801472012101A898
:1083300000F03AFB8022664B12031A658023DB01B2
:108340001D42DBD01E4380236A46DB00938001215F
:1083500001A800F029FB10225D4B1A6580231B0247
:108360001D42CFD01E43A0236A46DB00938001212B
:1083700001A800F019FB8022554B12011A65C1E7D4
:10838000FFF7A8FE26007BE7544B444A1C66536E59
:108390002340A342FBD184E77833E75C002F00D170
:1083A00006E70233E25C002A00D00DE13E00FFE662
:1083B000B833E75C002F00D1FFE60233E25C002A0D
:1083C00000D0F9E03E00F8E6F833E75C002F00D17A
:1083D000F8E60233E25C002A00D041E13E00F1E61B
:1083E000F933FF33E75C002F00D103E70233E25C8F
:1083F000002A00D02BE13E00FCE67933FF33E75C36
:10840000002F00D1EAE60233E25C002A00D015E139
:108410003E00E3E6324BE75C002F00D1F4E6023386
:10842000E25C002A00D001E13E00EDE63933FF3383
:10843000E75C002F00D1CBE60233E25C002A00D0DB
:10844000EBE03E00C4E63833E65C002E00D1AAE63D
:108450000233E25C002A00D1A5E620000022203091
:10846000E25400F04DFA9EE6B933FF33E75C002F8B
:1084700000D1B9E60233E25C002A00D0C4E03E003D
:10848000B2E6184BE75C002F00D1C7E60233E25C8E
:10849000002A00D0B0E03E00C0E6C0460000115007
:1084A000004005403C1B0020341B00203B02000024
:1084B0007B020000BB020000FB0200003B03000047
:1084C0007B030000BB030000FB030000AA1F002089
:1084D0000030115010000200000010500020115018
:1084E0007A020000FA0200006B4BE75C002F00D11B
:1084F00085E60233E25C002A76D13E007FE6674BD8
:10850000E75C002F00D184E60233E25C002A63D1ED
:108510003E007EE6624BE75C002F00D188E6023326
:10852000E25C002A00D0A3E05E4BE35C022B30D17A
:108530005D4BE35C002B27D15C4BE35C022B00D04E
:108540008BE63E005A4BE35C002B00D17AE6FF231A
:108550009B00E25C002A00D17FE60022E2541C3B33
:10856000E01800F0CDF978E6524BE75C002F00D11F
:1085700059E60233E25C002A16D13E0053E64A4B2C
:10858000E35C002B00D158E6EF239B00E25C002A5D
:1085900075D1464BE35C022B00D05EE6444BE35CB6
:1085A000002B00D159E6D2E70022E2541C3BE01830
:1085B00000F0A6F93E0036E620000022A030E2548A
:1085C0003E0000F09DF9F8E5200000226030E25402
:1085D0003E0000F095F9EBE50022E2541C3BE01868
:1085E00000F08EF93E0014E60022E2541C3BE01835
:1085F00000F086F93E0002E60022E2541C3BE0183F
:1086000000F07EF93E0009E620000022A130FF3094
:10861000E2543E0000F074F9E6E52000002221302B
:10862000FF30E2543E0000F06BF9D1E50022E25445
:108630001C3BE01800F064F93E00E5E52000002254
:108640006130FF30E2543E0000F05AF9C6E52000E8
:108650000022E130FF30E2543E0000F051F9C9E55C
:1086600020000022E030E2543E0000F049F9A9E584
:108670000022E2541C3BE01800F042F954E70022CB
:10868000E2541C3BE01800F03BF982E731000A4855
:10869000694000F07DFAC0463A020000BA020000CC
:1086A0007A030000BB030000BA030000FB030000D4
:1086B000FA0300003A0300007C770010F0B5C646CC
:1086C00000B50200838A008B8C46011C984200D9B9
:1086D000191CD47880252000461EB04189B2ED00D7
:1086E0000D434003284301256C405B1AD470547835
:1086F0009BB29382002C31D16446D568A4014E1EF2
:108700002D19B0461469002923D0062E32D92B002A
:1087100023439B072ED1631CEB1A022B2AD900237B
:108720008F08BF00E658EE5004339F42FAD143460B
:10873000ED19DB1BE419B94209D026782E70002B05
:1087400005D066786E70012B01D0A378AB701469E8
:10875000938A64181461802212021043002B02D104
:108760008023DB0118436346002B00D0000480BC4B
:10877000B846F0BD0023E65CEE5401339942FAD1CD
:10878000E5E7C0468368F0B51A680400002900D008
:10879000120C63789205900D002B08D1E38AC31860
:1087A000E382238B834201D90023A382F0BDE368D7
:1087B000890125695E18471E002822D0062F26D978
:1087C00001315B18EB1A022B21D92B0033439B0795
:1087D0001DD10023120E9200F158E95004339A4241
:1087E000FAD1BF1AAD18B618904209D032782A7063
:1087F000002F05D072786A70012F01D0B278AA706C
:108800002569E38A2D18C318E3822561C9E7002290
:10881000B35CAB5401329042FAD12569F1E7C0460E
:1088200010B50400836800211B68FFF7ABFF636885
:108830001B685B0002D5238B834200D010BD012151
:108840002000FFF79FFFF9E7084A0300126C0020A1
:10885000920703D49A78D209012A00D07047D87EB3
:10886000023843425841C0B2F8E7C04600001150F8
:1088700010B5FFF7E9FF00280CD00749074B8C46DD
:10888000074A9B6A126863449B1A0020C6229A42D8
:108890004041C0B210BDC046E0FCFFFF00400540B3
:1088A000341B002000238376436103617047C04678
:1088B00010B58368002901D01C682140002A12D01D
:1088C0008024E400114322420DD01A6822420CD1C8
:1088D000084A0A401A60084A126C920703D40C2313
:1088E000033BFDD28368196010BD8178034800F016
:1088F0004FF9C046FFFBFFFF0000115090770010BA
:10890000436870B50021802504001E68FFF7D6FE7D
:10891000124B6D011A6C0543A37892070ED55B06C6
:108920000ED00F4B1E4080239B053343626800210D
:10893000136020002A00FFF7BBFF70BDDB09F0D0F9
:10894000A38A002BEDD001212000FFF7B7FEA02362
:10895000044ADB05324005431343E7E700001150AA
:10896000FFFFFFAFFFFFFFDF70B5857E0400002D26
:1089700014D0FFF755FFA38A002B01D1280070BD4A
:108980002000FFF775FF002803D00123002523777F
:10899000F4E72000FFF7B4FF0025EFE781780148F6
:1089A00000F0F6F8B0770010F0B5CE46474680B537
:1089B000437805000E0085B0062B08D86C4A9B0052
:1089C000D3589F466B4A13780133DBB213706A4B5E
:1089D0001C686269EFF3108172B61368002BFCD03B
:1089E000BFF35F8FA1612000290000F0F9F86269F0
:1089F000A369BFF35F8F0021116083F31088002803
:108A000004D105B0C0BCB946B046F0BD32006978AB
:108A1000287800F0C5F8F4E70121584B1A788A430A
:108A20001A701A7801318A431A7000225A701A7823
:108A300002318A431A70CAE75149524F8946524956
:108A40000024002388463A7812E043461B686101FF
:108A50005B18002B06D0DB69002B03D069682878EF
:108A600098473A780134E4B2511C2300A14217DB45
:108A7000A242EAD89B1A5B014B44ECE73F4B1A78C1
:108A8000D207BED504211A780A431A709FE73B4BE0
:108A90001A78D207B5D504211A788A431A7096E756
:108AA000364F3B785B072BD504223B78002193435C
:108AB0003B706B460632981D00F07AF82B7801ACBB
:108AC0002370052363702C4B1B6898465A69EFF39B
:108AD000108172B61368002BFCD0BFF35F8F434642
:108AE00040469961210000F07BF843465A699B6932
:108AF000BFF35F8F0021116083F31088002831D10C
:108B0000FB78DB0700D47CE76B460A220021981D26
:108B100000F04EF82B7801AC2370032363706B6870
:108B20006360154B1D686A69EFF3108172B61368B4
:108B3000002BFCD0BFF35F8FA9612800210000F05B
:108B40004FF86A69AB69BFF35F8F0021116083F34F
:108B50001088002800D154E732006178207800F0B6
:108B60001FF84EE732006178207800F019F8C7E767
:108B7000707C0010AB1F002040160020E81500207C
:108B80008C7C0010A91F0020381400207047C046BC
:108B900001B40248844601BC604700BF9909001037
:108BA00001B40248844601BC604700BF495500102B
:108BB00001B40248844601BC604700BFBD2C0010D0
:108BC00001B40248844601BC604700BF8D09001013
:108BD00001B40248844601BC604700BF012B00106D
:108BE00001B40248844601BC604700BFA96F001071
:108BF00001B40248844601BC604700BF5D16001006
:108C000001B40248844601BC604700BF8D170010C4
:108C1000010000000100E803100000000000000057
:108C20000000010000000000000000000000020041
:108C30000000000000000000000003000000000031
:108C4000000000000000FF000000000001B54868BF
:108C500001318E460047704609380149884701BDF9
:108C6000C90D00100000000000000000000000001E
:108C70000000000000000000B01000200000000014
:108C8000503300004C3300005433000052330000D6
:108C90004D5300004D4300005334000043340000A6
:108CA000094D0010BD4C0010314C0010A94B0010B4
:108CB00000000000000100004416002010000C001D
:108CC00000000000000000000000000000000000A4
:108CD00000000000FF000000000000000000000095
:04000005100001E9FD
:00000001FF
