
/home/aleks/Documents/GO_DARPA/Test_CODE_receive/build/IntegratedMotorController_code.elf:     file format elf32-littlearm

Sections:
Idx Name          Size      VMA       LMA       File off  Algn
  0 .boot2        00000100  10000000  10000000  00001000  2**0
                  CONTENTS, ALLOC, LOAD, READONLY, CODE
  1 .text         000072b4  10000100  10000100  00001100  2**3
                  CONTENTS, ALLOC, LOAD, READONLY, CODE
  2 .rodata       00000914  100073b8  100073b8  000083b8  2**3
                  CONTENTS, ALLOC, LOAD, READONLY, DATA
  3 .binary_info  00000024  10007ccc  10007ccc  00008ccc  2**2
                  CONTENTS, ALLOC, LOAD, READONLY, DATA
  4 .ram_vector_table 000000c0  20000000  20000000  0000b000  2**2
                  ALLOC
  5 .uninitialized_data 00000000  200000c0  200000c0  0000a0b0  2**0
                  CONTENTS
  6 .data         00000ff0  200000c0  10007cf0  000090c0  2**4
                  CONTENTS, ALLOC, LOAD, READONLY, CODE
  7 .tdata        00000000  200010b0  200010b0  0000a0b0  2**0
                  CONTENTS, ALLOC, LOAD, DATA, THREAD_LOCAL
  8 .tbss         00000000  200010b0  200010b0  00000000  2**0
                  ALLOC, THREAD_LOCAL
  9 .bss          00000f04  200010b0  10008ce0  0000a0b0  2**3
                  ALLOC
 10 .heap         00000800  20001fb4  10008ce0  0000afb4  2**2
                  ALLOC, READONLY
 11 .scratch_x    00000000  20040000  20040000  0000a0b0  2**0
                  CONTENTS
 12 .scratch_y    00000000  20041000  20041000  0000a0b0  2**0
                  CONTENTS
 13 .stack_dummy  00000800  20041000  20041000  0000b000  2**5
                  ALLOC, READONLY
 14 .ARM.attributes 00000028  00000000  00000000  0000a0b0  2**0
                  CONTENTS, READONLY
 15 .comment      00000045  00000000  00000000  0000a0d8  2**0
                  CONTENTS, READONLY
 16 .debug_info   00032426  00000000  00000000  0000a11d  2**0
                  CONTENTS, READONLY, DEBUGGING, OCTETS
 17 .debug_abbrev 00008a42  00000000  00000000  0003c543  2**0
                  CONTENTS, READONLY, DEBUGGING, OCTETS
 18 .debug_loclists 0001b3e7  00000000  00000000  00044f85  2**0
                  CONTENTS, READONLY, DEBUGGING, OCTETS
 19 .debug_aranges 00001678  00000000  00000000  00060370  2**3
                  CONTENTS, READONLY, DEBUGGING, OCTETS
 20 .debug_rnglists 00004805  00000000  00000000  000619e8  2**0
                  CONTENTS, READONLY, DEBUGGING, OCTETS
 21 .debug_line   0002422d  00000000  00000000  000661ed  2**0
                  CONTENTS, READONLY, DEBUGGING, OCTETS
 22 .debug_str    00008b31  00000000  00000000  0008a41a  2**0
                  CONTENTS, READONLY, DEBUGGING, OCTETS
 23 .debug_frame  00002eec  00000000  00000000  00092f4c  2**2
                  CONTENTS, READONLY, DEBUGGING, OCTETS
 24 .debug_line_str 0000034c  00000000  00000000  00095e38  2**0
                  CONTENTS, READONLY, DEBUGGING, OCTETS

/home/aleks/Documents/GO_DARPA/Test_CODE_receive/build/IntegratedMotorController_code.elf:     file format elf32-littlearm


Disassembly of section .boot2:

10000000 <__boot2_start__>:
10000000:	4b32b500 	.word	0x4b32b500
10000004:	60582021 	.word	0x60582021
10000008:	21026898 	.word	0x21026898
1000000c:	60984388 	.word	0x60984388
10000010:	611860d8 	.word	0x611860d8
10000014:	4b2e6158 	.word	0x4b2e6158
10000018:	60992100 	.word	0x60992100
1000001c:	61592102 	.word	0x61592102
10000020:	22f02101 	.word	0x22f02101
10000024:	492b5099 	.word	0x492b5099
10000028:	21016019 	.word	0x21016019
1000002c:	20356099 	.word	0x20356099
10000030:	f844f000 	.word	0xf844f000
10000034:	42902202 	.word	0x42902202
10000038:	2106d014 	.word	0x2106d014
1000003c:	f0006619 	.word	0xf0006619
10000040:	6e19f834 	.word	0x6e19f834
10000044:	66192101 	.word	0x66192101
10000048:	66182000 	.word	0x66182000
1000004c:	f000661a 	.word	0xf000661a
10000050:	6e19f82c 	.word	0x6e19f82c
10000054:	6e196e19 	.word	0x6e196e19
10000058:	f0002005 	.word	0xf0002005
1000005c:	2101f82f 	.word	0x2101f82f
10000060:	d1f94208 	.word	0xd1f94208
10000064:	60992100 	.word	0x60992100
10000068:	6019491b 	.word	0x6019491b
1000006c:	60592100 	.word	0x60592100
10000070:	481b491a 	.word	0x481b491a
10000074:	21016001 	.word	0x21016001
10000078:	21eb6099 	.word	0x21eb6099
1000007c:	21a06619 	.word	0x21a06619
10000080:	f0006619 	.word	0xf0006619
10000084:	2100f812 	.word	0x2100f812
10000088:	49166099 	.word	0x49166099
1000008c:	60014814 	.word	0x60014814
10000090:	60992101 	.word	0x60992101
10000094:	2800bc01 	.word	0x2800bc01
10000098:	4700d000 	.word	0x4700d000
1000009c:	49134812 	.word	0x49134812
100000a0:	c8036008 	.word	0xc8036008
100000a4:	8808f380 	.word	0x8808f380
100000a8:	b5034708 	.word	0xb5034708
100000ac:	20046a99 	.word	0x20046a99
100000b0:	d0fb4201 	.word	0xd0fb4201
100000b4:	42012001 	.word	0x42012001
100000b8:	bd03d1f8 	.word	0xbd03d1f8
100000bc:	6618b502 	.word	0x6618b502
100000c0:	f7ff6618 	.word	0xf7ff6618
100000c4:	6e18fff2 	.word	0x6e18fff2
100000c8:	bd026e18 	.word	0xbd026e18
100000cc:	40020000 	.word	0x40020000
100000d0:	18000000 	.word	0x18000000
100000d4:	00070000 	.word	0x00070000
100000d8:	005f0300 	.word	0x005f0300
100000dc:	00002221 	.word	0x00002221
100000e0:	180000f4 	.word	0x180000f4
100000e4:	a0002022 	.word	0xa0002022
100000e8:	10000100 	.word	0x10000100
100000ec:	e000ed08 	.word	0xe000ed08
	...
100000fc:	7a4eb274 	.word	0x7a4eb274

Disassembly of section .text:

10000100 <__VECTOR_TABLE>:
10000100:	20042000 	.word	0x20042000
10000104:	100001f7 	.word	0x100001f7
10000108:	100001cb 	.word	0x100001cb
1000010c:	100001cd 	.word	0x100001cd
10000110:	100001c9 	.word	0x100001c9
10000114:	100001c9 	.word	0x100001c9
10000118:	100001c9 	.word	0x100001c9
1000011c:	100001c9 	.word	0x100001c9
10000120:	100001c9 	.word	0x100001c9
10000124:	100001c9 	.word	0x100001c9
10000128:	100001c9 	.word	0x100001c9
1000012c:	100001cf 	.word	0x100001cf
10000130:	100001c9 	.word	0x100001c9
10000134:	100001c9 	.word	0x100001c9
10000138:	100001d1 	.word	0x100001d1
1000013c:	100001d3 	.word	0x100001d3
10000140:	100001c1 	.word	0x100001c1
10000144:	100001c1 	.word	0x100001c1
10000148:	100001c1 	.word	0x100001c1
1000014c:	100001c1 	.word	0x100001c1
10000150:	100001c1 	.word	0x100001c1
10000154:	100001c1 	.word	0x100001c1
10000158:	100001c1 	.word	0x100001c1
1000015c:	100001c1 	.word	0x100001c1
10000160:	100001c1 	.word	0x100001c1
10000164:	100001c1 	.word	0x100001c1
10000168:	100001c1 	.word	0x100001c1
1000016c:	100001c1 	.word	0x100001c1
10000170:	100001c1 	.word	0x100001c1
10000174:	100001c1 	.word	0x100001c1
10000178:	100001c1 	.word	0x100001c1
1000017c:	100001c1 	.word	0x100001c1
10000180:	100001c1 	.word	0x100001c1
10000184:	100001c1 	.word	0x100001c1
10000188:	100001c1 	.word	0x100001c1
1000018c:	100001c1 	.word	0x100001c1
10000190:	100001c1 	.word	0x100001c1
10000194:	100001c1 	.word	0x100001c1
10000198:	100001c1 	.word	0x100001c1
1000019c:	100001c1 	.word	0x100001c1
100001a0:	100001c1 	.word	0x100001c1
100001a4:	100001c1 	.word	0x100001c1
100001a8:	100001c1 	.word	0x100001c1
100001ac:	100001c1 	.word	0x100001c1
100001b0:	100001c1 	.word	0x100001c1
100001b4:	100001c1 	.word	0x100001c1
100001b8:	100001c1 	.word	0x100001c1
100001bc:	100001c1 	.word	0x100001c1

100001c0 <__unhandled_user_irq>:
100001c0:	f3ef 8005 	mrs	r0, IPSR
100001c4:	3810      	subs	r0, #16

100001c6 <unhandled_user_irq_num_in_r0>:
100001c6:	be00      	bkpt	0x0000

100001c8 <isr_invalid>:
100001c8:	be00      	bkpt	0x0000

100001ca <isr_nmi>:
100001ca:	be00      	bkpt	0x0000

100001cc <isr_hardfault>:
100001cc:	be00      	bkpt	0x0000

100001ce <isr_svcall>:
100001ce:	be00      	bkpt	0x0000

100001d0 <isr_pendsv>:
100001d0:	be00      	bkpt	0x0000

100001d2 <isr_systick>:
100001d2:	be00      	bkpt	0x0000

100001d4 <__default_isrs_end>:
100001d4:	7188ebf2 	.word	0x7188ebf2
100001d8:	10007ccc 	.word	0x10007ccc
100001dc:	10007cf0 	.word	0x10007cf0
100001e0:	10000238 	.word	0x10000238
100001e4:	e71aa390 	.word	0xe71aa390

100001e8 <_entry_point>:
100001e8:	481e      	ldr	r0, [pc, #120]	@ (10000264 <data_cpy_table+0x2c>)

100001ea <_enter_vtable_in_r0>:
100001ea:	491f      	ldr	r1, [pc, #124]	@ (10000268 <data_cpy_table+0x30>)
100001ec:	6008      	str	r0, [r1, #0]
100001ee:	c806      	ldmia	r0!, {r1, r2}
100001f0:	f381 8808 	msr	MSP, r1
100001f4:	4710      	bx	r2

100001f6 <_reset_handler>:
100001f6:	481d      	ldr	r0, [pc, #116]	@ (1000026c <data_cpy_table+0x34>)
100001f8:	6800      	ldr	r0, [r0, #0]
100001fa:	2800      	cmp	r0, #0
100001fc:	d001      	beq.n	10000202 <hold_non_core0_in_bootrom+0x4>

100001fe <hold_non_core0_in_bootrom>:
100001fe:	4819      	ldr	r0, [pc, #100]	@ (10000264 <data_cpy_table+0x2c>)
10000200:	e7f3      	b.n	100001ea <_enter_vtable_in_r0>
10000202:	a40d      	add	r4, pc, #52	@ (adr r4, 10000238 <data_cpy_table>)
10000204:	cc0e      	ldmia	r4!, {r1, r2, r3}
10000206:	2900      	cmp	r1, #0
10000208:	d002      	beq.n	10000210 <hold_non_core0_in_bootrom+0x12>
1000020a:	f000 f812 	bl	10000232 <data_cpy>
1000020e:	e7f9      	b.n	10000204 <hold_non_core0_in_bootrom+0x6>
10000210:	4917      	ldr	r1, [pc, #92]	@ (10000270 <data_cpy_table+0x38>)
10000212:	4a18      	ldr	r2, [pc, #96]	@ (10000274 <data_cpy_table+0x3c>)
10000214:	2000      	movs	r0, #0
10000216:	e000      	b.n	1000021a <bss_fill_test>

10000218 <bss_fill_loop>:
10000218:	c101      	stmia	r1!, {r0}

1000021a <bss_fill_test>:
1000021a:	4291      	cmp	r1, r2
1000021c:	d1fc      	bne.n	10000218 <bss_fill_loop>

1000021e <platform_entry>:
1000021e:	4916      	ldr	r1, [pc, #88]	@ (10000278 <data_cpy_table+0x40>)
10000220:	4788      	blx	r1
10000222:	4916      	ldr	r1, [pc, #88]	@ (1000027c <data_cpy_table+0x44>)
10000224:	4788      	blx	r1
10000226:	4916      	ldr	r1, [pc, #88]	@ (10000280 <data_cpy_table+0x48>)
10000228:	4788      	blx	r1
1000022a:	be00      	bkpt	0x0000
1000022c:	e7fd      	b.n	1000022a <platform_entry+0xc>

1000022e <data_cpy_loop>:
1000022e:	c901      	ldmia	r1!, {r0}
10000230:	c201      	stmia	r2!, {r0}

10000232 <data_cpy>:
10000232:	429a      	cmp	r2, r3
10000234:	d3fb      	bcc.n	1000022e <data_cpy_loop>
10000236:	4770      	bx	lr

10000238 <data_cpy_table>:
10000238:	10007cf0 	.word	0x10007cf0
1000023c:	200000c0 	.word	0x200000c0
10000240:	200010b0 	.word	0x200010b0
10000244:	10008ce0 	.word	0x10008ce0
10000248:	20040000 	.word	0x20040000
1000024c:	20040000 	.word	0x20040000
10000250:	10008ce0 	.word	0x10008ce0
10000254:	20041000 	.word	0x20041000
10000258:	20041000 	.word	0x20041000
1000025c:	00000000 	.word	0x00000000
10000260:	4770      	bx	lr
10000262:	0000      	.short	0x0000
10000264:	00000000 	.word	0x00000000
10000268:	e000ed08 	.word	0xe000ed08
1000026c:	d0000000 	.word	0xd0000000
10000270:	200010b0 	.word	0x200010b0
10000274:	20001fb4 	.word	0x20001fb4
10000278:	100045d5 	.word	0x100045d5
1000027c:	100002d5 	.word	0x100002d5
10000280:	100045cd 	.word	0x100045cd

10000284 <_init>:
10000284:	b5f8      	push	{r3, r4, r5, r6, r7, lr}
10000286:	46c0      	nop			@ (mov r8, r8)

10000288 <register_tm_clones>:
10000288:	4806      	ldr	r0, [pc, #24]	@ (100002a4 <register_tm_clones+0x1c>)
1000028a:	4907      	ldr	r1, [pc, #28]	@ (100002a8 <register_tm_clones+0x20>)
1000028c:	1a09      	subs	r1, r1, r0
1000028e:	108b      	asrs	r3, r1, #2
10000290:	0fc9      	lsrs	r1, r1, #31
10000292:	18c9      	adds	r1, r1, r3
10000294:	b510      	push	{r4, lr}
10000296:	1049      	asrs	r1, r1, #1
10000298:	d003      	beq.n	100002a2 <register_tm_clones+0x1a>
1000029a:	4b04      	ldr	r3, [pc, #16]	@ (100002ac <register_tm_clones+0x24>)
1000029c:	2b00      	cmp	r3, #0
1000029e:	d000      	beq.n	100002a2 <register_tm_clones+0x1a>
100002a0:	4798      	blx	r3
100002a2:	bd10      	pop	{r4, pc}
100002a4:	200010b0 	.word	0x200010b0
100002a8:	200010b0 	.word	0x200010b0
100002ac:	00000000 	.word	0x00000000

100002b0 <frame_dummy>:
100002b0:	4b05      	ldr	r3, [pc, #20]	@ (100002c8 <frame_dummy+0x18>)
100002b2:	b510      	push	{r4, lr}
100002b4:	2b00      	cmp	r3, #0
100002b6:	d003      	beq.n	100002c0 <frame_dummy+0x10>
100002b8:	4904      	ldr	r1, [pc, #16]	@ (100002cc <frame_dummy+0x1c>)
100002ba:	4805      	ldr	r0, [pc, #20]	@ (100002d0 <frame_dummy+0x20>)
100002bc:	e000      	b.n	100002c0 <frame_dummy+0x10>
100002be:	bf00      	nop
100002c0:	f7ff ffe2 	bl	10000288 <register_tm_clones>
100002c4:	bd10      	pop	{r4, pc}
100002c6:	46c0      	nop			@ (mov r8, r8)
100002c8:	00000000 	.word	0x00000000
100002cc:	20001f48 	.word	0x20001f48
100002d0:	100073b4 	.word	0x100073b4

100002d4 <main>:
100002d4:	b5f0      	push	{r4, r5, r6, r7, lr}
100002d6:	46de      	mov	lr, fp
100002d8:	464e      	mov	r6, r9
100002da:	4645      	mov	r5, r8
100002dc:	4657      	mov	r7, sl
100002de:	b5e0      	push	{r5, r6, r7, lr}
100002e0:	b09b      	sub	sp, #108	@ 0x6c
100002e2:	f004 fab5 	bl	10004850 <stdio_init_all>
100002e6:	20fa      	movs	r0, #250	@ 0xfa
100002e8:	00c0      	lsls	r0, r0, #3
100002ea:	f001 f939 	bl	10001560 <sleep_ms>
100002ee:	48d3      	ldr	r0, [pc, #844]	@ (1000063c <main+0x368>)
100002f0:	f004 fb48 	bl	10004984 <__wrap_puts>
100002f4:	2108      	movs	r1, #8
100002f6:	48d2      	ldr	r0, [pc, #840]	@ (10000640 <main+0x36c>)
100002f8:	f004 fbc8 	bl	10004a8c <__wrap_printf>
100002fc:	24fa      	movs	r4, #250	@ 0xfa
100002fe:	2110      	movs	r1, #16
10000300:	48d0      	ldr	r0, [pc, #832]	@ (10000644 <main+0x370>)
10000302:	f004 fbc3 	bl	10004a8c <__wrap_printf>
10000306:	22e1      	movs	r2, #225	@ 0xe1
10000308:	00a4      	lsls	r4, r4, #2
1000030a:	0021      	movs	r1, r4
1000030c:	00d2      	lsls	r2, r2, #3
1000030e:	48ce      	ldr	r0, [pc, #824]	@ (10000648 <main+0x374>)
10000310:	f004 fbbc 	bl	10004a8c <__wrap_printf>
10000314:	2008      	movs	r0, #8
10000316:	f000 fb19 	bl	1000094c <gpio_init>
1000031a:	23d0      	movs	r3, #208	@ 0xd0
1000031c:	2280      	movs	r2, #128	@ 0x80
1000031e:	2500      	movs	r5, #0
10000320:	0052      	lsls	r2, r2, #1
10000322:	061b      	lsls	r3, r3, #24
10000324:	625a      	str	r2, [r3, #36]	@ 0x24
10000326:	49c9      	ldr	r1, [pc, #804]	@ (1000064c <main+0x378>)
10000328:	615a      	str	r2, [r3, #20]
1000032a:	48c9      	ldr	r0, [pc, #804]	@ (10000650 <main+0x37c>)
1000032c:	f004 fbae 	bl	10004a8c <__wrap_printf>
10000330:	48c6      	ldr	r0, [pc, #792]	@ (1000064c <main+0x378>)
10000332:	f001 f915 	bl	10001560 <sleep_ms>
10000336:	2104      	movs	r1, #4
10000338:	2010      	movs	r0, #16
1000033a:	f000 faed 	bl	10000918 <gpio_set_function>
1000033e:	4bc5      	ldr	r3, [pc, #788]	@ (10000654 <main+0x380>)
10000340:	4ec5      	ldr	r6, [pc, #788]	@ (10000658 <main+0x384>)
10000342:	2005      	movs	r0, #5
10000344:	601d      	str	r5, [r3, #0]
10000346:	4699      	mov	r9, r3
10000348:	6035      	str	r5, [r6, #0]
1000034a:	f001 fb5b 	bl	10001a04 <clock_get_hz>
1000034e:	f002 fc15 	bl	10002b7c <__wrap___aeabi_ui2f>
10000352:	49c2      	ldr	r1, [pc, #776]	@ (1000065c <main+0x388>)
10000354:	f002 fbf7 	bl	10002b46 <__wrap___aeabi_fdiv>
10000358:	21f4      	movs	r1, #244	@ 0xf4
1000035a:	0589      	lsls	r1, r1, #22
1000035c:	f002 fbf0 	bl	10002b40 <__wrap___aeabi_fadd>
10000360:	2183      	movs	r1, #131	@ 0x83
10000362:	05c9      	lsls	r1, r1, #23
10000364:	f002 fc03 	bl	10002b6e <__wrap___aeabi_fmul>
10000368:	f002 fc30 	bl	10002bcc <__wrap___aeabi_f2uiz>
1000036c:	464b      	mov	r3, r9
1000036e:	681a      	ldr	r2, [r3, #0]
10000370:	49bb      	ldr	r1, [pc, #748]	@ (10000660 <main+0x38c>)
10000372:	0093      	lsls	r3, r2, #2
10000374:	189b      	adds	r3, r3, r2
10000376:	4abb      	ldr	r2, [pc, #748]	@ (10000664 <main+0x390>)
10000378:	009b      	lsls	r3, r3, #2
1000037a:	189a      	adds	r2, r3, r2
1000037c:	6015      	str	r5, [r2, #0]
1000037e:	6095      	str	r5, [r2, #8]
10000380:	60d5      	str	r5, [r2, #12]
10000382:	6111      	str	r1, [r2, #16]
10000384:	2101      	movs	r1, #1
10000386:	6050      	str	r0, [r2, #4]
10000388:	6011      	str	r1, [r2, #0]
1000038a:	4ab7      	ldr	r2, [pc, #732]	@ (10000668 <main+0x394>)
1000038c:	4db7      	ldr	r5, [pc, #732]	@ (1000066c <main+0x398>)
1000038e:	4694      	mov	ip, r2
10000390:	6832      	ldr	r2, [r6, #0]
10000392:	802c      	strh	r4, [r5, #0]
10000394:	4463      	add	r3, ip
10000396:	2a00      	cmp	r2, #0
10000398:	d000      	beq.n	1000039c <main+0xc8>
1000039a:	e2a8      	b.n	100008ee <main+0x61a>
1000039c:	4ab4      	ldr	r2, [pc, #720]	@ (10000670 <main+0x39c>)
1000039e:	6819      	ldr	r1, [r3, #0]
100003a0:	48b4      	ldr	r0, [pc, #720]	@ (10000674 <main+0x3a0>)
100003a2:	4061      	eors	r1, r4
100003a4:	400a      	ands	r2, r1
100003a6:	2180      	movs	r1, #128	@ 0x80
100003a8:	0149      	lsls	r1, r1, #5
100003aa:	468c      	mov	ip, r1
100003ac:	4463      	add	r3, ip
100003ae:	601a      	str	r2, [r3, #0]
100003b0:	f004 fae8 	bl	10004984 <__wrap_puts>
100003b4:	4bb0      	ldr	r3, [pc, #704]	@ (10000678 <main+0x3a4>)
100003b6:	0018      	movs	r0, r3
100003b8:	9312      	str	r3, [sp, #72]	@ 0x48
100003ba:	f004 fae3 	bl	10004984 <__wrap_puts>
100003be:	4baf      	ldr	r3, [pc, #700]	@ (1000067c <main+0x3a8>)
100003c0:	0018      	movs	r0, r3
100003c2:	9313      	str	r3, [sp, #76]	@ 0x4c
100003c4:	f004 fade 	bl	10004984 <__wrap_puts>
100003c8:	21fa      	movs	r1, #250	@ 0xfa
100003ca:	4bad      	ldr	r3, [pc, #692]	@ (10000680 <main+0x3ac>)
100003cc:	0089      	lsls	r1, r1, #2
100003ce:	0018      	movs	r0, r3
100003d0:	9314      	str	r3, [sp, #80]	@ 0x50
100003d2:	f004 fb5b 	bl	10004a8c <__wrap_printf>
100003d6:	21e1      	movs	r1, #225	@ 0xe1
100003d8:	4baa      	ldr	r3, [pc, #680]	@ (10000684 <main+0x3b0>)
100003da:	00c9      	lsls	r1, r1, #3
100003dc:	0018      	movs	r0, r3
100003de:	9315      	str	r3, [sp, #84]	@ 0x54
100003e0:	f004 fb54 	bl	10004a8c <__wrap_printf>
100003e4:	4ba8      	ldr	r3, [pc, #672]	@ (10000688 <main+0x3b4>)
100003e6:	2119      	movs	r1, #25
100003e8:	0018      	movs	r0, r3
100003ea:	9316      	str	r3, [sp, #88]	@ 0x58
100003ec:	f004 fb4e 	bl	10004a8c <__wrap_printf>
100003f0:	4ba6      	ldr	r3, [pc, #664]	@ (1000068c <main+0x3b8>)
100003f2:	2119      	movs	r1, #25
100003f4:	0018      	movs	r0, r3
100003f6:	930a      	str	r3, [sp, #40]	@ 0x28
100003f8:	f004 fb48 	bl	10004a8c <__wrap_printf>
100003fc:	4ba4      	ldr	r3, [pc, #656]	@ (10000690 <main+0x3bc>)
100003fe:	0018      	movs	r0, r3
10000400:	930b      	str	r3, [sp, #44]	@ 0x2c
10000402:	f004 fabf 	bl	10004984 <__wrap_puts>
10000406:	4ba3      	ldr	r3, [pc, #652]	@ (10000694 <main+0x3c0>)
10000408:	0018      	movs	r0, r3
1000040a:	930c      	str	r3, [sp, #48]	@ 0x30
1000040c:	f004 faba 	bl	10004984 <__wrap_puts>
10000410:	8828      	ldrh	r0, [r5, #0]
10000412:	f002 fbb3 	bl	10002b7c <__wrap___aeabi_ui2f>
10000416:	49a0      	ldr	r1, [pc, #640]	@ (10000698 <main+0x3c4>)
10000418:	f002 fb8f 	bl	10002b3a <__wrap___aeabi_fsub>
1000041c:	499f      	ldr	r1, [pc, #636]	@ (1000069c <main+0x3c8>)
1000041e:	f002 fba6 	bl	10002b6e <__wrap___aeabi_fmul>
10000422:	499f      	ldr	r1, [pc, #636]	@ (100006a0 <main+0x3cc>)
10000424:	f002 fb8f 	bl	10002b46 <__wrap___aeabi_fdiv>
10000428:	1c01      	adds	r1, r0, #0
1000042a:	1c07      	adds	r7, r0, #0
1000042c:	489b      	ldr	r0, [pc, #620]	@ (1000069c <main+0x3c8>)
1000042e:	f002 fb84 	bl	10002b3a <__wrap___aeabi_fsub>
10000432:	4683      	mov	fp, r0
10000434:	f001 f9aa 	bl	1000178c <time_us_64>
10000438:	2900      	cmp	r1, #0
1000043a:	d100      	bne.n	1000043e <main+0x16a>
1000043c:	e251      	b.n	100008e2 <main+0x60e>
1000043e:	22fa      	movs	r2, #250	@ 0xfa
10000440:	2300      	movs	r3, #0
10000442:	0092      	lsls	r2, r2, #2
10000444:	f001 fd76 	bl	10001f34 <__wrap___aeabi_uldivmod>
10000448:	4680      	mov	r8, r0
1000044a:	882b      	ldrh	r3, [r5, #0]
1000044c:	4c95      	ldr	r4, [pc, #596]	@ (100006a4 <main+0x3d0>)
1000044e:	469a      	mov	sl, r3
10000450:	7823      	ldrb	r3, [r4, #0]
10000452:	4658      	mov	r0, fp
10000454:	9304      	str	r3, [sp, #16]
10000456:	4b94      	ldr	r3, [pc, #592]	@ (100006a8 <main+0x3d4>)
10000458:	9306      	str	r3, [sp, #24]
1000045a:	f002 fbbd 	bl	10002bd8 <__wrap___aeabi_f2d>
1000045e:	9002      	str	r0, [sp, #8]
10000460:	9103      	str	r1, [sp, #12]
10000462:	1c38      	adds	r0, r7, #0
10000464:	f002 fbb8 	bl	10002bd8 <__wrap___aeabi_f2d>
10000468:	4653      	mov	r3, sl
1000046a:	9000      	str	r0, [sp, #0]
1000046c:	9101      	str	r1, [sp, #4]
1000046e:	9a04      	ldr	r2, [sp, #16]
10000470:	4641      	mov	r1, r8
10000472:	9806      	ldr	r0, [sp, #24]
10000474:	f004 fb0a 	bl	10004a8c <__wrap_printf>
10000478:	f001 f988 	bl	1000178c <time_us_64>
1000047c:	2300      	movs	r3, #0
1000047e:	4a8b      	ldr	r2, [pc, #556]	@ (100006ac <main+0x3d8>)
10000480:	1880      	adds	r0, r0, r2
10000482:	4159      	adcs	r1, r3
10000484:	9004      	str	r0, [sp, #16]
10000486:	9105      	str	r1, [sp, #20]
10000488:	2900      	cmp	r1, #0
1000048a:	da04      	bge.n	10000496 <main+0x1c2>
1000048c:	2201      	movs	r2, #1
1000048e:	4b88      	ldr	r3, [pc, #544]	@ (100006b0 <main+0x3dc>)
10000490:	4252      	negs	r2, r2
10000492:	9204      	str	r2, [sp, #16]
10000494:	9305      	str	r3, [sp, #20]
10000496:	4b87      	ldr	r3, [pc, #540]	@ (100006b4 <main+0x3e0>)
10000498:	9307      	str	r3, [sp, #28]
1000049a:	4b87      	ldr	r3, [pc, #540]	@ (100006b8 <main+0x3e4>)
1000049c:	9319      	str	r3, [sp, #100]	@ 0x64
1000049e:	4b87      	ldr	r3, [pc, #540]	@ (100006bc <main+0x3e8>)
100004a0:	9317      	str	r3, [sp, #92]	@ 0x5c
100004a2:	4b87      	ldr	r3, [pc, #540]	@ (100006c0 <main+0x3ec>)
100004a4:	930d      	str	r3, [sp, #52]	@ 0x34
100004a6:	4b87      	ldr	r3, [pc, #540]	@ (100006c4 <main+0x3f0>)
100004a8:	930e      	str	r3, [sp, #56]	@ 0x38
100004aa:	4b87      	ldr	r3, [pc, #540]	@ (100006c8 <main+0x3f4>)
100004ac:	930f      	str	r3, [sp, #60]	@ 0x3c
100004ae:	4b87      	ldr	r3, [pc, #540]	@ (100006cc <main+0x3f8>)
100004b0:	9310      	str	r3, [sp, #64]	@ 0x40
100004b2:	4b87      	ldr	r3, [pc, #540]	@ (100006d0 <main+0x3fc>)
100004b4:	9311      	str	r3, [sp, #68]	@ 0x44
100004b6:	4b87      	ldr	r3, [pc, #540]	@ (100006d4 <main+0x400>)
100004b8:	9318      	str	r3, [sp, #96]	@ 0x60
100004ba:	4b87      	ldr	r3, [pc, #540]	@ (100006d8 <main+0x404>)
100004bc:	9308      	str	r3, [sp, #32]
100004be:	2000      	movs	r0, #0
100004c0:	f004 f9ca 	bl	10004858 <stdio_getchar_timeout_us>
100004c4:	2873      	cmp	r0, #115	@ 0x73
100004c6:	dc42      	bgt.n	1000054e <main+0x27a>
100004c8:	2862      	cmp	r0, #98	@ 0x62
100004ca:	dc00      	bgt.n	100004ce <main+0x1fa>
100004cc:	e106      	b.n	100006dc <main+0x408>
100004ce:	3863      	subs	r0, #99	@ 0x63
100004d0:	2810      	cmp	r0, #16
100004d2:	d83c      	bhi.n	1000054e <main+0x27a>
100004d4:	9b07      	ldr	r3, [sp, #28]
100004d6:	0080      	lsls	r0, r0, #2
100004d8:	581b      	ldr	r3, [r3, r0]
100004da:	469f      	mov	pc, r3
100004dc:	23d0      	movs	r3, #208	@ 0xd0
100004de:	2280      	movs	r2, #128	@ 0x80
100004e0:	061b      	lsls	r3, r3, #24
100004e2:	0052      	lsls	r2, r2, #1
100004e4:	9818      	ldr	r0, [sp, #96]	@ 0x60
100004e6:	615a      	str	r2, [r3, #20]
100004e8:	f004 fa4c 	bl	10004984 <__wrap_puts>
100004ec:	8828      	ldrh	r0, [r5, #0]
100004ee:	f002 fb45 	bl	10002b7c <__wrap___aeabi_ui2f>
100004f2:	4969      	ldr	r1, [pc, #420]	@ (10000698 <main+0x3c4>)
100004f4:	f002 fb21 	bl	10002b3a <__wrap___aeabi_fsub>
100004f8:	4968      	ldr	r1, [pc, #416]	@ (1000069c <main+0x3c8>)
100004fa:	f002 fb38 	bl	10002b6e <__wrap___aeabi_fmul>
100004fe:	4968      	ldr	r1, [pc, #416]	@ (100006a0 <main+0x3cc>)
10000500:	f002 fb21 	bl	10002b46 <__wrap___aeabi_fdiv>
10000504:	1c01      	adds	r1, r0, #0
10000506:	1c07      	adds	r7, r0, #0
10000508:	4864      	ldr	r0, [pc, #400]	@ (1000069c <main+0x3c8>)
1000050a:	f002 fb16 	bl	10002b3a <__wrap___aeabi_fsub>
1000050e:	4680      	mov	r8, r0
10000510:	f001 f93c 	bl	1000178c <time_us_64>
10000514:	2900      	cmp	r1, #0
10000516:	d100      	bne.n	1000051a <main+0x246>
10000518:	e114      	b.n	10000744 <main+0x470>
1000051a:	22fa      	movs	r2, #250	@ 0xfa
1000051c:	2300      	movs	r3, #0
1000051e:	0092      	lsls	r2, r2, #2
10000520:	f001 fd08 	bl	10001f34 <__wrap___aeabi_uldivmod>
10000524:	9009      	str	r0, [sp, #36]	@ 0x24
10000526:	882b      	ldrh	r3, [r5, #0]
10000528:	4640      	mov	r0, r8
1000052a:	469b      	mov	fp, r3
1000052c:	7823      	ldrb	r3, [r4, #0]
1000052e:	469a      	mov	sl, r3
10000530:	f002 fb52 	bl	10002bd8 <__wrap___aeabi_f2d>
10000534:	9002      	str	r0, [sp, #8]
10000536:	9103      	str	r1, [sp, #12]
10000538:	1c38      	adds	r0, r7, #0
1000053a:	f002 fb4d 	bl	10002bd8 <__wrap___aeabi_f2d>
1000053e:	465b      	mov	r3, fp
10000540:	9000      	str	r0, [sp, #0]
10000542:	9101      	str	r1, [sp, #4]
10000544:	4652      	mov	r2, sl
10000546:	9909      	ldr	r1, [sp, #36]	@ 0x24
10000548:	9806      	ldr	r0, [sp, #24]
1000054a:	f004 fa9f 	bl	10004a8c <__wrap_printf>
1000054e:	23d0      	movs	r3, #208	@ 0xd0
10000550:	2280      	movs	r2, #128	@ 0x80
10000552:	061b      	lsls	r3, r3, #24
10000554:	0052      	lsls	r2, r2, #1
10000556:	615a      	str	r2, [r3, #20]
10000558:	7823      	ldrb	r3, [r4, #0]
1000055a:	2b00      	cmp	r3, #0
1000055c:	d008      	beq.n	10000570 <main+0x29c>
1000055e:	f001 f915 	bl	1000178c <time_us_64>
10000562:	9a04      	ldr	r2, [sp, #16]
10000564:	9b05      	ldr	r3, [sp, #20]
10000566:	1a12      	subs	r2, r2, r0
10000568:	418b      	sbcs	r3, r1
1000056a:	2b00      	cmp	r3, #0
1000056c:	dc00      	bgt.n	10000570 <main+0x29c>
1000056e:	e0ef      	b.n	10000750 <main+0x47c>
10000570:	2005      	movs	r0, #5
10000572:	f000 fff5 	bl	10001560 <sleep_ms>
10000576:	e7a2      	b.n	100004be <main+0x1ea>
10000578:	2201      	movs	r2, #1
1000057a:	7823      	ldrb	r3, [r4, #0]
1000057c:	9917      	ldr	r1, [sp, #92]	@ 0x5c
1000057e:	4053      	eors	r3, r2
10000580:	7023      	strb	r3, [r4, #0]
10000582:	d000      	beq.n	10000586 <main+0x2b2>
10000584:	9919      	ldr	r1, [sp, #100]	@ 0x64
10000586:	980d      	ldr	r0, [sp, #52]	@ 0x34
10000588:	f004 fa80 	bl	10004a8c <__wrap_printf>
1000058c:	e7df      	b.n	1000054e <main+0x27a>
1000058e:	2300      	movs	r3, #0
10000590:	7023      	strb	r3, [r4, #0]
10000592:	464b      	mov	r3, r9
10000594:	6819      	ldr	r1, [r3, #0]
10000596:	22fa      	movs	r2, #250	@ 0xfa
10000598:	008b      	lsls	r3, r1, #2
1000059a:	185b      	adds	r3, r3, r1
1000059c:	4932      	ldr	r1, [pc, #200]	@ (10000668 <main+0x394>)
1000059e:	0092      	lsls	r2, r2, #2
100005a0:	468c      	mov	ip, r1
100005a2:	6831      	ldr	r1, [r6, #0]
100005a4:	009b      	lsls	r3, r3, #2
100005a6:	802a      	strh	r2, [r5, #0]
100005a8:	4463      	add	r3, ip
100005aa:	2900      	cmp	r1, #0
100005ac:	d000      	beq.n	100005b0 <main+0x2dc>
100005ae:	e17b      	b.n	100008a8 <main+0x5d4>
100005b0:	482f      	ldr	r0, [pc, #188]	@ (10000670 <main+0x39c>)
100005b2:	6819      	ldr	r1, [r3, #0]
100005b4:	404a      	eors	r2, r1
100005b6:	2180      	movs	r1, #128	@ 0x80
100005b8:	0149      	lsls	r1, r1, #5
100005ba:	468c      	mov	ip, r1
100005bc:	4002      	ands	r2, r0
100005be:	4463      	add	r3, ip
100005c0:	980e      	ldr	r0, [sp, #56]	@ 0x38
100005c2:	601a      	str	r2, [r3, #0]
100005c4:	e790      	b.n	100004e8 <main+0x214>
100005c6:	2300      	movs	r3, #0
100005c8:	7023      	strb	r3, [r4, #0]
100005ca:	464b      	mov	r3, r9
100005cc:	6819      	ldr	r1, [r3, #0]
100005ce:	22e1      	movs	r2, #225	@ 0xe1
100005d0:	008b      	lsls	r3, r1, #2
100005d2:	185b      	adds	r3, r3, r1
100005d4:	4924      	ldr	r1, [pc, #144]	@ (10000668 <main+0x394>)
100005d6:	00d2      	lsls	r2, r2, #3
100005d8:	468c      	mov	ip, r1
100005da:	6831      	ldr	r1, [r6, #0]
100005dc:	009b      	lsls	r3, r3, #2
100005de:	802a      	strh	r2, [r5, #0]
100005e0:	4463      	add	r3, ip
100005e2:	2900      	cmp	r1, #0
100005e4:	d000      	beq.n	100005e8 <main+0x314>
100005e6:	e16e      	b.n	100008c6 <main+0x5f2>
100005e8:	4821      	ldr	r0, [pc, #132]	@ (10000670 <main+0x39c>)
100005ea:	6819      	ldr	r1, [r3, #0]
100005ec:	404a      	eors	r2, r1
100005ee:	2180      	movs	r1, #128	@ 0x80
100005f0:	0149      	lsls	r1, r1, #5
100005f2:	468c      	mov	ip, r1
100005f4:	4002      	ands	r2, r0
100005f6:	4463      	add	r3, ip
100005f8:	980f      	ldr	r0, [sp, #60]	@ 0x3c
100005fa:	601a      	str	r2, [r3, #0]
100005fc:	e774      	b.n	100004e8 <main+0x214>
100005fe:	9812      	ldr	r0, [sp, #72]	@ 0x48
10000600:	f004 f9c0 	bl	10004984 <__wrap_puts>
10000604:	9813      	ldr	r0, [sp, #76]	@ 0x4c
10000606:	f004 f9bd 	bl	10004984 <__wrap_puts>
1000060a:	21fa      	movs	r1, #250	@ 0xfa
1000060c:	9814      	ldr	r0, [sp, #80]	@ 0x50
1000060e:	0089      	lsls	r1, r1, #2
10000610:	f004 fa3c 	bl	10004a8c <__wrap_printf>
10000614:	21e1      	movs	r1, #225	@ 0xe1
10000616:	9815      	ldr	r0, [sp, #84]	@ 0x54
10000618:	00c9      	lsls	r1, r1, #3
1000061a:	f004 fa37 	bl	10004a8c <__wrap_printf>
1000061e:	2119      	movs	r1, #25
10000620:	9816      	ldr	r0, [sp, #88]	@ 0x58
10000622:	f004 fa33 	bl	10004a8c <__wrap_printf>
10000626:	2119      	movs	r1, #25
10000628:	980a      	ldr	r0, [sp, #40]	@ 0x28
1000062a:	f004 fa2f 	bl	10004a8c <__wrap_printf>
1000062e:	980b      	ldr	r0, [sp, #44]	@ 0x2c
10000630:	f004 f9a8 	bl	10004984 <__wrap_puts>
10000634:	980c      	ldr	r0, [sp, #48]	@ 0x30
10000636:	f004 f9a5 	bl	10004984 <__wrap_puts>
1000063a:	e788      	b.n	1000054e <main+0x27a>
1000063c:	100073c4 	.word	0x100073c4
10000640:	100073f4 	.word	0x100073f4
10000644:	10007408 	.word	0x10007408
10000648:	10007424 	.word	0x10007424
1000064c:	000005dc 	.word	0x000005dc
10000650:	10007450 	.word	0x10007450
10000654:	20001f84 	.word	0x20001f84
10000658:	20001f80 	.word	0x20001f80
1000065c:	49742400 	.word	0x49742400
10000660:	00004e1f 	.word	0x00004e1f
10000664:	40050000 	.word	0x40050000
10000668:	4005000c 	.word	0x4005000c
1000066c:	20000fe6 	.word	0x20000fe6
10000670:	0000ffff 	.word	0x0000ffff
10000674:	10007484 	.word	0x10007484
10000678:	100074a8 	.word	0x100074a8
1000067c:	100074b4 	.word	0x100074b4
10000680:	100074d4 	.word	0x100074d4
10000684:	100074f8 	.word	0x100074f8
10000688:	1000751c 	.word	0x1000751c
1000068c:	1000753c 	.word	0x1000753c
10000690:	1000755c 	.word	0x1000755c
10000694:	10007570 	.word	0x10007570
10000698:	447a0000 	.word	0x447a0000
1000069c:	42c80000 	.word	0x42c80000
100006a0:	44480000 	.word	0x44480000
100006a4:	20000fe4 	.word	0x20000fe4
100006a8:	10007588 	.word	0x10007588
100006ac:	00030d40 	.word	0x00030d40
100006b0:	7fffffff 	.word	0x7fffffff
100006b4:	100077d8 	.word	0x100077d8
100006b8:	100073b8 	.word	0x100073b8
100006bc:	100073c0 	.word	0x100073c0
100006c0:	100075d8 	.word	0x100075d8
100006c4:	100075ec 	.word	0x100075ec
100006c8:	10007600 	.word	0x10007600
100006cc:	10007618 	.word	0x10007618
100006d0:	1000762c 	.word	0x1000762c
100006d4:	10007640 	.word	0x10007640
100006d8:	20000fe0 	.word	0x20000fe0
100006dc:	282b      	cmp	r0, #43	@ 0x2b
100006de:	d100      	bne.n	100006e2 <main+0x40e>
100006e0:	e096      	b.n	10000810 <main+0x53c>
100006e2:	282d      	cmp	r0, #45	@ 0x2d
100006e4:	d000      	beq.n	100006e8 <main+0x414>
100006e6:	e732      	b.n	1000054e <main+0x27a>
100006e8:	2300      	movs	r3, #0
100006ea:	7023      	strb	r3, [r4, #0]
100006ec:	464b      	mov	r3, r9
100006ee:	6818      	ldr	r0, [r3, #0]
100006f0:	882a      	ldrh	r2, [r5, #0]
100006f2:	0083      	lsls	r3, r0, #2
100006f4:	181b      	adds	r3, r3, r0
100006f6:	4880      	ldr	r0, [pc, #512]	@ (100008f8 <main+0x624>)
100006f8:	009b      	lsls	r3, r3, #2
100006fa:	4684      	mov	ip, r0
100006fc:	6831      	ldr	r1, [r6, #0]
100006fe:	4463      	add	r3, ip
10000700:	2a19      	cmp	r2, #25
10000702:	d800      	bhi.n	10000706 <main+0x432>
10000704:	e0d4      	b.n	100008b0 <main+0x5dc>
10000706:	27e1      	movs	r7, #225	@ 0xe1
10000708:	3a19      	subs	r2, #25
1000070a:	1c10      	adds	r0, r2, #0
1000070c:	b292      	uxth	r2, r2
1000070e:	00ff      	lsls	r7, r7, #3
10000710:	42ba      	cmp	r2, r7
10000712:	d900      	bls.n	10000716 <main+0x442>
10000714:	1c38      	adds	r0, r7, #0
10000716:	27fa      	movs	r7, #250	@ 0xfa
10000718:	b282      	uxth	r2, r0
1000071a:	00bf      	lsls	r7, r7, #2
1000071c:	42ba      	cmp	r2, r7
1000071e:	d201      	bcs.n	10000724 <main+0x450>
10000720:	003a      	movs	r2, r7
10000722:	1c38      	adds	r0, r7, #0
10000724:	8028      	strh	r0, [r5, #0]
10000726:	2900      	cmp	r1, #0
10000728:	d100      	bne.n	1000072c <main+0x458>
1000072a:	e0d0      	b.n	100008ce <main+0x5fa>
1000072c:	4873      	ldr	r0, [pc, #460]	@ (100008fc <main+0x628>)
1000072e:	0412      	lsls	r2, r2, #16
10000730:	6819      	ldr	r1, [r3, #0]
10000732:	404a      	eors	r2, r1
10000734:	2180      	movs	r1, #128	@ 0x80
10000736:	0149      	lsls	r1, r1, #5
10000738:	468c      	mov	ip, r1
1000073a:	4002      	ands	r2, r0
1000073c:	4463      	add	r3, ip
1000073e:	9811      	ldr	r0, [sp, #68]	@ 0x44
10000740:	601a      	str	r2, [r3, #0]
10000742:	e6d1      	b.n	100004e8 <main+0x214>
10000744:	21fa      	movs	r1, #250	@ 0xfa
10000746:	0089      	lsls	r1, r1, #2
10000748:	f001 fbb6 	bl	10001eb8 <__wrap___aeabi_uidiv>
1000074c:	9009      	str	r0, [sp, #36]	@ 0x24
1000074e:	e6ea      	b.n	10000526 <main+0x252>
10000750:	2b00      	cmp	r3, #0
10000752:	d102      	bne.n	1000075a <main+0x486>
10000754:	2a00      	cmp	r2, #0
10000756:	d000      	beq.n	1000075a <main+0x486>
10000758:	e70a      	b.n	10000570 <main+0x29c>
1000075a:	27e1      	movs	r7, #225	@ 0xe1
1000075c:	9908      	ldr	r1, [sp, #32]
1000075e:	00ff      	lsls	r7, r7, #3
10000760:	680a      	ldr	r2, [r1, #0]
10000762:	0093      	lsls	r3, r2, #2
10000764:	189b      	adds	r3, r3, r2
10000766:	009a      	lsls	r2, r3, #2
10000768:	189b      	adds	r3, r3, r2
1000076a:	882a      	ldrh	r2, [r5, #0]
1000076c:	189b      	adds	r3, r3, r2
1000076e:	42bb      	cmp	r3, r7
10000770:	da00      	bge.n	10000774 <main+0x4a0>
10000772:	e07f      	b.n	10000874 <main+0x5a0>
10000774:	2301      	movs	r3, #1
10000776:	425b      	negs	r3, r3
10000778:	600b      	str	r3, [r1, #0]
1000077a:	2300      	movs	r3, #0
1000077c:	9304      	str	r3, [sp, #16]
1000077e:	4b60      	ldr	r3, [pc, #384]	@ (10000900 <main+0x62c>)
10000780:	46ba      	mov	sl, r7
10000782:	4698      	mov	r8, r3
10000784:	4653      	mov	r3, sl
10000786:	802b      	strh	r3, [r5, #0]
10000788:	464b      	mov	r3, r9
1000078a:	681a      	ldr	r2, [r3, #0]
1000078c:	0093      	lsls	r3, r2, #2
1000078e:	189b      	adds	r3, r3, r2
10000790:	4a59      	ldr	r2, [pc, #356]	@ (100008f8 <main+0x624>)
10000792:	009b      	lsls	r3, r3, #2
10000794:	4694      	mov	ip, r2
10000796:	6832      	ldr	r2, [r6, #0]
10000798:	4463      	add	r3, ip
1000079a:	2a00      	cmp	r2, #0
1000079c:	d068      	beq.n	10000870 <main+0x59c>
1000079e:	4957      	ldr	r1, [pc, #348]	@ (100008fc <main+0x628>)
100007a0:	043f      	lsls	r7, r7, #16
100007a2:	681a      	ldr	r2, [r3, #0]
100007a4:	407a      	eors	r2, r7
100007a6:	400a      	ands	r2, r1
100007a8:	2180      	movs	r1, #128	@ 0x80
100007aa:	0149      	lsls	r1, r1, #5
100007ac:	468c      	mov	ip, r1
100007ae:	4463      	add	r3, ip
100007b0:	601a      	str	r2, [r3, #0]
100007b2:	f000 ffeb 	bl	1000178c <time_us_64>
100007b6:	2900      	cmp	r1, #0
100007b8:	d054      	beq.n	10000864 <main+0x590>
100007ba:	22fa      	movs	r2, #250	@ 0xfa
100007bc:	2300      	movs	r3, #0
100007be:	0092      	lsls	r2, r2, #2
100007c0:	f001 fbb8 	bl	10001f34 <__wrap___aeabi_uldivmod>
100007c4:	0007      	movs	r7, r0
100007c6:	882b      	ldrh	r3, [r5, #0]
100007c8:	9804      	ldr	r0, [sp, #16]
100007ca:	469b      	mov	fp, r3
100007cc:	7823      	ldrb	r3, [r4, #0]
100007ce:	469a      	mov	sl, r3
100007d0:	f002 fa02 	bl	10002bd8 <__wrap___aeabi_f2d>
100007d4:	9002      	str	r0, [sp, #8]
100007d6:	9103      	str	r1, [sp, #12]
100007d8:	4640      	mov	r0, r8
100007da:	f002 f9fd 	bl	10002bd8 <__wrap___aeabi_f2d>
100007de:	465b      	mov	r3, fp
100007e0:	4652      	mov	r2, sl
100007e2:	9000      	str	r0, [sp, #0]
100007e4:	9101      	str	r1, [sp, #4]
100007e6:	0039      	movs	r1, r7
100007e8:	9806      	ldr	r0, [sp, #24]
100007ea:	f004 f94f 	bl	10004a8c <__wrap_printf>
100007ee:	f000 ffcd 	bl	1000178c <time_us_64>
100007f2:	2300      	movs	r3, #0
100007f4:	4a43      	ldr	r2, [pc, #268]	@ (10000904 <main+0x630>)
100007f6:	1880      	adds	r0, r0, r2
100007f8:	4159      	adcs	r1, r3
100007fa:	9004      	str	r0, [sp, #16]
100007fc:	9105      	str	r1, [sp, #20]
100007fe:	2900      	cmp	r1, #0
10000800:	db00      	blt.n	10000804 <main+0x530>
10000802:	e6b5      	b.n	10000570 <main+0x29c>
10000804:	2201      	movs	r2, #1
10000806:	4b40      	ldr	r3, [pc, #256]	@ (10000908 <main+0x634>)
10000808:	4252      	negs	r2, r2
1000080a:	9204      	str	r2, [sp, #16]
1000080c:	9305      	str	r3, [sp, #20]
1000080e:	e6af      	b.n	10000570 <main+0x29c>
10000810:	2300      	movs	r3, #0
10000812:	22e1      	movs	r2, #225	@ 0xe1
10000814:	7023      	strb	r3, [r4, #0]
10000816:	882b      	ldrh	r3, [r5, #0]
10000818:	00d2      	lsls	r2, r2, #3
1000081a:	3319      	adds	r3, #25
1000081c:	1c19      	adds	r1, r3, #0
1000081e:	b29b      	uxth	r3, r3
10000820:	4293      	cmp	r3, r2
10000822:	d900      	bls.n	10000826 <main+0x552>
10000824:	1c11      	adds	r1, r2, #0
10000826:	23fa      	movs	r3, #250	@ 0xfa
10000828:	b28a      	uxth	r2, r1
1000082a:	009b      	lsls	r3, r3, #2
1000082c:	429a      	cmp	r2, r3
1000082e:	d201      	bcs.n	10000834 <main+0x560>
10000830:	001a      	movs	r2, r3
10000832:	1c19      	adds	r1, r3, #0
10000834:	464b      	mov	r3, r9
10000836:	8029      	strh	r1, [r5, #0]
10000838:	6819      	ldr	r1, [r3, #0]
1000083a:	008b      	lsls	r3, r1, #2
1000083c:	185b      	adds	r3, r3, r1
1000083e:	492e      	ldr	r1, [pc, #184]	@ (100008f8 <main+0x624>)
10000840:	009b      	lsls	r3, r3, #2
10000842:	468c      	mov	ip, r1
10000844:	6831      	ldr	r1, [r6, #0]
10000846:	4463      	add	r3, ip
10000848:	2900      	cmp	r1, #0
1000084a:	d03a      	beq.n	100008c2 <main+0x5ee>
1000084c:	482b      	ldr	r0, [pc, #172]	@ (100008fc <main+0x628>)
1000084e:	0412      	lsls	r2, r2, #16
10000850:	6819      	ldr	r1, [r3, #0]
10000852:	404a      	eors	r2, r1
10000854:	2180      	movs	r1, #128	@ 0x80
10000856:	0149      	lsls	r1, r1, #5
10000858:	468c      	mov	ip, r1
1000085a:	4002      	ands	r2, r0
1000085c:	4463      	add	r3, ip
1000085e:	9810      	ldr	r0, [sp, #64]	@ 0x40
10000860:	601a      	str	r2, [r3, #0]
10000862:	e641      	b.n	100004e8 <main+0x214>
10000864:	21fa      	movs	r1, #250	@ 0xfa
10000866:	0089      	lsls	r1, r1, #2
10000868:	f001 fb26 	bl	10001eb8 <__wrap___aeabi_uidiv>
1000086c:	0007      	movs	r7, r0
1000086e:	e7aa      	b.n	100007c6 <main+0x4f2>
10000870:	4926      	ldr	r1, [pc, #152]	@ (1000090c <main+0x638>)
10000872:	e796      	b.n	100007a2 <main+0x4ce>
10000874:	27fa      	movs	r7, #250	@ 0xfa
10000876:	00bf      	lsls	r7, r7, #2
10000878:	42bb      	cmp	r3, r7
1000087a:	dd2a      	ble.n	100008d2 <main+0x5fe>
1000087c:	b29a      	uxth	r2, r3
1000087e:	0010      	movs	r0, r2
10000880:	4692      	mov	sl, r2
10000882:	001f      	movs	r7, r3
10000884:	f002 f97a 	bl	10002b7c <__wrap___aeabi_ui2f>
10000888:	4921      	ldr	r1, [pc, #132]	@ (10000910 <main+0x63c>)
1000088a:	f002 f956 	bl	10002b3a <__wrap___aeabi_fsub>
1000088e:	491c      	ldr	r1, [pc, #112]	@ (10000900 <main+0x62c>)
10000890:	f002 f96d 	bl	10002b6e <__wrap___aeabi_fmul>
10000894:	491f      	ldr	r1, [pc, #124]	@ (10000914 <main+0x640>)
10000896:	f002 f956 	bl	10002b46 <__wrap___aeabi_fdiv>
1000089a:	1c01      	adds	r1, r0, #0
1000089c:	4680      	mov	r8, r0
1000089e:	4818      	ldr	r0, [pc, #96]	@ (10000900 <main+0x62c>)
100008a0:	f002 f94b 	bl	10002b3a <__wrap___aeabi_fsub>
100008a4:	9004      	str	r0, [sp, #16]
100008a6:	e76d      	b.n	10000784 <main+0x4b0>
100008a8:	22fa      	movs	r2, #250	@ 0xfa
100008aa:	4814      	ldr	r0, [pc, #80]	@ (100008fc <main+0x628>)
100008ac:	0492      	lsls	r2, r2, #18
100008ae:	e680      	b.n	100005b2 <main+0x2de>
100008b0:	22fa      	movs	r2, #250	@ 0xfa
100008b2:	0092      	lsls	r2, r2, #2
100008b4:	802a      	strh	r2, [r5, #0]
100008b6:	2900      	cmp	r1, #0
100008b8:	d009      	beq.n	100008ce <main+0x5fa>
100008ba:	22fa      	movs	r2, #250	@ 0xfa
100008bc:	480f      	ldr	r0, [pc, #60]	@ (100008fc <main+0x628>)
100008be:	0492      	lsls	r2, r2, #18
100008c0:	e736      	b.n	10000730 <main+0x45c>
100008c2:	4812      	ldr	r0, [pc, #72]	@ (1000090c <main+0x638>)
100008c4:	e7c4      	b.n	10000850 <main+0x57c>
100008c6:	22e1      	movs	r2, #225	@ 0xe1
100008c8:	480c      	ldr	r0, [pc, #48]	@ (100008fc <main+0x628>)
100008ca:	04d2      	lsls	r2, r2, #19
100008cc:	e68d      	b.n	100005ea <main+0x316>
100008ce:	480f      	ldr	r0, [pc, #60]	@ (1000090c <main+0x638>)
100008d0:	e72e      	b.n	10000730 <main+0x45c>
100008d2:	2301      	movs	r3, #1
100008d4:	600b      	str	r3, [r1, #0]
100008d6:	4b0a      	ldr	r3, [pc, #40]	@ (10000900 <main+0x62c>)
100008d8:	46ba      	mov	sl, r7
100008da:	9304      	str	r3, [sp, #16]
100008dc:	2300      	movs	r3, #0
100008de:	4698      	mov	r8, r3
100008e0:	e750      	b.n	10000784 <main+0x4b0>
100008e2:	21fa      	movs	r1, #250	@ 0xfa
100008e4:	0089      	lsls	r1, r1, #2
100008e6:	f001 fae7 	bl	10001eb8 <__wrap___aeabi_uidiv>
100008ea:	4680      	mov	r8, r0
100008ec:	e5ad      	b.n	1000044a <main+0x176>
100008ee:	24fa      	movs	r4, #250	@ 0xfa
100008f0:	4a02      	ldr	r2, [pc, #8]	@ (100008fc <main+0x628>)
100008f2:	04a4      	lsls	r4, r4, #18
100008f4:	e553      	b.n	1000039e <main+0xca>
100008f6:	46c0      	nop			@ (mov r8, r8)
100008f8:	4005000c 	.word	0x4005000c
100008fc:	ffff0000 	.word	0xffff0000
10000900:	42c80000 	.word	0x42c80000
10000904:	00030d40 	.word	0x00030d40
10000908:	7fffffff 	.word	0x7fffffff
1000090c:	0000ffff 	.word	0x0000ffff
10000910:	447a0000 	.word	0x447a0000
10000914:	44480000 	.word	0x44480000

10000918 <gpio_set_function>:
10000918:	4a09      	ldr	r2, [pc, #36]	@ (10000940 <gpio_set_function+0x28>)
1000091a:	0083      	lsls	r3, r0, #2
1000091c:	189a      	adds	r2, r3, r2
1000091e:	b510      	push	{r4, lr}
10000920:	6814      	ldr	r4, [r2, #0]
10000922:	2240      	movs	r2, #64	@ 0x40
10000924:	4054      	eors	r4, r2
10000926:	3280      	adds	r2, #128	@ 0x80
10000928:	4022      	ands	r2, r4
1000092a:	4c06      	ldr	r4, [pc, #24]	@ (10000944 <gpio_set_function+0x2c>)
1000092c:	00c0      	lsls	r0, r0, #3
1000092e:	46a4      	mov	ip, r4
10000930:	4463      	add	r3, ip
10000932:	601a      	str	r2, [r3, #0]
10000934:	4b04      	ldr	r3, [pc, #16]	@ (10000948 <gpio_set_function+0x30>)
10000936:	469c      	mov	ip, r3
10000938:	4460      	add	r0, ip
1000093a:	6041      	str	r1, [r0, #4]
1000093c:	bd10      	pop	{r4, pc}
1000093e:	46c0      	nop			@ (mov r8, r8)
10000940:	4001c004 	.word	0x4001c004
10000944:	4001d004 	.word	0x4001d004
10000948:	40014000 	.word	0x40014000

1000094c <gpio_init>:
1000094c:	2301      	movs	r3, #1
1000094e:	22d0      	movs	r2, #208	@ 0xd0
10000950:	4083      	lsls	r3, r0
10000952:	0612      	lsls	r2, r2, #24
10000954:	6293      	str	r3, [r2, #40]	@ 0x28
10000956:	6193      	str	r3, [r2, #24]
10000958:	4a09      	ldr	r2, [pc, #36]	@ (10000980 <gpio_init+0x34>)
1000095a:	0083      	lsls	r3, r0, #2
1000095c:	189a      	adds	r2, r3, r2
1000095e:	6811      	ldr	r1, [r2, #0]
10000960:	2240      	movs	r2, #64	@ 0x40
10000962:	4051      	eors	r1, r2
10000964:	3280      	adds	r2, #128	@ 0x80
10000966:	400a      	ands	r2, r1
10000968:	4906      	ldr	r1, [pc, #24]	@ (10000984 <gpio_init+0x38>)
1000096a:	00c0      	lsls	r0, r0, #3
1000096c:	468c      	mov	ip, r1
1000096e:	4463      	add	r3, ip
10000970:	601a      	str	r2, [r3, #0]
10000972:	4b05      	ldr	r3, [pc, #20]	@ (10000988 <gpio_init+0x3c>)
10000974:	469c      	mov	ip, r3
10000976:	2305      	movs	r3, #5
10000978:	4460      	add	r0, ip
1000097a:	6043      	str	r3, [r0, #4]
1000097c:	4770      	bx	lr
1000097e:	46c0      	nop			@ (mov r8, r8)
10000980:	4001c004 	.word	0x4001c004
10000984:	4001d004 	.word	0x4001d004
10000988:	40014000 	.word	0x40014000

1000098c <rp2040_chip_version>:
1000098c:	2380      	movs	r3, #128	@ 0x80
1000098e:	05db      	lsls	r3, r3, #23
10000990:	6818      	ldr	r0, [r3, #0]
10000992:	0f00      	lsrs	r0, r0, #28
10000994:	4770      	bx	lr
10000996:	46c0      	nop			@ (mov r8, r8)

10000998 <panic>:
10000998:	b40f      	push	{r0, r1, r2, r3}
1000099a:	b500      	push	{lr}
1000099c:	4808      	ldr	r0, [pc, #32]	@ (100009c0 <panic+0x28>)
1000099e:	b083      	sub	sp, #12
100009a0:	f003 fff0 	bl	10004984 <__wrap_puts>
100009a4:	9b04      	ldr	r3, [sp, #16]
100009a6:	2b00      	cmp	r3, #0
100009a8:	d007      	beq.n	100009ba <panic+0x22>
100009aa:	a905      	add	r1, sp, #20
100009ac:	0018      	movs	r0, r3
100009ae:	9101      	str	r1, [sp, #4]
100009b0:	f003 fdf2 	bl	10004598 <weak_raw_vprintf>
100009b4:	4803      	ldr	r0, [pc, #12]	@ (100009c4 <panic+0x2c>)
100009b6:	f003 ffe5 	bl	10004984 <__wrap_puts>
100009ba:	2001      	movs	r0, #1
100009bc:	f003 fe04 	bl	100045c8 <_exit>
100009c0:	10007654 	.word	0x10007654
100009c4:	100075d4 	.word	0x100075d4

100009c8 <hw_claim_or_assert>:
100009c8:	b570      	push	{r4, r5, r6, lr}
100009ca:	f3ef 8c10 	mrs	ip, PRIMASK
100009ce:	b672      	cpsid	i
100009d0:	4d0d      	ldr	r5, [pc, #52]	@ (10000a08 <hw_claim_or_assert+0x40>)
100009d2:	682b      	ldr	r3, [r5, #0]
100009d4:	2b00      	cmp	r3, #0
100009d6:	d0fc      	beq.n	100009d2 <hw_claim_or_assert+0xa>
100009d8:	f3bf 8f5f 	dmb	sy
100009dc:	2407      	movs	r4, #7
100009de:	08cb      	lsrs	r3, r1, #3
100009e0:	18c6      	adds	r6, r0, r3
100009e2:	5cc0      	ldrb	r0, [r0, r3]
100009e4:	2301      	movs	r3, #1
100009e6:	400c      	ands	r4, r1
100009e8:	40a3      	lsls	r3, r4
100009ea:	001c      	movs	r4, r3
100009ec:	4004      	ands	r4, r0
100009ee:	4203      	tst	r3, r0
100009f0:	d107      	bne.n	10000a02 <hw_claim_or_assert+0x3a>
100009f2:	4318      	orrs	r0, r3
100009f4:	7030      	strb	r0, [r6, #0]
100009f6:	f3bf 8f5f 	dmb	sy
100009fa:	602c      	str	r4, [r5, #0]
100009fc:	f38c 8810 	msr	PRIMASK, ip
10000a00:	bd70      	pop	{r4, r5, r6, pc}
10000a02:	0010      	movs	r0, r2
10000a04:	f7ff ffc8 	bl	10000998 <panic>
10000a08:	d000012c 	.word	0xd000012c

10000a0c <hw_claim_unused_from_range>:
10000a0c:	b5f8      	push	{r3, r4, r5, r6, r7, lr}
10000a0e:	4647      	mov	r7, r8
10000a10:	46ce      	mov	lr, r9
10000a12:	4688      	mov	r8, r1
10000a14:	b580      	push	{r7, lr}
10000a16:	f3ef 8c10 	mrs	ip, PRIMASK
10000a1a:	b672      	cpsid	i
10000a1c:	4d1c      	ldr	r5, [pc, #112]	@ (10000a90 <hw_claim_unused_from_range+0x84>)
10000a1e:	682c      	ldr	r4, [r5, #0]
10000a20:	2c00      	cmp	r4, #0
10000a22:	d0fc      	beq.n	10000a1e <hw_claim_unused_from_range+0x12>
10000a24:	f3bf 8f5f 	dmb	sy
10000a28:	429a      	cmp	r2, r3
10000a2a:	d822      	bhi.n	10000a72 <hw_claim_unused_from_range+0x66>
10000a2c:	2107      	movs	r1, #7
10000a2e:	2601      	movs	r6, #1
10000a30:	4689      	mov	r9, r1
10000a32:	e002      	b.n	10000a3a <hw_claim_unused_from_range+0x2e>
10000a34:	3201      	adds	r2, #1
10000a36:	4293      	cmp	r3, r2
10000a38:	d318      	bcc.n	10000a6c <hw_claim_unused_from_range+0x60>
10000a3a:	464d      	mov	r5, r9
10000a3c:	0037      	movs	r7, r6
10000a3e:	4015      	ands	r5, r2
10000a40:	40af      	lsls	r7, r5
10000a42:	08d4      	lsrs	r4, r2, #3
10000a44:	1901      	adds	r1, r0, r4
10000a46:	5d04      	ldrb	r4, [r0, r4]
10000a48:	4227      	tst	r7, r4
10000a4a:	d1f3      	bne.n	10000a34 <hw_claim_unused_from_range+0x28>
10000a4c:	0010      	movs	r0, r2
10000a4e:	433c      	orrs	r4, r7
10000a50:	700c      	strb	r4, [r1, #0]
10000a52:	f3bf 8f5f 	dmb	sy
10000a56:	2200      	movs	r2, #0
10000a58:	4b0d      	ldr	r3, [pc, #52]	@ (10000a90 <hw_claim_unused_from_range+0x84>)
10000a5a:	601a      	str	r2, [r3, #0]
10000a5c:	f38c 8810 	msr	PRIMASK, ip
10000a60:	2800      	cmp	r0, #0
10000a62:	db0e      	blt.n	10000a82 <hw_claim_unused_from_range+0x76>
10000a64:	bcc0      	pop	{r6, r7}
10000a66:	46b9      	mov	r9, r7
10000a68:	46b0      	mov	r8, r6
10000a6a:	bdf8      	pop	{r3, r4, r5, r6, r7, pc}
10000a6c:	2001      	movs	r0, #1
10000a6e:	4240      	negs	r0, r0
10000a70:	e7ef      	b.n	10000a52 <hw_claim_unused_from_range+0x46>
10000a72:	f3bf 8f5f 	dmb	sy
10000a76:	2300      	movs	r3, #0
10000a78:	602b      	str	r3, [r5, #0]
10000a7a:	f38c 8810 	msr	PRIMASK, ip
10000a7e:	2001      	movs	r0, #1
10000a80:	4240      	negs	r0, r0
10000a82:	4643      	mov	r3, r8
10000a84:	2b00      	cmp	r3, #0
10000a86:	d0ed      	beq.n	10000a64 <hw_claim_unused_from_range+0x58>
10000a88:	9808      	ldr	r0, [sp, #32]
10000a8a:	f7ff ff85 	bl	10000998 <panic>
10000a8e:	46c0      	nop			@ (mov r8, r8)
10000a90:	d000012c 	.word	0xd000012c

10000a94 <next_striped_spin_lock_num>:
10000a94:	4a04      	ldr	r2, [pc, #16]	@ (10000aa8 <next_striped_spin_lock_num+0x14>)
10000a96:	7810      	ldrb	r0, [r2, #0]
10000a98:	1c43      	adds	r3, r0, #1
10000a9a:	b2db      	uxtb	r3, r3
10000a9c:	2b17      	cmp	r3, #23
10000a9e:	d900      	bls.n	10000aa2 <next_striped_spin_lock_num+0xe>
10000aa0:	2310      	movs	r3, #16
10000aa2:	7013      	strb	r3, [r2, #0]
10000aa4:	4770      	bx	lr
10000aa6:	46c0      	nop			@ (mov r8, r8)
10000aa8:	20000fe8 	.word	0x20000fe8

10000aac <spin_lock_claim_unused>:
10000aac:	b510      	push	{r4, lr}
10000aae:	4b06      	ldr	r3, [pc, #24]	@ (10000ac8 <spin_lock_claim_unused+0x1c>)
10000ab0:	4c06      	ldr	r4, [pc, #24]	@ (10000acc <spin_lock_claim_unused+0x20>)
10000ab2:	b082      	sub	sp, #8
10000ab4:	0001      	movs	r1, r0
10000ab6:	9300      	str	r3, [sp, #0]
10000ab8:	2218      	movs	r2, #24
10000aba:	231f      	movs	r3, #31
10000abc:	0020      	movs	r0, r4
10000abe:	f7ff ffa5 	bl	10000a0c <hw_claim_unused_from_range>
10000ac2:	b002      	add	sp, #8
10000ac4:	bd10      	pop	{r4, pc}
10000ac6:	46c0      	nop			@ (mov r8, r8)
10000ac8:	10007664 	.word	0x10007664
10000acc:	20001ad8 	.word	0x20001ad8

10000ad0 <spin_locks_reset>:
10000ad0:	2100      	movs	r1, #0
10000ad2:	4b04      	ldr	r3, [pc, #16]	@ (10000ae4 <spin_locks_reset+0x14>)
10000ad4:	4a04      	ldr	r2, [pc, #16]	@ (10000ae8 <spin_locks_reset+0x18>)
10000ad6:	f3bf 8f5f 	dmb	sy
10000ada:	c302      	stmia	r3!, {r1}
10000adc:	4293      	cmp	r3, r2
10000ade:	d1fa      	bne.n	10000ad6 <spin_locks_reset+0x6>
10000ae0:	4770      	bx	lr
10000ae2:	46c0      	nop			@ (mov r8, r8)
10000ae4:	d0000100 	.word	0xd0000100
10000ae8:	d0000180 	.word	0xd0000180

10000aec <runtime_init_per_core_irq_priorities>:
10000aec:	4b05      	ldr	r3, [pc, #20]	@ (10000b04 <runtime_init_per_core_irq_priorities+0x18>)
10000aee:	4a06      	ldr	r2, [pc, #24]	@ (10000b08 <runtime_init_per_core_irq_priorities+0x1c>)
10000af0:	6013      	str	r3, [r2, #0]
10000af2:	4a06      	ldr	r2, [pc, #24]	@ (10000b0c <runtime_init_per_core_irq_priorities+0x20>)
10000af4:	6013      	str	r3, [r2, #0]
10000af6:	6053      	str	r3, [r2, #4]
10000af8:	6093      	str	r3, [r2, #8]
10000afa:	60d3      	str	r3, [r2, #12]
10000afc:	6113      	str	r3, [r2, #16]
10000afe:	6153      	str	r3, [r2, #20]
10000b00:	6193      	str	r3, [r2, #24]
10000b02:	4770      	bx	lr
10000b04:	80808080 	.word	0x80808080
10000b08:	e000e400 	.word	0xe000e400
10000b0c:	e000e404 	.word	0xe000e404

10000b10 <irq_set_enabled>:
10000b10:	231f      	movs	r3, #31
10000b12:	4018      	ands	r0, r3
10000b14:	3b1e      	subs	r3, #30
10000b16:	4083      	lsls	r3, r0
10000b18:	2900      	cmp	r1, #0
10000b1a:	d005      	beq.n	10000b28 <irq_set_enabled+0x18>
10000b1c:	21c0      	movs	r1, #192	@ 0xc0
10000b1e:	4a04      	ldr	r2, [pc, #16]	@ (10000b30 <irq_set_enabled+0x20>)
10000b20:	0049      	lsls	r1, r1, #1
10000b22:	5053      	str	r3, [r2, r1]
10000b24:	6013      	str	r3, [r2, #0]
10000b26:	4770      	bx	lr
10000b28:	2280      	movs	r2, #128	@ 0x80
10000b2a:	4901      	ldr	r1, [pc, #4]	@ (10000b30 <irq_set_enabled+0x20>)
10000b2c:	508b      	str	r3, [r1, r2]
10000b2e:	e7fa      	b.n	10000b26 <irq_set_enabled+0x16>
10000b30:	e000e100 	.word	0xe000e100

10000b34 <irq_is_enabled>:
10000b34:	2201      	movs	r2, #1
10000b36:	4082      	lsls	r2, r0
10000b38:	4b03      	ldr	r3, [pc, #12]	@ (10000b48 <irq_is_enabled+0x14>)
10000b3a:	681b      	ldr	r3, [r3, #0]
10000b3c:	4013      	ands	r3, r2
10000b3e:	1e5a      	subs	r2, r3, #1
10000b40:	4193      	sbcs	r3, r2
10000b42:	b2d8      	uxtb	r0, r3
10000b44:	4770      	bx	lr
10000b46:	46c0      	nop			@ (mov r8, r8)
10000b48:	e000e100 	.word	0xe000e100

10000b4c <irq_set_pending>:
10000b4c:	2301      	movs	r3, #1
10000b4e:	4083      	lsls	r3, r0
10000b50:	4a01      	ldr	r2, [pc, #4]	@ (10000b58 <irq_set_pending+0xc>)
10000b52:	6013      	str	r3, [r2, #0]
10000b54:	4770      	bx	lr
10000b56:	46c0      	nop			@ (mov r8, r8)
10000b58:	e000e200 	.word	0xe000e200

10000b5c <irq_has_shared_handler>:
10000b5c:	4b06      	ldr	r3, [pc, #24]	@ (10000b78 <irq_has_shared_handler+0x1c>)
10000b5e:	3010      	adds	r0, #16
10000b60:	689b      	ldr	r3, [r3, #8]
10000b62:	0080      	lsls	r0, r0, #2
10000b64:	58c3      	ldr	r3, [r0, r3]
10000b66:	4a05      	ldr	r2, [pc, #20]	@ (10000b7c <irq_has_shared_handler+0x20>)
10000b68:	2000      	movs	r0, #0
10000b6a:	1a9b      	subs	r3, r3, r2
10000b6c:	222f      	movs	r2, #47	@ 0x2f
10000b6e:	429a      	cmp	r2, r3
10000b70:	4140      	adcs	r0, r0
10000b72:	b2c0      	uxtb	r0, r0
10000b74:	4770      	bx	lr
10000b76:	46c0      	nop			@ (mov r8, r8)
10000b78:	e000ed00 	.word	0xe000ed00
10000b7c:	20000fec 	.word	0x20000fec

10000b80 <irq_set_exclusive_handler>:
10000b80:	b570      	push	{r4, r5, r6, lr}
10000b82:	000d      	movs	r5, r1
10000b84:	f3ef 8610 	mrs	r6, PRIMASK
10000b88:	b672      	cpsid	i
10000b8a:	4a0f      	ldr	r2, [pc, #60]	@ (10000bc8 <irq_set_exclusive_handler+0x48>)
10000b8c:	6813      	ldr	r3, [r2, #0]
10000b8e:	2b00      	cmp	r3, #0
10000b90:	d0fc      	beq.n	10000b8c <irq_set_exclusive_handler+0xc>
10000b92:	f3bf 8f5f 	dmb	sy
10000b96:	4b0d      	ldr	r3, [pc, #52]	@ (10000bcc <irq_set_exclusive_handler+0x4c>)
10000b98:	3010      	adds	r0, #16
10000b9a:	689b      	ldr	r3, [r3, #8]
10000b9c:	0084      	lsls	r4, r0, #2
10000b9e:	591b      	ldr	r3, [r3, r4]
10000ba0:	4a0b      	ldr	r2, [pc, #44]	@ (10000bd0 <irq_set_exclusive_handler+0x50>)
10000ba2:	4293      	cmp	r3, r2
10000ba4:	d003      	beq.n	10000bae <irq_set_exclusive_handler+0x2e>
10000ba6:	429d      	cmp	r5, r3
10000ba8:	d001      	beq.n	10000bae <irq_set_exclusive_handler+0x2e>
10000baa:	f001 f833 	bl	10001c14 <hard_assertion_failure>
10000bae:	4b07      	ldr	r3, [pc, #28]	@ (10000bcc <irq_set_exclusive_handler+0x4c>)
10000bb0:	689b      	ldr	r3, [r3, #8]
10000bb2:	511d      	str	r5, [r3, r4]
10000bb4:	f3bf 8f5f 	dmb	sy
10000bb8:	f3bf 8f5f 	dmb	sy
10000bbc:	2200      	movs	r2, #0
10000bbe:	4b02      	ldr	r3, [pc, #8]	@ (10000bc8 <irq_set_exclusive_handler+0x48>)
10000bc0:	601a      	str	r2, [r3, #0]
10000bc2:	f386 8810 	msr	PRIMASK, r6
10000bc6:	bd70      	pop	{r4, r5, r6, pc}
10000bc8:	d0000124 	.word	0xd0000124
10000bcc:	e000ed00 	.word	0xe000ed00
10000bd0:	100001c1 	.word	0x100001c1

10000bd4 <irq_add_shared_handler>:
10000bd4:	b5f0      	push	{r4, r5, r6, r7, lr}
10000bd6:	4657      	mov	r7, sl
10000bd8:	464e      	mov	r6, r9
10000bda:	46de      	mov	lr, fp
10000bdc:	4645      	mov	r5, r8
10000bde:	b5e0      	push	{r5, r6, r7, lr}
10000be0:	b085      	sub	sp, #20
10000be2:	0006      	movs	r6, r0
10000be4:	9100      	str	r1, [sp, #0]
10000be6:	0017      	movs	r7, r2
10000be8:	f3ef 8b10 	mrs	fp, PRIMASK
10000bec:	b672      	cpsid	i
10000bee:	4a6a      	ldr	r2, [pc, #424]	@ (10000d98 <irq_add_shared_handler+0x1c4>)
10000bf0:	6813      	ldr	r3, [r2, #0]
10000bf2:	2b00      	cmp	r3, #0
10000bf4:	d0fc      	beq.n	10000bf0 <irq_add_shared_handler+0x1c>
10000bf6:	f3bf 8f5f 	dmb	sy
10000bfa:	2500      	movs	r5, #0
10000bfc:	4b67      	ldr	r3, [pc, #412]	@ (10000d9c <irq_add_shared_handler+0x1c8>)
10000bfe:	575d      	ldrsb	r5, [r3, r5]
10000c00:	469a      	mov	sl, r3
10000c02:	2d00      	cmp	r5, #0
10000c04:	da00      	bge.n	10000c08 <irq_add_shared_handler+0x34>
10000c06:	e0a9      	b.n	10000d5c <irq_add_shared_handler+0x188>
10000c08:	006b      	lsls	r3, r5, #1
10000c0a:	4c65      	ldr	r4, [pc, #404]	@ (10000da0 <irq_add_shared_handler+0x1cc>)
10000c0c:	9301      	str	r3, [sp, #4]
10000c0e:	195b      	adds	r3, r3, r5
10000c10:	009b      	lsls	r3, r3, #2
10000c12:	4698      	mov	r8, r3
10000c14:	46a1      	mov	r9, r4
10000c16:	44c1      	add	r9, r8
10000c18:	464b      	mov	r3, r9
10000c1a:	4652      	mov	r2, sl
10000c1c:	799b      	ldrb	r3, [r3, #6]
10000c1e:	3610      	adds	r6, #16
10000c20:	7013      	strb	r3, [r2, #0]
10000c22:	4b60      	ldr	r3, [pc, #384]	@ (10000da4 <irq_add_shared_handler+0x1d0>)
10000c24:	00b6      	lsls	r6, r6, #2
10000c26:	689b      	ldr	r3, [r3, #8]
10000c28:	5999      	ldr	r1, [r3, r6]
10000c2a:	1b0b      	subs	r3, r1, r4
10000c2c:	2b2f      	cmp	r3, #47	@ 0x2f
10000c2e:	d933      	bls.n	10000c98 <irq_add_shared_handler+0xc4>
10000c30:	4b5d      	ldr	r3, [pc, #372]	@ (10000da8 <irq_add_shared_handler+0x1d4>)
10000c32:	4299      	cmp	r1, r3
10000c34:	d000      	beq.n	10000c38 <irq_add_shared_handler+0x64>
10000c36:	e0ac      	b.n	10000d92 <irq_add_shared_handler+0x1be>
10000c38:	9b01      	ldr	r3, [sp, #4]
10000c3a:	4642      	mov	r2, r8
10000c3c:	469c      	mov	ip, r3
10000c3e:	4b5b      	ldr	r3, [pc, #364]	@ (10000dac <irq_add_shared_handler+0x1d8>)
10000c40:	4465      	add	r5, ip
10000c42:	00ad      	lsls	r5, r5, #2
10000c44:	5363      	strh	r3, [r4, r5]
10000c46:	4b5a      	ldr	r3, [pc, #360]	@ (10000db0 <irq_add_shared_handler+0x1dc>)
10000c48:	3202      	adds	r2, #2
10000c4a:	18a2      	adds	r2, r4, r2
10000c4c:	3b04      	subs	r3, #4
10000c4e:	1a9b      	subs	r3, r3, r2
10000c50:	051b      	lsls	r3, r3, #20
10000c52:	4a58      	ldr	r2, [pc, #352]	@ (10000db4 <irq_add_shared_handler+0x1e0>)
10000c54:	0d5b      	lsrs	r3, r3, #21
10000c56:	1965      	adds	r5, r4, r5
10000c58:	4313      	orrs	r3, r2
10000c5a:	806b      	strh	r3, [r5, #2]
10000c5c:	4b56      	ldr	r3, [pc, #344]	@ (10000db8 <irq_add_shared_handler+0x1e4>)
10000c5e:	2101      	movs	r1, #1
10000c60:	80ab      	strh	r3, [r5, #4]
10000c62:	23ff      	movs	r3, #255	@ 0xff
10000c64:	71ab      	strb	r3, [r5, #6]
10000c66:	9b00      	ldr	r3, [sp, #0]
10000c68:	71ef      	strb	r7, [r5, #7]
10000c6a:	60ab      	str	r3, [r5, #8]
10000c6c:	464b      	mov	r3, r9
10000c6e:	430b      	orrs	r3, r1
10000c70:	0019      	movs	r1, r3
10000c72:	4b4c      	ldr	r3, [pc, #304]	@ (10000da4 <irq_add_shared_handler+0x1d0>)
10000c74:	689b      	ldr	r3, [r3, #8]
10000c76:	5199      	str	r1, [r3, r6]
10000c78:	f3bf 8f5f 	dmb	sy
10000c7c:	f3bf 8f5f 	dmb	sy
10000c80:	2200      	movs	r2, #0
10000c82:	4b45      	ldr	r3, [pc, #276]	@ (10000d98 <irq_add_shared_handler+0x1c4>)
10000c84:	601a      	str	r2, [r3, #0]
10000c86:	f38b 8810 	msr	PRIMASK, fp
10000c8a:	b005      	add	sp, #20
10000c8c:	bcf0      	pop	{r4, r5, r6, r7}
10000c8e:	46bb      	mov	fp, r7
10000c90:	46b2      	mov	sl, r6
10000c92:	46a9      	mov	r9, r5
10000c94:	46a0      	mov	r8, r4
10000c96:	bdf0      	pop	{r4, r5, r6, r7, pc}
10000c98:	2001      	movs	r0, #1
10000c9a:	000a      	movs	r2, r1
10000c9c:	4382      	bics	r2, r0
10000c9e:	79d3      	ldrb	r3, [r2, #7]
10000ca0:	468c      	mov	ip, r1
10000ca2:	42bb      	cmp	r3, r7
10000ca4:	d831      	bhi.n	10000d0a <irq_add_shared_handler+0x136>
10000ca6:	4645      	mov	r5, r8
10000ca8:	0013      	movs	r3, r2
10000caa:	4944      	ldr	r1, [pc, #272]	@ (10000dbc <irq_add_shared_handler+0x1e8>)
10000cac:	1b1b      	subs	r3, r3, r4
10000cae:	415b      	adcs	r3, r3
10000cb0:	4359      	muls	r1, r3
10000cb2:	0d09      	lsrs	r1, r1, #20
10000cb4:	4b3d      	ldr	r3, [pc, #244]	@ (10000dac <irq_add_shared_handler+0x1d8>)
10000cb6:	5363      	strh	r3, [r4, r5]
10000cb8:	4b3d      	ldr	r3, [pc, #244]	@ (10000db0 <irq_add_shared_handler+0x1dc>)
10000cba:	3502      	adds	r5, #2
10000cbc:	1965      	adds	r5, r4, r5
10000cbe:	3b04      	subs	r3, #4
10000cc0:	1b5b      	subs	r3, r3, r5
10000cc2:	051b      	lsls	r3, r3, #20
10000cc4:	4d3b      	ldr	r5, [pc, #236]	@ (10000db4 <irq_add_shared_handler+0x1e0>)
10000cc6:	0d5b      	lsrs	r3, r3, #21
10000cc8:	432b      	orrs	r3, r5
10000cca:	46aa      	mov	sl, r5
10000ccc:	464d      	mov	r5, r9
10000cce:	806b      	strh	r3, [r5, #2]
10000cd0:	2504      	movs	r5, #4
10000cd2:	46ac      	mov	ip, r5
10000cd4:	4655      	mov	r5, sl
10000cd6:	44e0      	add	r8, ip
10000cd8:	1f13      	subs	r3, r2, #4
10000cda:	4444      	add	r4, r8
10000cdc:	1b1b      	subs	r3, r3, r4
10000cde:	051b      	lsls	r3, r3, #20
10000ce0:	0d5b      	lsrs	r3, r3, #21
10000ce2:	431d      	orrs	r5, r3
10000ce4:	464b      	mov	r3, r9
10000ce6:	7199      	strb	r1, [r3, #6]
10000ce8:	9900      	ldr	r1, [sp, #0]
10000cea:	809d      	strh	r5, [r3, #4]
10000cec:	6099      	str	r1, [r3, #8]
10000cee:	4649      	mov	r1, r9
10000cf0:	71df      	strb	r7, [r3, #7]
10000cf2:	4b33      	ldr	r3, [pc, #204]	@ (10000dc0 <irq_add_shared_handler+0x1ec>)
10000cf4:	4301      	orrs	r1, r0
10000cf6:	6013      	str	r3, [r2, #0]
10000cf8:	e7bb      	b.n	10000c72 <irq_add_shared_handler+0x9e>
10000cfa:	0058      	lsls	r0, r3, #1
10000cfc:	18c0      	adds	r0, r0, r3
10000cfe:	0080      	lsls	r0, r0, #2
10000d00:	1820      	adds	r0, r4, r0
10000d02:	79c1      	ldrb	r1, [r0, #7]
10000d04:	42b9      	cmp	r1, r7
10000d06:	d92f      	bls.n	10000d68 <irq_add_shared_handler+0x194>
10000d08:	0002      	movs	r2, r0
10000d0a:	2306      	movs	r3, #6
10000d0c:	56d3      	ldrsb	r3, [r2, r3]
10000d0e:	2b00      	cmp	r3, #0
10000d10:	daf3      	bge.n	10000cfa <irq_add_shared_handler+0x126>
10000d12:	9302      	str	r3, [sp, #8]
10000d14:	4b2b      	ldr	r3, [pc, #172]	@ (10000dc4 <irq_add_shared_handler+0x1f0>)
10000d16:	4661      	mov	r1, ip
10000d18:	9303      	str	r3, [sp, #12]
10000d1a:	1d13      	adds	r3, r2, #4
10000d1c:	469a      	mov	sl, r3
10000d1e:	2304      	movs	r3, #4
10000d20:	425b      	negs	r3, r3
10000d22:	469c      	mov	ip, r3
10000d24:	44e1      	add	r9, ip
10000d26:	4650      	mov	r0, sl
10000d28:	464b      	mov	r3, r9
10000d2a:	1a1b      	subs	r3, r3, r0
10000d2c:	051b      	lsls	r3, r3, #20
10000d2e:	0d5b      	lsrs	r3, r3, #21
10000d30:	469c      	mov	ip, r3
10000d32:	4b20      	ldr	r3, [pc, #128]	@ (10000db4 <irq_add_shared_handler+0x1e0>)
10000d34:	7195      	strb	r5, [r2, #6]
10000d36:	4698      	mov	r8, r3
10000d38:	4663      	mov	r3, ip
10000d3a:	4640      	mov	r0, r8
10000d3c:	4303      	orrs	r3, r0
10000d3e:	8093      	strh	r3, [r2, #4]
10000d40:	9b01      	ldr	r3, [sp, #4]
10000d42:	195a      	adds	r2, r3, r5
10000d44:	0092      	lsls	r2, r2, #2
10000d46:	9b03      	ldr	r3, [sp, #12]
10000d48:	18a4      	adds	r4, r4, r2
10000d4a:	80a3      	strh	r3, [r4, #4]
10000d4c:	9b02      	ldr	r3, [sp, #8]
10000d4e:	4a1c      	ldr	r2, [pc, #112]	@ (10000dc0 <irq_add_shared_handler+0x1ec>)
10000d50:	71a3      	strb	r3, [r4, #6]
10000d52:	9b00      	ldr	r3, [sp, #0]
10000d54:	6022      	str	r2, [r4, #0]
10000d56:	71e7      	strb	r7, [r4, #7]
10000d58:	60a3      	str	r3, [r4, #8]
10000d5a:	e78a      	b.n	10000c72 <irq_add_shared_handler+0x9e>
10000d5c:	f000 ff5a 	bl	10001c14 <hard_assertion_failure>
10000d60:	2500      	movs	r5, #0
10000d62:	4653      	mov	r3, sl
10000d64:	575d      	ldrsb	r5, [r3, r5]
10000d66:	e74f      	b.n	10000c08 <irq_add_shared_handler+0x34>
10000d68:	8890      	ldrh	r0, [r2, #4]
10000d6a:	9302      	str	r3, [sp, #8]
10000d6c:	0540      	lsls	r0, r0, #21
10000d6e:	1d13      	adds	r3, r2, #4
10000d70:	469a      	mov	sl, r3
10000d72:	1503      	asrs	r3, r0, #20
10000d74:	4661      	mov	r1, ip
10000d76:	469c      	mov	ip, r3
10000d78:	4640      	mov	r0, r8
10000d7a:	44d4      	add	ip, sl
10000d7c:	4663      	mov	r3, ip
10000d7e:	3004      	adds	r0, #4
10000d80:	1820      	adds	r0, r4, r0
10000d82:	1a18      	subs	r0, r3, r0
10000d84:	23e0      	movs	r3, #224	@ 0xe0
10000d86:	0500      	lsls	r0, r0, #20
10000d88:	0d40      	lsrs	r0, r0, #21
10000d8a:	021b      	lsls	r3, r3, #8
10000d8c:	4318      	orrs	r0, r3
10000d8e:	9003      	str	r0, [sp, #12]
10000d90:	e7c5      	b.n	10000d1e <irq_add_shared_handler+0x14a>
10000d92:	f000 ff3f 	bl	10001c14 <hard_assertion_failure>
10000d96:	e74f      	b.n	10000c38 <irq_add_shared_handler+0x64>
10000d98:	d0000124 	.word	0xd0000124
10000d9c:	20001fad 	.word	0x20001fad
10000da0:	20000fec 	.word	0x20000fec
10000da4:	e000ed00 	.word	0xe000ed00
10000da8:	100001c1 	.word	0x100001c1
10000dac:	ffffa100 	.word	0xffffa100
10000db0:	2000101c 	.word	0x2000101c
10000db4:	ffffe000 	.word	0xffffe000
10000db8:	ffffbd01 	.word	0xffffbd01
10000dbc:	0000aaaa 	.word	0x0000aaaa
10000dc0:	47804801 	.word	0x47804801
10000dc4:	0000bd01 	.word	0x0000bd01

10000dc8 <irq_add_tail_to_free_list>:
10000dc8:	b570      	push	{r4, r5, r6, lr}
10000dca:	2401      	movs	r4, #1
10000dcc:	4304      	orrs	r4, r0
10000dce:	f3ef 8105 	mrs	r1, IPSR
10000dd2:	f3ef 8c10 	mrs	ip, PRIMASK
10000dd6:	b672      	cpsid	i
10000dd8:	4a21      	ldr	r2, [pc, #132]	@ (10000e60 <irq_add_tail_to_free_list+0x98>)
10000dda:	6813      	ldr	r3, [r2, #0]
10000ddc:	2b00      	cmp	r3, #0
10000dde:	d0fc      	beq.n	10000dda <irq_add_tail_to_free_list+0x12>
10000de0:	f3bf 8f5f 	dmb	sy
10000de4:	4b1f      	ldr	r3, [pc, #124]	@ (10000e64 <irq_add_tail_to_free_list+0x9c>)
10000de6:	0005      	movs	r5, r0
10000de8:	4a1f      	ldr	r2, [pc, #124]	@ (10000e68 <irq_add_tail_to_free_list+0xa0>)
10000dea:	1aed      	subs	r5, r5, r3
10000dec:	416d      	adcs	r5, r5
10000dee:	436a      	muls	r2, r5
10000df0:	0d12      	lsrs	r2, r2, #20
10000df2:	4d1e      	ldr	r5, [pc, #120]	@ (10000e6c <irq_add_tail_to_free_list+0xa4>)
10000df4:	0089      	lsls	r1, r1, #2
10000df6:	68ae      	ldr	r6, [r5, #8]
10000df8:	b252      	sxtb	r2, r2
10000dfa:	5876      	ldr	r6, [r6, r1]
10000dfc:	42a6      	cmp	r6, r4
10000dfe:	d01c      	beq.n	10000e3a <irq_add_tail_to_free_list+0x72>
10000e00:	2106      	movs	r1, #6
10000e02:	5659      	ldrsb	r1, [r3, r1]
10000e04:	4291      	cmp	r1, r2
10000e06:	d01c      	beq.n	10000e42 <irq_add_tail_to_free_list+0x7a>
10000e08:	2112      	movs	r1, #18
10000e0a:	5659      	ldrsb	r1, [r3, r1]
10000e0c:	4291      	cmp	r1, r2
10000e0e:	d022      	beq.n	10000e56 <irq_add_tail_to_free_list+0x8e>
10000e10:	211e      	movs	r1, #30
10000e12:	5659      	ldrsb	r1, [r3, r1]
10000e14:	4291      	cmp	r1, r2
10000e16:	d020      	beq.n	10000e5a <irq_add_tail_to_free_list+0x92>
10000e18:	212a      	movs	r1, #42	@ 0x2a
10000e1a:	5659      	ldrsb	r1, [r3, r1]
10000e1c:	2403      	movs	r4, #3
10000e1e:	4291      	cmp	r1, r2
10000e20:	d010      	beq.n	10000e44 <irq_add_tail_to_free_list+0x7c>
10000e22:	4b13      	ldr	r3, [pc, #76]	@ (10000e70 <irq_add_tail_to_free_list+0xa8>)
10000e24:	7819      	ldrb	r1, [r3, #0]
10000e26:	701a      	strb	r2, [r3, #0]
10000e28:	7181      	strb	r1, [r0, #6]
10000e2a:	f3bf 8f5f 	dmb	sy
10000e2e:	2200      	movs	r2, #0
10000e30:	4b0b      	ldr	r3, [pc, #44]	@ (10000e60 <irq_add_tail_to_free_list+0x98>)
10000e32:	601a      	str	r2, [r3, #0]
10000e34:	f38c 8810 	msr	PRIMASK, ip
10000e38:	bd70      	pop	{r4, r5, r6, pc}
10000e3a:	68ab      	ldr	r3, [r5, #8]
10000e3c:	4c0d      	ldr	r4, [pc, #52]	@ (10000e74 <irq_add_tail_to_free_list+0xac>)
10000e3e:	505c      	str	r4, [r3, r1]
10000e40:	e7ef      	b.n	10000e22 <irq_add_tail_to_free_list+0x5a>
10000e42:	2400      	movs	r4, #0
10000e44:	0061      	lsls	r1, r4, #1
10000e46:	1909      	adds	r1, r1, r4
10000e48:	0089      	lsls	r1, r1, #2
10000e4a:	185b      	adds	r3, r3, r1
10000e4c:	21ff      	movs	r1, #255	@ 0xff
10000e4e:	7199      	strb	r1, [r3, #6]
10000e50:	4909      	ldr	r1, [pc, #36]	@ (10000e78 <irq_add_tail_to_free_list+0xb0>)
10000e52:	8099      	strh	r1, [r3, #4]
10000e54:	e7e5      	b.n	10000e22 <irq_add_tail_to_free_list+0x5a>
10000e56:	2401      	movs	r4, #1
10000e58:	e7f4      	b.n	10000e44 <irq_add_tail_to_free_list+0x7c>
10000e5a:	2402      	movs	r4, #2
10000e5c:	e7f2      	b.n	10000e44 <irq_add_tail_to_free_list+0x7c>
10000e5e:	46c0      	nop			@ (mov r8, r8)
10000e60:	d0000124 	.word	0xd0000124
10000e64:	20000fec 	.word	0x20000fec
10000e68:	0000aaaa 	.word	0x0000aaaa
10000e6c:	e000ed00 	.word	0xe000ed00
10000e70:	20001fad 	.word	0x20001fad
10000e74:	100001c1 	.word	0x100001c1
10000e78:	ffffbd01 	.word	0xffffbd01

10000e7c <user_irq_claim_unused>:
10000e7c:	b510      	push	{r4, lr}
10000e7e:	4b08      	ldr	r3, [pc, #32]	@ (10000ea0 <user_irq_claim_unused+0x24>)
10000e80:	4c08      	ldr	r4, [pc, #32]	@ (10000ea4 <user_irq_claim_unused+0x28>)
10000e82:	b082      	sub	sp, #8
10000e84:	0001      	movs	r1, r0
10000e86:	9300      	str	r3, [sp, #0]
10000e88:	2200      	movs	r2, #0
10000e8a:	2305      	movs	r3, #5
10000e8c:	0020      	movs	r0, r4
10000e8e:	f7ff fdbd 	bl	10000a0c <hw_claim_unused_from_range>
10000e92:	2800      	cmp	r0, #0
10000e94:	db01      	blt.n	10000e9a <user_irq_claim_unused+0x1e>
10000e96:	231f      	movs	r3, #31
10000e98:	1a18      	subs	r0, r3, r0
10000e9a:	b002      	add	sp, #8
10000e9c:	bd10      	pop	{r4, pc}
10000e9e:	46c0      	nop			@ (mov r8, r8)
10000ea0:	10007680 	.word	0x10007680
10000ea4:	20001fb1 	.word	0x20001fb1

10000ea8 <lock_init>:
10000ea8:	4b02      	ldr	r3, [pc, #8]	@ (10000eb4 <lock_init+0xc>)
10000eaa:	469c      	mov	ip, r3
10000eac:	4461      	add	r1, ip
10000eae:	0089      	lsls	r1, r1, #2
10000eb0:	6001      	str	r1, [r0, #0]
10000eb2:	4770      	bx	lr
10000eb4:	34000040 	.word	0x34000040

10000eb8 <runtime_init_mutex>:
10000eb8:	b570      	push	{r4, r5, r6, lr}
10000eba:	4c11      	ldr	r4, [pc, #68]	@ (10000f00 <runtime_init_mutex+0x48>)
10000ebc:	4d11      	ldr	r5, [pc, #68]	@ (10000f04 <runtime_init_mutex+0x4c>)
10000ebe:	42ac      	cmp	r4, r5
10000ec0:	d20f      	bcs.n	10000ee2 <runtime_init_mutex+0x2a>
10000ec2:	26ff      	movs	r6, #255	@ 0xff
10000ec4:	6823      	ldr	r3, [r4, #0]
10000ec6:	2b00      	cmp	r3, #0
10000ec8:	d00c      	beq.n	10000ee4 <runtime_init_mutex+0x2c>
10000eca:	f7ff fde3 	bl	10000a94 <next_striped_spin_lock_num>
10000ece:	0001      	movs	r1, r0
10000ed0:	0020      	movs	r0, r4
10000ed2:	f7ff ffe9 	bl	10000ea8 <lock_init>
10000ed6:	80a6      	strh	r6, [r4, #4]
10000ed8:	f3bf 8f5f 	dmb	sy
10000edc:	3408      	adds	r4, #8
10000ede:	42ac      	cmp	r4, r5
10000ee0:	d3f0      	bcc.n	10000ec4 <runtime_init_mutex+0xc>
10000ee2:	bd70      	pop	{r4, r5, r6, pc}
10000ee4:	f7ff fdd6 	bl	10000a94 <next_striped_spin_lock_num>
10000ee8:	0001      	movs	r1, r0
10000eea:	0020      	movs	r0, r4
10000eec:	f7ff ffdc 	bl	10000ea8 <lock_init>
10000ef0:	7126      	strb	r6, [r4, #4]
10000ef2:	f3bf 8f5f 	dmb	sy
10000ef6:	3408      	adds	r4, #8
10000ef8:	42ac      	cmp	r4, r5
10000efa:	d3e3      	bcc.n	10000ec4 <runtime_init_mutex+0xc>
10000efc:	e7f1      	b.n	10000ee2 <runtime_init_mutex+0x2a>
10000efe:	46c0      	nop			@ (mov r8, r8)
10000f00:	200010a8 	.word	0x200010a8
10000f04:	200010b0 	.word	0x200010b0

10000f08 <mutex_init>:
10000f08:	b510      	push	{r4, lr}
10000f0a:	0004      	movs	r4, r0
10000f0c:	f7ff fdc2 	bl	10000a94 <next_striped_spin_lock_num>
10000f10:	0001      	movs	r1, r0
10000f12:	0020      	movs	r0, r4
10000f14:	f7ff ffc8 	bl	10000ea8 <lock_init>
10000f18:	23ff      	movs	r3, #255	@ 0xff
10000f1a:	7123      	strb	r3, [r4, #4]
10000f1c:	f3bf 8f5f 	dmb	sy
10000f20:	bd10      	pop	{r4, pc}
10000f22:	46c0      	nop			@ (mov r8, r8)

10000f24 <critical_section_init>:
10000f24:	b510      	push	{r4, lr}
10000f26:	0004      	movs	r4, r0
10000f28:	2001      	movs	r0, #1
10000f2a:	f7ff fdbf 	bl	10000aac <spin_lock_claim_unused>
10000f2e:	4b03      	ldr	r3, [pc, #12]	@ (10000f3c <critical_section_init+0x18>)
10000f30:	18c3      	adds	r3, r0, r3
10000f32:	009b      	lsls	r3, r3, #2
10000f34:	6023      	str	r3, [r4, #0]
10000f36:	f3bf 8f5f 	dmb	sy
10000f3a:	bd10      	pop	{r4, pc}
10000f3c:	34000040 	.word	0x34000040

10000f40 <critical_section_init_with_lock_num>:
10000f40:	4b03      	ldr	r3, [pc, #12]	@ (10000f50 <critical_section_init_with_lock_num+0x10>)
10000f42:	469c      	mov	ip, r3
10000f44:	4461      	add	r1, ip
10000f46:	0089      	lsls	r1, r1, #2
10000f48:	6001      	str	r1, [r0, #0]
10000f4a:	f3bf 8f5f 	dmb	sy
10000f4e:	4770      	bx	lr
10000f50:	34000040 	.word	0x34000040

10000f54 <sleep_until_callback>:
10000f54:	4b0a      	ldr	r3, [pc, #40]	@ (10000f80 <sleep_until_callback+0x2c>)
10000f56:	6819      	ldr	r1, [r3, #0]
10000f58:	f3ef 8010 	mrs	r0, PRIMASK
10000f5c:	b672      	cpsid	i
10000f5e:	680a      	ldr	r2, [r1, #0]
10000f60:	2a00      	cmp	r2, #0
10000f62:	d0fc      	beq.n	10000f5e <sleep_until_callback+0xa>
10000f64:	f3bf 8f5f 	dmb	sy
10000f68:	681b      	ldr	r3, [r3, #0]
10000f6a:	f3bf 8f5f 	dmb	sy
10000f6e:	2200      	movs	r2, #0
10000f70:	601a      	str	r2, [r3, #0]
10000f72:	f380 8810 	msr	PRIMASK, r0
10000f76:	bf40      	sev
10000f78:	2000      	movs	r0, #0
10000f7a:	2100      	movs	r1, #0
10000f7c:	4770      	bx	lr
10000f7e:	46c0      	nop			@ (mov r8, r8)
10000f80:	20001f8c 	.word	0x20001f8c

10000f84 <alarm_pool_irq_handler>:
10000f84:	b5f0      	push	{r4, r5, r6, r7, lr}
10000f86:	46de      	mov	lr, fp
10000f88:	4657      	mov	r7, sl
10000f8a:	464e      	mov	r6, r9
10000f8c:	4645      	mov	r5, r8
10000f8e:	b5e0      	push	{r5, r6, r7, lr}
10000f90:	b087      	sub	sp, #28
10000f92:	f3ef 8305 	mrs	r3, IPSR
10000f96:	2203      	movs	r2, #3
10000f98:	2501      	movs	r5, #1
10000f9a:	401a      	ands	r2, r3
10000f9c:	4095      	lsls	r5, r2
10000f9e:	0091      	lsls	r1, r2, #2
10000fa0:	4688      	mov	r8, r1
10000fa2:	46a9      	mov	r9, r5
10000fa4:	4bb3      	ldr	r3, [pc, #716]	@ (10001274 <alarm_pool_irq_handler+0x2f0>)
10000fa6:	9203      	str	r2, [sp, #12]
10000fa8:	585c      	ldr	r4, [r3, r1]
10000faa:	4bb3      	ldr	r3, [pc, #716]	@ (10001278 <alarm_pool_irq_handler+0x2f4>)
10000fac:	601d      	str	r5, [r3, #0]
10000fae:	4bb3      	ldr	r3, [pc, #716]	@ (1000127c <alarm_pool_irq_handler+0x2f8>)
10000fb0:	9304      	str	r3, [sp, #16]
10000fb2:	464b      	mov	r3, r9
10000fb4:	48b2      	ldr	r0, [pc, #712]	@ (10001280 <alarm_pool_irq_handler+0x2fc>)
10000fb6:	6343      	str	r3, [r0, #52]	@ 0x34
10000fb8:	2308      	movs	r3, #8
10000fba:	5ee5      	ldrsh	r5, [r4, r3]
10000fbc:	2d00      	cmp	r5, #0
10000fbe:	da37      	bge.n	10001030 <alarm_pool_irq_handler+0xac>
10000fc0:	88a3      	ldrh	r3, [r4, #4]
10000fc2:	b21b      	sxth	r3, r3
10000fc4:	2b00      	cmp	r3, #0
10000fc6:	db00      	blt.n	10000fca <alarm_pool_irq_handler+0x46>
10000fc8:	e0ad      	b.n	10001126 <alarm_pool_irq_handler+0x1a2>
10000fca:	79a3      	ldrb	r3, [r4, #6]
10000fcc:	2b00      	cmp	r3, #0
10000fce:	d000      	beq.n	10000fd2 <alarm_pool_irq_handler+0x4e>
10000fd0:	e0ee      	b.n	100011b0 <alarm_pool_irq_handler+0x22c>
10000fd2:	2308      	movs	r3, #8
10000fd4:	5ee0      	ldrsh	r0, [r4, r3]
10000fd6:	2800      	cmp	r0, #0
10000fd8:	db20      	blt.n	1000101c <alarm_pool_irq_handler+0x98>
10000fda:	0043      	lsls	r3, r0, #1
10000fdc:	6962      	ldr	r2, [r4, #20]
10000fde:	181b      	adds	r3, r3, r0
10000fe0:	00db      	lsls	r3, r3, #3
10000fe2:	18d3      	adds	r3, r2, r3
10000fe4:	689e      	ldr	r6, [r3, #8]
10000fe6:	68dd      	ldr	r5, [r3, #12]
10000fe8:	1c73      	adds	r3, r6, #1
10000fea:	d100      	bne.n	10000fee <alarm_pool_irq_handler+0x6a>
10000fec:	e111      	b.n	10001212 <alarm_pool_irq_handler+0x28e>
10000fee:	48a4      	ldr	r0, [pc, #656]	@ (10001280 <alarm_pool_irq_handler+0x2fc>)
10000ff0:	0001      	movs	r1, r0
10000ff2:	4441      	add	r1, r8
10000ff4:	6a82      	ldr	r2, [r0, #40]	@ 0x28
10000ff6:	690b      	ldr	r3, [r1, #16]
10000ff8:	1ab7      	subs	r7, r6, r2
10000ffa:	1a9b      	subs	r3, r3, r2
10000ffc:	429f      	cmp	r7, r3
10000ffe:	d315      	bcc.n	1000102c <alarm_pool_irq_handler+0xa8>
10001000:	2301      	movs	r3, #1
10001002:	6a02      	ldr	r2, [r0, #32]
10001004:	9803      	ldr	r0, [sp, #12]
10001006:	4083      	lsls	r3, r0
10001008:	421a      	tst	r2, r3
1000100a:	d00f      	beq.n	1000102c <alarm_pool_irq_handler+0xa8>
1000100c:	489c      	ldr	r0, [pc, #624]	@ (10001280 <alarm_pool_irq_handler+0x2fc>)
1000100e:	f000 fbb5 	bl	1000177c <timer_time_us_64>
10001012:	428d      	cmp	r5, r1
10001014:	dc02      	bgt.n	1000101c <alarm_pool_irq_handler+0x98>
10001016:	d1cc      	bne.n	10000fb2 <alarm_pool_irq_handler+0x2e>
10001018:	4286      	cmp	r6, r0
1000101a:	d9ca      	bls.n	10000fb2 <alarm_pool_irq_handler+0x2e>
1000101c:	bf40      	sev
1000101e:	b007      	add	sp, #28
10001020:	bcf0      	pop	{r4, r5, r6, r7}
10001022:	46bb      	mov	fp, r7
10001024:	46b2      	mov	sl, r6
10001026:	46a9      	mov	r9, r5
10001028:	46a0      	mov	r8, r4
1000102a:	bdf0      	pop	{r4, r5, r6, r7, pc}
1000102c:	610e      	str	r6, [r1, #16]
1000102e:	e7ed      	b.n	1000100c <alarm_pool_irq_handler+0x88>
10001030:	6962      	ldr	r2, [r4, #20]
10001032:	006b      	lsls	r3, r5, #1
10001034:	4692      	mov	sl, r2
10001036:	195b      	adds	r3, r3, r5
10001038:	00db      	lsls	r3, r3, #3
1000103a:	449a      	add	sl, r3
1000103c:	4653      	mov	r3, sl
1000103e:	689e      	ldr	r6, [r3, #8]
10001040:	68df      	ldr	r7, [r3, #12]
10001042:	f000 fb9b 	bl	1000177c <timer_time_us_64>
10001046:	428f      	cmp	r7, r1
10001048:	dcba      	bgt.n	10000fc0 <alarm_pool_irq_handler+0x3c>
1000104a:	d100      	bne.n	1000104e <alarm_pool_irq_handler+0xca>
1000104c:	e103      	b.n	10001256 <alarm_pool_irq_handler+0x2d2>
1000104e:	2f00      	cmp	r7, #0
10001050:	da00      	bge.n	10001054 <alarm_pool_irq_handler+0xd0>
10001052:	e0e8      	b.n	10001226 <alarm_pool_irq_handler+0x2a2>
10001054:	4652      	mov	r2, sl
10001056:	4653      	mov	r3, sl
10001058:	6952      	ldr	r2, [r2, #20]
1000105a:	691b      	ldr	r3, [r3, #16]
1000105c:	4693      	mov	fp, r2
1000105e:	9a04      	ldr	r2, [sp, #16]
10001060:	4293      	cmp	r3, r2
10001062:	d100      	bne.n	10001066 <alarm_pool_irq_handler+0xe2>
10001064:	e0d9      	b.n	1000121a <alarm_pool_irq_handler+0x296>
10001066:	4652      	mov	r2, sl
10001068:	2108      	movs	r1, #8
1000106a:	5e60      	ldrsh	r0, [r4, r1]
1000106c:	8852      	ldrh	r2, [r2, #2]
1000106e:	0400      	lsls	r0, r0, #16
10001070:	4659      	mov	r1, fp
10001072:	4310      	orrs	r0, r2
10001074:	4798      	blx	r3
10001076:	9000      	str	r0, [sp, #0]
10001078:	9101      	str	r1, [sp, #4]
1000107a:	9900      	ldr	r1, [sp, #0]
1000107c:	9a01      	ldr	r2, [sp, #4]
1000107e:	000b      	movs	r3, r1
10001080:	0010      	movs	r0, r2
10001082:	4313      	orrs	r3, r2
10001084:	d100      	bne.n	10001088 <alarm_pool_irq_handler+0x104>
10001086:	e0ce      	b.n	10001226 <alarm_pool_irq_handler+0x2a2>
10001088:	0013      	movs	r3, r2
1000108a:	000a      	movs	r2, r1
1000108c:	1ab6      	subs	r6, r6, r2
1000108e:	419f      	sbcs	r7, r3
10001090:	2800      	cmp	r0, #0
10001092:	db06      	blt.n	100010a2 <alarm_pool_irq_handler+0x11e>
10001094:	487a      	ldr	r0, [pc, #488]	@ (10001280 <alarm_pool_irq_handler+0x2fc>)
10001096:	f000 fb71 	bl	1000177c <timer_time_us_64>
1000109a:	9e00      	ldr	r6, [sp, #0]
1000109c:	9f01      	ldr	r7, [sp, #4]
1000109e:	1836      	adds	r6, r6, r0
100010a0:	414f      	adcs	r7, r1
100010a2:	4653      	mov	r3, sl
100010a4:	609e      	str	r6, [r3, #8]
100010a6:	60df      	str	r7, [r3, #12]
100010a8:	2200      	movs	r2, #0
100010aa:	5e9a      	ldrsh	r2, [r3, r2]
100010ac:	2a00      	cmp	r2, #0
100010ae:	da00      	bge.n	100010b2 <alarm_pool_irq_handler+0x12e>
100010b0:	e786      	b.n	10000fc0 <alarm_pool_irq_handler+0x3c>
100010b2:	0053      	lsls	r3, r2, #1
100010b4:	1899      	adds	r1, r3, r2
100010b6:	6960      	ldr	r0, [r4, #20]
100010b8:	00c9      	lsls	r1, r1, #3
100010ba:	1841      	adds	r1, r0, r1
100010bc:	9302      	str	r3, [sp, #8]
100010be:	688b      	ldr	r3, [r1, #8]
100010c0:	68c9      	ldr	r1, [r1, #12]
100010c2:	469b      	mov	fp, r3
100010c4:	42b9      	cmp	r1, r7
100010c6:	dd00      	ble.n	100010ca <alarm_pool_irq_handler+0x146>
100010c8:	e77a      	b.n	10000fc0 <alarm_pool_irq_handler+0x3c>
100010ca:	d102      	bne.n	100010d2 <alarm_pool_irq_handler+0x14e>
100010cc:	42b3      	cmp	r3, r6
100010ce:	d900      	bls.n	100010d2 <alarm_pool_irq_handler+0x14e>
100010d0:	e776      	b.n	10000fc0 <alarm_pool_irq_handler+0x3c>
100010d2:	2308      	movs	r3, #8
100010d4:	469c      	mov	ip, r3
100010d6:	44a4      	add	ip, r4
100010d8:	9505      	str	r5, [sp, #20]
100010da:	4665      	mov	r5, ip
100010dc:	8122      	strh	r2, [r4, #8]
100010de:	46a4      	mov	ip, r4
100010e0:	9b02      	ldr	r3, [sp, #8]
100010e2:	002c      	movs	r4, r5
100010e4:	e006      	b.n	100010f4 <alarm_pool_irq_handler+0x170>
100010e6:	0053      	lsls	r3, r2, #1
100010e8:	1899      	adds	r1, r3, r2
100010ea:	00c9      	lsls	r1, r1, #3
100010ec:	1841      	adds	r1, r0, r1
100010ee:	688d      	ldr	r5, [r1, #8]
100010f0:	68c9      	ldr	r1, [r1, #12]
100010f2:	46ab      	mov	fp, r5
100010f4:	189b      	adds	r3, r3, r2
100010f6:	00db      	lsls	r3, r3, #3
100010f8:	18c3      	adds	r3, r0, r3
100010fa:	42b9      	cmp	r1, r7
100010fc:	dc06      	bgt.n	1000110c <alarm_pool_irq_handler+0x188>
100010fe:	d100      	bne.n	10001102 <alarm_pool_irq_handler+0x17e>
10001100:	e0b3      	b.n	1000126a <alarm_pool_irq_handler+0x2e6>
10001102:	001c      	movs	r4, r3
10001104:	2300      	movs	r3, #0
10001106:	5ee2      	ldrsh	r2, [r4, r3]
10001108:	2a00      	cmp	r2, #0
1000110a:	daec      	bge.n	100010e6 <alarm_pool_irq_handler+0x162>
1000110c:	0023      	movs	r3, r4
1000110e:	4664      	mov	r4, ip
10001110:	469c      	mov	ip, r3
10001112:	4653      	mov	r3, sl
10001114:	801a      	strh	r2, [r3, #0]
10001116:	4663      	mov	r3, ip
10001118:	9d05      	ldr	r5, [sp, #20]
1000111a:	801d      	strh	r5, [r3, #0]
1000111c:	88a3      	ldrh	r3, [r4, #4]
1000111e:	b21b      	sxth	r3, r3
10001120:	2b00      	cmp	r3, #0
10001122:	da00      	bge.n	10001126 <alarm_pool_irq_handler+0x1a2>
10001124:	e751      	b.n	10000fca <alarm_pool_irq_handler+0x46>
10001126:	6922      	ldr	r2, [r4, #16]
10001128:	f3ef 8110 	mrs	r1, PRIMASK
1000112c:	b672      	cpsid	i
1000112e:	6813      	ldr	r3, [r2, #0]
10001130:	2b00      	cmp	r3, #0
10001132:	d0fc      	beq.n	1000112e <alarm_pool_irq_handler+0x1aa>
10001134:	f3bf 8f5f 	dmb	sy
10001138:	2301      	movs	r3, #1
1000113a:	88a7      	ldrh	r7, [r4, #4]
1000113c:	425b      	negs	r3, r3
1000113e:	80a3      	strh	r3, [r4, #4]
10001140:	b23f      	sxth	r7, r7
10001142:	6923      	ldr	r3, [r4, #16]
10001144:	f3bf 8f5f 	dmb	sy
10001148:	2200      	movs	r2, #0
1000114a:	601a      	str	r2, [r3, #0]
1000114c:	f381 8810 	msr	PRIMASK, r1
10001150:	2f00      	cmp	r7, #0
10001152:	da00      	bge.n	10001156 <alarm_pool_irq_handler+0x1d2>
10001154:	e739      	b.n	10000fca <alarm_pool_irq_handler+0x46>
10001156:	0023      	movs	r3, r4
10001158:	3308      	adds	r3, #8
1000115a:	0022      	movs	r2, r4
1000115c:	469a      	mov	sl, r3
1000115e:	6966      	ldr	r6, [r4, #20]
10001160:	007b      	lsls	r3, r7, #1
10001162:	19db      	adds	r3, r3, r7
10001164:	00db      	lsls	r3, r3, #3
10001166:	18f3      	adds	r3, r6, r3
10001168:	6899      	ldr	r1, [r3, #8]
1000116a:	4650      	mov	r0, sl
1000116c:	468c      	mov	ip, r1
1000116e:	2408      	movs	r4, #8
10001170:	5f11      	ldrsh	r1, [r2, r4]
10001172:	68dd      	ldr	r5, [r3, #12]
10001174:	2900      	cmp	r1, #0
10001176:	db10      	blt.n	1000119a <alarm_pool_irq_handler+0x216>
10001178:	9302      	str	r3, [sp, #8]
1000117a:	e006      	b.n	1000118a <alarm_pool_irq_handler+0x206>
1000117c:	42ab      	cmp	r3, r5
1000117e:	d044      	beq.n	1000120a <alarm_pool_irq_handler+0x286>
10001180:	2300      	movs	r3, #0
10001182:	5ee1      	ldrsh	r1, [r4, r3]
10001184:	0020      	movs	r0, r4
10001186:	2900      	cmp	r1, #0
10001188:	db06      	blt.n	10001198 <alarm_pool_irq_handler+0x214>
1000118a:	004c      	lsls	r4, r1, #1
1000118c:	1864      	adds	r4, r4, r1
1000118e:	00e4      	lsls	r4, r4, #3
10001190:	1934      	adds	r4, r6, r4
10001192:	68e3      	ldr	r3, [r4, #12]
10001194:	42ab      	cmp	r3, r5
10001196:	ddf1      	ble.n	1000117c <alarm_pool_irq_handler+0x1f8>
10001198:	9b02      	ldr	r3, [sp, #8]
1000119a:	8007      	strh	r7, [r0, #0]
1000119c:	2000      	movs	r0, #0
1000119e:	5e1f      	ldrsh	r7, [r3, r0]
100011a0:	8019      	strh	r1, [r3, #0]
100011a2:	2f00      	cmp	r7, #0
100011a4:	dadc      	bge.n	10001160 <alarm_pool_irq_handler+0x1dc>
100011a6:	0014      	movs	r4, r2
100011a8:	79a3      	ldrb	r3, [r4, #6]
100011aa:	2b00      	cmp	r3, #0
100011ac:	d100      	bne.n	100011b0 <alarm_pool_irq_handler+0x22c>
100011ae:	e710      	b.n	10000fd2 <alarm_pool_irq_handler+0x4e>
100011b0:	2300      	movs	r3, #0
100011b2:	71a3      	strb	r3, [r4, #6]
100011b4:	0026      	movs	r6, r4
100011b6:	2308      	movs	r3, #8
100011b8:	5ee1      	ldrsh	r1, [r4, r3]
100011ba:	3608      	adds	r6, #8
100011bc:	1c4b      	adds	r3, r1, #1
100011be:	d100      	bne.n	100011c2 <alarm_pool_irq_handler+0x23e>
100011c0:	e72c      	b.n	1000101c <alarm_pool_irq_handler+0x98>
100011c2:	0008      	movs	r0, r1
100011c4:	46a2      	mov	sl, r4
100011c6:	6965      	ldr	r5, [r4, #20]
100011c8:	e002      	b.n	100011d0 <alarm_pool_irq_handler+0x24c>
100011ca:	003e      	movs	r6, r7
100011cc:	1c4b      	adds	r3, r1, #1
100011ce:	d01a      	beq.n	10001206 <alarm_pool_irq_handler+0x282>
100011d0:	004b      	lsls	r3, r1, #1
100011d2:	185b      	adds	r3, r3, r1
100011d4:	00db      	lsls	r3, r3, #3
100011d6:	18ef      	adds	r7, r5, r3
100011d8:	000a      	movs	r2, r1
100011da:	468c      	mov	ip, r1
100011dc:	5ee9      	ldrsh	r1, [r5, r3]
100011de:	887b      	ldrh	r3, [r7, #2]
100011e0:	b21b      	sxth	r3, r3
100011e2:	2b00      	cmp	r3, #0
100011e4:	daf1      	bge.n	100011ca <alarm_pool_irq_handler+0x246>
100011e6:	2301      	movs	r3, #1
100011e8:	425b      	negs	r3, r3
100011ea:	17dc      	asrs	r4, r3, #31
100011ec:	60bb      	str	r3, [r7, #8]
100011ee:	60fc      	str	r4, [r7, #12]
100011f0:	4282      	cmp	r2, r0
100011f2:	d005      	beq.n	10001200 <alarm_pool_irq_handler+0x27c>
100011f4:	4653      	mov	r3, sl
100011f6:	8031      	strh	r1, [r6, #0]
100011f8:	891b      	ldrh	r3, [r3, #8]
100011fa:	803b      	strh	r3, [r7, #0]
100011fc:	4653      	mov	r3, sl
100011fe:	811a      	strh	r2, [r3, #8]
10001200:	4660      	mov	r0, ip
10001202:	1c4b      	adds	r3, r1, #1
10001204:	d1e4      	bne.n	100011d0 <alarm_pool_irq_handler+0x24c>
10001206:	4654      	mov	r4, sl
10001208:	e6e5      	b.n	10000fd6 <alarm_pool_irq_handler+0x52>
1000120a:	68a3      	ldr	r3, [r4, #8]
1000120c:	4563      	cmp	r3, ip
1000120e:	d9b7      	bls.n	10001180 <alarm_pool_irq_handler+0x1fc>
10001210:	e7c2      	b.n	10001198 <alarm_pool_irq_handler+0x214>
10001212:	1c6b      	adds	r3, r5, #1
10001214:	d000      	beq.n	10001218 <alarm_pool_irq_handler+0x294>
10001216:	e6ea      	b.n	10000fee <alarm_pool_irq_handler+0x6a>
10001218:	e6f8      	b.n	1000100c <alarm_pool_irq_handler+0x88>
1000121a:	465b      	mov	r3, fp
1000121c:	4658      	mov	r0, fp
1000121e:	691b      	ldr	r3, [r3, #16]
10001220:	4798      	blx	r3
10001222:	2800      	cmp	r0, #0
10001224:	d11b      	bne.n	1000125e <alarm_pool_irq_handler+0x2da>
10001226:	4653      	mov	r3, sl
10001228:	881b      	ldrh	r3, [r3, #0]
1000122a:	6922      	ldr	r2, [r4, #16]
1000122c:	8123      	strh	r3, [r4, #8]
1000122e:	f3ef 8310 	mrs	r3, PRIMASK
10001232:	b672      	cpsid	i
10001234:	6811      	ldr	r1, [r2, #0]
10001236:	2900      	cmp	r1, #0
10001238:	d0fc      	beq.n	10001234 <alarm_pool_irq_handler+0x2b0>
1000123a:	f3bf 8f5f 	dmb	sy
1000123e:	4651      	mov	r1, sl
10001240:	8862      	ldrh	r2, [r4, #2]
10001242:	800a      	strh	r2, [r1, #0]
10001244:	6922      	ldr	r2, [r4, #16]
10001246:	8065      	strh	r5, [r4, #2]
10001248:	f3bf 8f5f 	dmb	sy
1000124c:	2100      	movs	r1, #0
1000124e:	6011      	str	r1, [r2, #0]
10001250:	f383 8810 	msr	PRIMASK, r3
10001254:	e6b4      	b.n	10000fc0 <alarm_pool_irq_handler+0x3c>
10001256:	4286      	cmp	r6, r0
10001258:	d800      	bhi.n	1000125c <alarm_pool_irq_handler+0x2d8>
1000125a:	e6f8      	b.n	1000104e <alarm_pool_irq_handler+0xca>
1000125c:	e6b0      	b.n	10000fc0 <alarm_pool_irq_handler+0x3c>
1000125e:	465b      	mov	r3, fp
10001260:	681a      	ldr	r2, [r3, #0]
10001262:	685b      	ldr	r3, [r3, #4]
10001264:	9200      	str	r2, [sp, #0]
10001266:	9301      	str	r3, [sp, #4]
10001268:	e707      	b.n	1000107a <alarm_pool_irq_handler+0xf6>
1000126a:	45b3      	cmp	fp, r6
1000126c:	d800      	bhi.n	10001270 <alarm_pool_irq_handler+0x2ec>
1000126e:	e748      	b.n	10001102 <alarm_pool_irq_handler+0x17e>
10001270:	e74c      	b.n	1000110c <alarm_pool_irq_handler+0x188>
10001272:	46c0      	nop			@ (mov r8, r8)
10001274:	20001f68 	.word	0x20001f68
10001278:	4005703c 	.word	0x4005703c
1000127c:	10000f85 	.word	0x10000f85
10001280:	40054000 	.word	0x40054000

10001284 <runtime_init_default_alarm_pool>:
10001284:	b570      	push	{r4, r5, r6, lr}
10001286:	4c2e      	ldr	r4, [pc, #184]	@ (10001340 <runtime_init_default_alarm_pool+0xbc>)
10001288:	6925      	ldr	r5, [r4, #16]
1000128a:	2d00      	cmp	r5, #0
1000128c:	d004      	beq.n	10001298 <runtime_init_default_alarm_pool+0x14>
1000128e:	210a      	movs	r1, #10
10001290:	482c      	ldr	r0, [pc, #176]	@ (10001344 <runtime_init_default_alarm_pool+0xc0>)
10001292:	f7ff fe09 	bl	10000ea8 <lock_init>
10001296:	bd70      	pop	{r4, r5, r6, pc}
10001298:	4e2b      	ldr	r6, [pc, #172]	@ (10001348 <runtime_init_default_alarm_pool+0xc4>)
1000129a:	2103      	movs	r1, #3
1000129c:	0030      	movs	r0, r6
1000129e:	f000 fa63 	bl	10001768 <timer_hardware_alarm_claim>
100012a2:	60e6      	str	r6, [r4, #12]
100012a4:	f7ff fbf6 	bl	10000a94 <next_striped_spin_lock_num>
100012a8:	4b28      	ldr	r3, [pc, #160]	@ (1000134c <runtime_init_default_alarm_pool+0xc8>)
100012aa:	2203      	movs	r2, #3
100012ac:	469c      	mov	ip, r3
100012ae:	23d0      	movs	r3, #208	@ 0xd0
100012b0:	7022      	strb	r2, [r4, #0]
100012b2:	061b      	lsls	r3, r3, #24
100012b4:	681b      	ldr	r3, [r3, #0]
100012b6:	2101      	movs	r1, #1
100012b8:	7063      	strb	r3, [r4, #1]
100012ba:	4b25      	ldr	r3, [pc, #148]	@ (10001350 <runtime_init_default_alarm_pool+0xcc>)
100012bc:	4460      	add	r0, ip
100012be:	60a3      	str	r3, [r4, #8]
100012c0:	230f      	movs	r3, #15
100012c2:	0080      	lsls	r0, r0, #2
100012c4:	6120      	str	r0, [r4, #16]
100012c6:	2002      	movs	r0, #2
100012c8:	8063      	strh	r3, [r4, #2]
100012ca:	6963      	ldr	r3, [r4, #20]
100012cc:	4249      	negs	r1, r1
100012ce:	80a1      	strh	r1, [r4, #4]
100012d0:	8019      	strh	r1, [r3, #0]
100012d2:	3102      	adds	r1, #2
100012d4:	8619      	strh	r1, [r3, #48]	@ 0x30
100012d6:	3147      	adds	r1, #71	@ 0x47
100012d8:	831d      	strh	r5, [r3, #24]
100012da:	5258      	strh	r0, [r3, r1]
100012dc:	3118      	adds	r1, #24
100012de:	525a      	strh	r2, [r3, r1]
100012e0:	3275      	adds	r2, #117	@ 0x75
100012e2:	395c      	subs	r1, #92	@ 0x5c
100012e4:	5299      	strh	r1, [r3, r2]
100012e6:	3218      	adds	r2, #24
100012e8:	3101      	adds	r1, #1
100012ea:	5299      	strh	r1, [r3, r2]
100012ec:	3218      	adds	r2, #24
100012ee:	3101      	adds	r1, #1
100012f0:	5299      	strh	r1, [r3, r2]
100012f2:	3218      	adds	r2, #24
100012f4:	3101      	adds	r1, #1
100012f6:	5299      	strh	r1, [r3, r2]
100012f8:	3508      	adds	r5, #8
100012fa:	3218      	adds	r2, #24
100012fc:	529d      	strh	r5, [r3, r2]
100012fe:	3102      	adds	r1, #2
10001300:	3218      	adds	r2, #24
10001302:	5299      	strh	r1, [r3, r2]
10001304:	3218      	adds	r2, #24
10001306:	3101      	adds	r1, #1
10001308:	5299      	strh	r1, [r3, r2]
1000130a:	3218      	adds	r2, #24
1000130c:	3101      	adds	r1, #1
1000130e:	5299      	strh	r1, [r3, r2]
10001310:	3218      	adds	r2, #24
10001312:	3101      	adds	r1, #1
10001314:	5299      	strh	r1, [r3, r2]
10001316:	3218      	adds	r2, #24
10001318:	3101      	adds	r1, #1
1000131a:	5299      	strh	r1, [r3, r2]
1000131c:	3218      	adds	r2, #24
1000131e:	3101      	adds	r1, #1
10001320:	5299      	strh	r1, [r3, r2]
10001322:	4b0c      	ldr	r3, [pc, #48]	@ (10001354 <runtime_init_default_alarm_pool+0xd0>)
10001324:	490c      	ldr	r1, [pc, #48]	@ (10001358 <runtime_init_default_alarm_pool+0xd4>)
10001326:	60dc      	str	r4, [r3, #12]
10001328:	3001      	adds	r0, #1
1000132a:	6235      	str	r5, [r6, #32]
1000132c:	f7ff fc28 	bl	10000b80 <irq_set_exclusive_handler>
10001330:	2101      	movs	r1, #1
10001332:	2003      	movs	r0, #3
10001334:	f7ff fbec 	bl	10000b10 <irq_set_enabled>
10001338:	4b08      	ldr	r3, [pc, #32]	@ (1000135c <runtime_init_default_alarm_pool+0xd8>)
1000133a:	601d      	str	r5, [r3, #0]
1000133c:	e7a7      	b.n	1000128e <runtime_init_default_alarm_pool+0xa>
1000133e:	46c0      	nop			@ (mov r8, r8)
10001340:	20001034 	.word	0x20001034
10001344:	20001f8c 	.word	0x20001f8c
10001348:	40054000 	.word	0x40054000
1000134c:	34000040 	.word	0x34000040
10001350:	0010ffff 	.word	0x0010ffff
10001354:	20001f68 	.word	0x20001f68
10001358:	10000f85 	.word	0x10000f85
1000135c:	40056038 	.word	0x40056038

10001360 <alarm_pool_get_default>:
10001360:	4800      	ldr	r0, [pc, #0]	@ (10001364 <alarm_pool_get_default+0x4>)
10001362:	4770      	bx	lr
10001364:	20001034 	.word	0x20001034

10001368 <alarm_pool_add_alarm_at>:
10001368:	b5f8      	push	{r3, r4, r5, r6, r7, lr}
1000136a:	001f      	movs	r7, r3
1000136c:	ab08      	add	r3, sp, #32
1000136e:	781b      	ldrb	r3, [r3, #0]
10001370:	0004      	movs	r4, r0
10001372:	0016      	movs	r6, r2
10001374:	2b00      	cmp	r3, #0
10001376:	d108      	bne.n	1000138a <alarm_pool_add_alarm_at+0x22>
10001378:	f000 fa08 	bl	1000178c <time_us_64>
1000137c:	0032      	movs	r2, r6
1000137e:	003b      	movs	r3, r7
10001380:	1a12      	subs	r2, r2, r0
10001382:	418b      	sbcs	r3, r1
10001384:	2b00      	cmp	r3, #0
10001386:	da00      	bge.n	1000138a <alarm_pool_add_alarm_at+0x22>
10001388:	e052      	b.n	10001430 <alarm_pool_add_alarm_at+0xc8>
1000138a:	6922      	ldr	r2, [r4, #16]
1000138c:	f3ef 8010 	mrs	r0, PRIMASK
10001390:	b672      	cpsid	i
10001392:	6813      	ldr	r3, [r2, #0]
10001394:	2b00      	cmp	r3, #0
10001396:	d0fc      	beq.n	10001392 <alarm_pool_add_alarm_at+0x2a>
10001398:	f3bf 8f5f 	dmb	sy
1000139c:	2302      	movs	r3, #2
1000139e:	5ee1      	ldrsh	r1, [r4, r3]
100013a0:	6963      	ldr	r3, [r4, #20]
100013a2:	004a      	lsls	r2, r1, #1
100013a4:	1852      	adds	r2, r2, r1
100013a6:	00d2      	lsls	r2, r2, #3
100013a8:	189b      	adds	r3, r3, r2
100013aa:	6922      	ldr	r2, [r4, #16]
100013ac:	2900      	cmp	r1, #0
100013ae:	db36      	blt.n	1000141e <alarm_pool_add_alarm_at+0xb6>
100013b0:	881d      	ldrh	r5, [r3, #0]
100013b2:	8065      	strh	r5, [r4, #2]
100013b4:	f3bf 8f5f 	dmb	sy
100013b8:	2500      	movs	r5, #0
100013ba:	6015      	str	r5, [r2, #0]
100013bc:	f380 8810 	msr	PRIMASK, r0
100013c0:	9a06      	ldr	r2, [sp, #24]
100013c2:	609e      	str	r6, [r3, #8]
100013c4:	60df      	str	r7, [r3, #12]
100013c6:	611a      	str	r2, [r3, #16]
100013c8:	9a07      	ldr	r2, [sp, #28]
100013ca:	615a      	str	r2, [r3, #20]
100013cc:	885a      	ldrh	r2, [r3, #2]
100013ce:	3201      	adds	r2, #1
100013d0:	0452      	lsls	r2, r2, #17
100013d2:	0c52      	lsrs	r2, r2, #17
100013d4:	1c10      	adds	r0, r2, #0
100013d6:	2a00      	cmp	r2, #0
100013d8:	d01f      	beq.n	1000141a <alarm_pool_add_alarm_at+0xb2>
100013da:	b282      	uxth	r2, r0
100013dc:	8058      	strh	r0, [r3, #2]
100013de:	0408      	lsls	r0, r1, #16
100013e0:	4310      	orrs	r0, r2
100013e2:	6926      	ldr	r6, [r4, #16]
100013e4:	f3ef 8710 	mrs	r7, PRIMASK
100013e8:	b672      	cpsid	i
100013ea:	6832      	ldr	r2, [r6, #0]
100013ec:	2a00      	cmp	r2, #0
100013ee:	d0fc      	beq.n	100013ea <alarm_pool_add_alarm_at+0x82>
100013f0:	f3bf 8f5f 	dmb	sy
100013f4:	88a2      	ldrh	r2, [r4, #4]
100013f6:	801a      	strh	r2, [r3, #0]
100013f8:	80a1      	strh	r1, [r4, #4]
100013fa:	6923      	ldr	r3, [r4, #16]
100013fc:	f3bf 8f5f 	dmb	sy
10001400:	2200      	movs	r2, #0
10001402:	601a      	str	r2, [r3, #0]
10001404:	f387 8810 	msr	PRIMASK, r7
10001408:	490a      	ldr	r1, [pc, #40]	@ (10001434 <alarm_pool_add_alarm_at+0xcc>)
1000140a:	7823      	ldrb	r3, [r4, #0]
1000140c:	468c      	mov	ip, r1
1000140e:	3201      	adds	r2, #1
10001410:	409a      	lsls	r2, r3
10001412:	68e3      	ldr	r3, [r4, #12]
10001414:	4463      	add	r3, ip
10001416:	601a      	str	r2, [r3, #0]
10001418:	bdf8      	pop	{r3, r4, r5, r6, r7, pc}
1000141a:	2001      	movs	r0, #1
1000141c:	e7dd      	b.n	100013da <alarm_pool_add_alarm_at+0x72>
1000141e:	f3bf 8f5f 	dmb	sy
10001422:	2300      	movs	r3, #0
10001424:	6013      	str	r3, [r2, #0]
10001426:	f380 8810 	msr	PRIMASK, r0
1000142a:	2001      	movs	r0, #1
1000142c:	4240      	negs	r0, r0
1000142e:	e7f3      	b.n	10001418 <alarm_pool_add_alarm_at+0xb0>
10001430:	2000      	movs	r0, #0
10001432:	e7f1      	b.n	10001418 <alarm_pool_add_alarm_at+0xb0>
10001434:	0000203c 	.word	0x0000203c

10001438 <alarm_pool_add_alarm_at_force_in_context>:
10001438:	b570      	push	{r4, r5, r6, lr}
1000143a:	0001      	movs	r1, r0
1000143c:	6904      	ldr	r4, [r0, #16]
1000143e:	f3ef 8c10 	mrs	ip, PRIMASK
10001442:	b672      	cpsid	i
10001444:	6820      	ldr	r0, [r4, #0]
10001446:	2800      	cmp	r0, #0
10001448:	d0fc      	beq.n	10001444 <alarm_pool_add_alarm_at_force_in_context+0xc>
1000144a:	f3bf 8f5f 	dmb	sy
1000144e:	2002      	movs	r0, #2
10001450:	5e0d      	ldrsh	r5, [r1, r0]
10001452:	694c      	ldr	r4, [r1, #20]
10001454:	0068      	lsls	r0, r5, #1
10001456:	1940      	adds	r0, r0, r5
10001458:	00c0      	lsls	r0, r0, #3
1000145a:	1824      	adds	r4, r4, r0
1000145c:	6908      	ldr	r0, [r1, #16]
1000145e:	2d00      	cmp	r5, #0
10001460:	db36      	blt.n	100014d0 <alarm_pool_add_alarm_at_force_in_context+0x98>
10001462:	8826      	ldrh	r6, [r4, #0]
10001464:	804e      	strh	r6, [r1, #2]
10001466:	f3bf 8f5f 	dmb	sy
1000146a:	2600      	movs	r6, #0
1000146c:	6006      	str	r6, [r0, #0]
1000146e:	f38c 8810 	msr	PRIMASK, ip
10001472:	60e3      	str	r3, [r4, #12]
10001474:	8863      	ldrh	r3, [r4, #2]
10001476:	9804      	ldr	r0, [sp, #16]
10001478:	3301      	adds	r3, #1
1000147a:	6120      	str	r0, [r4, #16]
1000147c:	045b      	lsls	r3, r3, #17
1000147e:	9805      	ldr	r0, [sp, #20]
10001480:	0c5b      	lsrs	r3, r3, #17
10001482:	60a2      	str	r2, [r4, #8]
10001484:	6160      	str	r0, [r4, #20]
10001486:	1c1a      	adds	r2, r3, #0
10001488:	2b00      	cmp	r3, #0
1000148a:	d01f      	beq.n	100014cc <alarm_pool_add_alarm_at_force_in_context+0x94>
1000148c:	b293      	uxth	r3, r2
1000148e:	0428      	lsls	r0, r5, #16
10001490:	8062      	strh	r2, [r4, #2]
10001492:	4318      	orrs	r0, r3
10001494:	690a      	ldr	r2, [r1, #16]
10001496:	f3ef 8c10 	mrs	ip, PRIMASK
1000149a:	b672      	cpsid	i
1000149c:	6813      	ldr	r3, [r2, #0]
1000149e:	2b00      	cmp	r3, #0
100014a0:	d0fc      	beq.n	1000149c <alarm_pool_add_alarm_at_force_in_context+0x64>
100014a2:	f3bf 8f5f 	dmb	sy
100014a6:	888b      	ldrh	r3, [r1, #4]
100014a8:	8023      	strh	r3, [r4, #0]
100014aa:	808d      	strh	r5, [r1, #4]
100014ac:	690b      	ldr	r3, [r1, #16]
100014ae:	f3bf 8f5f 	dmb	sy
100014b2:	2200      	movs	r2, #0
100014b4:	601a      	str	r2, [r3, #0]
100014b6:	f38c 8810 	msr	PRIMASK, ip
100014ba:	780b      	ldrb	r3, [r1, #0]
100014bc:	3201      	adds	r2, #1
100014be:	409a      	lsls	r2, r3
100014c0:	68cb      	ldr	r3, [r1, #12]
100014c2:	4908      	ldr	r1, [pc, #32]	@ (100014e4 <alarm_pool_add_alarm_at_force_in_context+0xac>)
100014c4:	468c      	mov	ip, r1
100014c6:	4463      	add	r3, ip
100014c8:	601a      	str	r2, [r3, #0]
100014ca:	bd70      	pop	{r4, r5, r6, pc}
100014cc:	2201      	movs	r2, #1
100014ce:	e7dd      	b.n	1000148c <alarm_pool_add_alarm_at_force_in_context+0x54>
100014d0:	f3bf 8f5f 	dmb	sy
100014d4:	2300      	movs	r3, #0
100014d6:	6003      	str	r3, [r0, #0]
100014d8:	f38c 8810 	msr	PRIMASK, ip
100014dc:	2001      	movs	r0, #1
100014de:	4240      	negs	r0, r0
100014e0:	e7f3      	b.n	100014ca <alarm_pool_add_alarm_at_force_in_context+0x92>
100014e2:	46c0      	nop			@ (mov r8, r8)
100014e4:	0000203c 	.word	0x0000203c

100014e8 <alarm_pool_cancel_alarm>:
100014e8:	b510      	push	{r4, lr}
100014ea:	8943      	ldrh	r3, [r0, #10]
100014ec:	140a      	asrs	r2, r1, #16
100014ee:	4293      	cmp	r3, r2
100014f0:	dd1a      	ble.n	10001528 <alarm_pool_cancel_alarm+0x40>
100014f2:	0053      	lsls	r3, r2, #1
100014f4:	189b      	adds	r3, r3, r2
100014f6:	6942      	ldr	r2, [r0, #20]
100014f8:	00db      	lsls	r3, r3, #3
100014fa:	18d3      	adds	r3, r2, r3
100014fc:	6904      	ldr	r4, [r0, #16]
100014fe:	f3ef 8c10 	mrs	ip, PRIMASK
10001502:	b672      	cpsid	i
10001504:	6822      	ldr	r2, [r4, #0]
10001506:	2a00      	cmp	r2, #0
10001508:	d0fc      	beq.n	10001504 <alarm_pool_cancel_alarm+0x1c>
1000150a:	f3bf 8f5f 	dmb	sy
1000150e:	885a      	ldrh	r2, [r3, #2]
10001510:	0409      	lsls	r1, r1, #16
10001512:	b294      	uxth	r4, r2
10001514:	0c09      	lsrs	r1, r1, #16
10001516:	428a      	cmp	r2, r1
10001518:	d008      	beq.n	1000152c <alarm_pool_cancel_alarm+0x44>
1000151a:	6903      	ldr	r3, [r0, #16]
1000151c:	f3bf 8f5f 	dmb	sy
10001520:	2200      	movs	r2, #0
10001522:	601a      	str	r2, [r3, #0]
10001524:	f38c 8810 	msr	PRIMASK, ip
10001528:	2000      	movs	r0, #0
1000152a:	bd10      	pop	{r4, pc}
1000152c:	2280      	movs	r2, #128	@ 0x80
1000152e:	0212      	lsls	r2, r2, #8
10001530:	4314      	orrs	r4, r2
10001532:	805c      	strh	r4, [r3, #2]
10001534:	2301      	movs	r3, #1
10001536:	6902      	ldr	r2, [r0, #16]
10001538:	7183      	strb	r3, [r0, #6]
1000153a:	f3bf 8f5f 	dmb	sy
1000153e:	2100      	movs	r1, #0
10001540:	6011      	str	r1, [r2, #0]
10001542:	f38c 8810 	msr	PRIMASK, ip
10001546:	4904      	ldr	r1, [pc, #16]	@ (10001558 <alarm_pool_cancel_alarm+0x70>)
10001548:	7802      	ldrb	r2, [r0, #0]
1000154a:	468c      	mov	ip, r1
1000154c:	4093      	lsls	r3, r2
1000154e:	68c2      	ldr	r2, [r0, #12]
10001550:	2001      	movs	r0, #1
10001552:	4462      	add	r2, ip
10001554:	6013      	str	r3, [r2, #0]
10001556:	e7e8      	b.n	1000152a <alarm_pool_cancel_alarm+0x42>
10001558:	0000203c 	.word	0x0000203c

1000155c <alarm_pool_core_num>:
1000155c:	7840      	ldrb	r0, [r0, #1]
1000155e:	4770      	bx	lr

10001560 <sleep_ms>:
10001560:	b5f0      	push	{r4, r5, r6, r7, lr}
10001562:	46c6      	mov	lr, r8
10001564:	b500      	push	{lr}
10001566:	b082      	sub	sp, #8
10001568:	0004      	movs	r4, r0
1000156a:	f000 f90f 	bl	1000178c <time_us_64>
1000156e:	22fa      	movs	r2, #250	@ 0xfa
10001570:	0006      	movs	r6, r0
10001572:	000f      	movs	r7, r1
10001574:	0020      	movs	r0, r4
10001576:	2300      	movs	r3, #0
10001578:	2100      	movs	r1, #0
1000157a:	0092      	lsls	r2, r2, #2
1000157c:	f001 fac0 	bl	10002b00 <__wrap___aeabi_lmul>
10001580:	1980      	adds	r0, r0, r6
10001582:	4179      	adcs	r1, r7
10001584:	0004      	movs	r4, r0
10001586:	1e0d      	subs	r5, r1, #0
10001588:	da02      	bge.n	10001590 <sleep_ms+0x30>
1000158a:	2401      	movs	r4, #1
1000158c:	4d2e      	ldr	r5, [pc, #184]	@ (10001648 <sleep_ms+0xe8>)
1000158e:	4264      	negs	r4, r4
10001590:	2606      	movs	r6, #6
10001592:	4276      	negs	r6, r6
10001594:	17f7      	asrs	r7, r6, #31
10001596:	1936      	adds	r6, r6, r4
10001598:	416f      	adcs	r7, r5
1000159a:	42af      	cmp	r7, r5
1000159c:	d814      	bhi.n	100015c8 <sleep_ms+0x68>
1000159e:	d011      	beq.n	100015c4 <sleep_ms+0x64>
100015a0:	f000 f8f4 	bl	1000178c <time_us_64>
100015a4:	0032      	movs	r2, r6
100015a6:	003b      	movs	r3, r7
100015a8:	1a12      	subs	r2, r2, r0
100015aa:	418b      	sbcs	r3, r1
100015ac:	2b00      	cmp	r3, #0
100015ae:	dc15      	bgt.n	100015dc <sleep_ms+0x7c>
100015b0:	2b00      	cmp	r3, #0
100015b2:	d046      	beq.n	10001642 <sleep_ms+0xe2>
100015b4:	0020      	movs	r0, r4
100015b6:	0029      	movs	r1, r5
100015b8:	f000 f926 	bl	10001808 <busy_wait_until>
100015bc:	b002      	add	sp, #8
100015be:	bc80      	pop	{r7}
100015c0:	46b8      	mov	r8, r7
100015c2:	bdf0      	pop	{r4, r5, r6, r7, pc}
100015c4:	42a6      	cmp	r6, r4
100015c6:	d9eb      	bls.n	100015a0 <sleep_ms+0x40>
100015c8:	2600      	movs	r6, #0
100015ca:	2700      	movs	r7, #0
100015cc:	f000 f8de 	bl	1000178c <time_us_64>
100015d0:	0032      	movs	r2, r6
100015d2:	003b      	movs	r3, r7
100015d4:	1a12      	subs	r2, r2, r0
100015d6:	418b      	sbcs	r3, r1
100015d8:	2b00      	cmp	r3, #0
100015da:	dde9      	ble.n	100015b0 <sleep_ms+0x50>
100015dc:	f000 f8d6 	bl	1000178c <time_us_64>
100015e0:	0032      	movs	r2, r6
100015e2:	003b      	movs	r3, r7
100015e4:	1a12      	subs	r2, r2, r0
100015e6:	418b      	sbcs	r3, r1
100015e8:	2b00      	cmp	r3, #0
100015ea:	db0a      	blt.n	10001602 <sleep_ms+0xa2>
100015ec:	2300      	movs	r3, #0
100015ee:	9301      	str	r3, [sp, #4]
100015f0:	4b16      	ldr	r3, [pc, #88]	@ (1000164c <sleep_ms+0xec>)
100015f2:	0032      	movs	r2, r6
100015f4:	9300      	str	r3, [sp, #0]
100015f6:	4816      	ldr	r0, [pc, #88]	@ (10001650 <sleep_ms+0xf0>)
100015f8:	003b      	movs	r3, r7
100015fa:	f7ff ff1d 	bl	10001438 <alarm_pool_add_alarm_at_force_in_context>
100015fe:	3001      	adds	r0, #1
10001600:	d0d8      	beq.n	100015b4 <sleep_ms+0x54>
10001602:	2300      	movs	r3, #0
10001604:	0039      	movs	r1, r7
10001606:	46b0      	mov	r8, r6
10001608:	469c      	mov	ip, r3
1000160a:	4a12      	ldr	r2, [pc, #72]	@ (10001654 <sleep_ms+0xf4>)
1000160c:	4812      	ldr	r0, [pc, #72]	@ (10001658 <sleep_ms+0xf8>)
1000160e:	6a53      	ldr	r3, [r2, #36]	@ 0x24
10001610:	4299      	cmp	r1, r3
10001612:	d804      	bhi.n	1000161e <sleep_ms+0xbe>
10001614:	6a96      	ldr	r6, [r2, #40]	@ 0x28
10001616:	4546      	cmp	r6, r8
10001618:	d2cc      	bcs.n	100015b4 <sleep_ms+0x54>
1000161a:	4299      	cmp	r1, r3
1000161c:	d1ca      	bne.n	100015b4 <sleep_ms+0x54>
1000161e:	6806      	ldr	r6, [r0, #0]
10001620:	f3ef 8710 	mrs	r7, PRIMASK
10001624:	b672      	cpsid	i
10001626:	6833      	ldr	r3, [r6, #0]
10001628:	2b00      	cmp	r3, #0
1000162a:	d0fc      	beq.n	10001626 <sleep_ms+0xc6>
1000162c:	f3bf 8f5f 	dmb	sy
10001630:	6803      	ldr	r3, [r0, #0]
10001632:	f3bf 8f5f 	dmb	sy
10001636:	4666      	mov	r6, ip
10001638:	601e      	str	r6, [r3, #0]
1000163a:	f387 8810 	msr	PRIMASK, r7
1000163e:	bf20      	wfe
10001640:	e7e5      	b.n	1000160e <sleep_ms+0xae>
10001642:	2a00      	cmp	r2, #0
10001644:	d0b6      	beq.n	100015b4 <sleep_ms+0x54>
10001646:	e7c9      	b.n	100015dc <sleep_ms+0x7c>
10001648:	7fffffff 	.word	0x7fffffff
1000164c:	10000f55 	.word	0x10000f55
10001650:	20001034 	.word	0x20001034
10001654:	40054000 	.word	0x40054000
10001658:	20001f8c 	.word	0x20001f8c

1000165c <best_effort_wfe_or_timeout>:
1000165c:	b5f0      	push	{r4, r5, r6, r7, lr}
1000165e:	4657      	mov	r7, sl
10001660:	464e      	mov	r6, r9
10001662:	46de      	mov	lr, fp
10001664:	4645      	mov	r5, r8
10001666:	b5e0      	push	{r5, r6, r7, lr}
10001668:	0006      	movs	r6, r0
1000166a:	000f      	movs	r7, r1
1000166c:	b085      	sub	sp, #20
1000166e:	f3ef 8305 	mrs	r3, IPSR
10001672:	4699      	mov	r9, r3
10001674:	468b      	mov	fp, r1
10001676:	2b00      	cmp	r3, #0
10001678:	d012      	beq.n	100016a0 <best_effort_wfe_or_timeout+0x44>
1000167a:	4938      	ldr	r1, [pc, #224]	@ (1000175c <best_effort_wfe_or_timeout+0x100>)
1000167c:	2000      	movs	r0, #0
1000167e:	6a4b      	ldr	r3, [r1, #36]	@ 0x24
10001680:	42bb      	cmp	r3, r7
10001682:	d306      	bcc.n	10001692 <best_effort_wfe_or_timeout+0x36>
10001684:	6a8a      	ldr	r2, [r1, #40]	@ 0x28
10001686:	1bdb      	subs	r3, r3, r7
10001688:	1e59      	subs	r1, r3, #1
1000168a:	418b      	sbcs	r3, r1
1000168c:	42b2      	cmp	r2, r6
1000168e:	4140      	adcs	r0, r0
10001690:	4318      	orrs	r0, r3
10001692:	b005      	add	sp, #20
10001694:	bcf0      	pop	{r4, r5, r6, r7}
10001696:	46bb      	mov	fp, r7
10001698:	46b2      	mov	sl, r6
1000169a:	46a9      	mov	r9, r5
1000169c:	46a0      	mov	r8, r4
1000169e:	bdf0      	pop	{r4, r5, r6, r7, pc}
100016a0:	4b2f      	ldr	r3, [pc, #188]	@ (10001760 <best_effort_wfe_or_timeout+0x104>)
100016a2:	469a      	mov	sl, r3
100016a4:	68db      	ldr	r3, [r3, #12]
100016a6:	4698      	mov	r8, r3
100016a8:	4653      	mov	r3, sl
100016aa:	781b      	ldrb	r3, [r3, #0]
100016ac:	4640      	mov	r0, r8
100016ae:	9303      	str	r3, [sp, #12]
100016b0:	f000 f864 	bl	1000177c <timer_time_us_64>
100016b4:	4642      	mov	r2, r8
100016b6:	9b03      	ldr	r3, [sp, #12]
100016b8:	0004      	movs	r4, r0
100016ba:	3304      	adds	r3, #4
100016bc:	009b      	lsls	r3, r3, #2
100016be:	589b      	ldr	r3, [r3, r2]
100016c0:	000d      	movs	r5, r1
100016c2:	1a1b      	subs	r3, r3, r0
100016c4:	0039      	movs	r1, r7
100016c6:	0030      	movs	r0, r6
100016c8:	1b00      	subs	r0, r0, r4
100016ca:	41a9      	sbcs	r1, r5
100016cc:	4589      	cmp	r9, r1
100016ce:	dc10      	bgt.n	100016f2 <best_effort_wfe_or_timeout+0x96>
100016d0:	d00d      	beq.n	100016ee <best_effort_wfe_or_timeout+0x92>
100016d2:	bf20      	wfe
100016d4:	4a21      	ldr	r2, [pc, #132]	@ (1000175c <best_effort_wfe_or_timeout+0x100>)
100016d6:	2000      	movs	r0, #0
100016d8:	6a53      	ldr	r3, [r2, #36]	@ 0x24
100016da:	455b      	cmp	r3, fp
100016dc:	d3d9      	bcc.n	10001692 <best_effort_wfe_or_timeout+0x36>
100016de:	6a92      	ldr	r2, [r2, #40]	@ 0x28
100016e0:	1bdb      	subs	r3, r3, r7
100016e2:	1e59      	subs	r1, r3, #1
100016e4:	418b      	sbcs	r3, r1
100016e6:	42b2      	cmp	r2, r6
100016e8:	4140      	adcs	r0, r0
100016ea:	4318      	orrs	r0, r3
100016ec:	e7d1      	b.n	10001692 <best_effort_wfe_or_timeout+0x36>
100016ee:	4283      	cmp	r3, r0
100016f0:	d9ef      	bls.n	100016d2 <best_effort_wfe_or_timeout+0x76>
100016f2:	f000 f84b 	bl	1000178c <time_us_64>
100016f6:	0032      	movs	r2, r6
100016f8:	003b      	movs	r3, r7
100016fa:	1a12      	subs	r2, r2, r0
100016fc:	418b      	sbcs	r3, r1
100016fe:	2b00      	cmp	r3, #0
10001700:	db1a      	blt.n	10001738 <best_effort_wfe_or_timeout+0xdc>
10001702:	2300      	movs	r3, #0
10001704:	9301      	str	r3, [sp, #4]
10001706:	4b17      	ldr	r3, [pc, #92]	@ (10001764 <best_effort_wfe_or_timeout+0x108>)
10001708:	0032      	movs	r2, r6
1000170a:	9300      	str	r3, [sp, #0]
1000170c:	4650      	mov	r0, sl
1000170e:	003b      	movs	r3, r7
10001710:	f7ff fe92 	bl	10001438 <alarm_pool_add_alarm_at_force_in_context>
10001714:	1e01      	subs	r1, r0, #0
10001716:	dd0f      	ble.n	10001738 <best_effort_wfe_or_timeout+0xdc>
10001718:	4b10      	ldr	r3, [pc, #64]	@ (1000175c <best_effort_wfe_or_timeout+0x100>)
1000171a:	6a5a      	ldr	r2, [r3, #36]	@ 0x24
1000171c:	455a      	cmp	r2, fp
1000171e:	d31b      	bcc.n	10001758 <best_effort_wfe_or_timeout+0xfc>
10001720:	6a9b      	ldr	r3, [r3, #40]	@ 0x28
10001722:	42b3      	cmp	r3, r6
10001724:	d316      	bcc.n	10001754 <best_effort_wfe_or_timeout+0xf8>
10001726:	4650      	mov	r0, sl
10001728:	f7ff fede 	bl	100014e8 <alarm_pool_cancel_alarm>
1000172c:	4a0b      	ldr	r2, [pc, #44]	@ (1000175c <best_effort_wfe_or_timeout+0x100>)
1000172e:	2000      	movs	r0, #0
10001730:	6a53      	ldr	r3, [r2, #36]	@ 0x24
10001732:	455b      	cmp	r3, fp
10001734:	d3ad      	bcc.n	10001692 <best_effort_wfe_or_timeout+0x36>
10001736:	e7d2      	b.n	100016de <best_effort_wfe_or_timeout+0x82>
10001738:	4a08      	ldr	r2, [pc, #32]	@ (1000175c <best_effort_wfe_or_timeout+0x100>)
1000173a:	2000      	movs	r0, #0
1000173c:	6a53      	ldr	r3, [r2, #36]	@ 0x24
1000173e:	455b      	cmp	r3, fp
10001740:	d3a7      	bcc.n	10001692 <best_effort_wfe_or_timeout+0x36>
10001742:	2000      	movs	r0, #0
10001744:	6a92      	ldr	r2, [r2, #40]	@ 0x28
10001746:	1bdb      	subs	r3, r3, r7
10001748:	42b2      	cmp	r2, r6
1000174a:	4140      	adcs	r0, r0
1000174c:	1e5a      	subs	r2, r3, #1
1000174e:	4193      	sbcs	r3, r2
10001750:	4318      	orrs	r0, r3
10001752:	e79e      	b.n	10001692 <best_effort_wfe_or_timeout+0x36>
10001754:	455a      	cmp	r2, fp
10001756:	d1e6      	bne.n	10001726 <best_effort_wfe_or_timeout+0xca>
10001758:	bf20      	wfe
1000175a:	e7e4      	b.n	10001726 <best_effort_wfe_or_timeout+0xca>
1000175c:	40054000 	.word	0x40054000
10001760:	20001034 	.word	0x20001034
10001764:	10000f55 	.word	0x10000f55

10001768 <timer_hardware_alarm_claim>:
10001768:	b510      	push	{r4, lr}
1000176a:	4a02      	ldr	r2, [pc, #8]	@ (10001774 <timer_hardware_alarm_claim+0xc>)
1000176c:	4802      	ldr	r0, [pc, #8]	@ (10001778 <timer_hardware_alarm_claim+0x10>)
1000176e:	f7ff f92b 	bl	100009c8 <hw_claim_or_assert>
10001772:	bd10      	pop	{r4, pc}
10001774:	1000769c 	.word	0x1000769c
10001778:	20001adc 	.word	0x20001adc

1000177c <timer_time_us_64>:
1000177c:	0003      	movs	r3, r0
1000177e:	6a41      	ldr	r1, [r0, #36]	@ 0x24
10001780:	000a      	movs	r2, r1
10001782:	6a98      	ldr	r0, [r3, #40]	@ 0x28
10001784:	6a59      	ldr	r1, [r3, #36]	@ 0x24
10001786:	428a      	cmp	r2, r1
10001788:	d1fa      	bne.n	10001780 <timer_time_us_64+0x4>
1000178a:	4770      	bx	lr

1000178c <time_us_64>:
1000178c:	4b03      	ldr	r3, [pc, #12]	@ (1000179c <time_us_64+0x10>)
1000178e:	6a59      	ldr	r1, [r3, #36]	@ 0x24
10001790:	000a      	movs	r2, r1
10001792:	6a98      	ldr	r0, [r3, #40]	@ 0x28
10001794:	6a59      	ldr	r1, [r3, #36]	@ 0x24
10001796:	4291      	cmp	r1, r2
10001798:	d1fa      	bne.n	10001790 <time_us_64+0x4>
1000179a:	4770      	bx	lr
1000179c:	40054000 	.word	0x40054000

100017a0 <busy_wait_us>:
100017a0:	b570      	push	{r4, r5, r6, lr}
100017a2:	0004      	movs	r4, r0
100017a4:	000d      	movs	r5, r1
100017a6:	4a17      	ldr	r2, [pc, #92]	@ (10001804 <busy_wait_us+0x64>)
100017a8:	6a53      	ldr	r3, [r2, #36]	@ 0x24
100017aa:	0019      	movs	r1, r3
100017ac:	6a96      	ldr	r6, [r2, #40]	@ 0x28
100017ae:	6a53      	ldr	r3, [r2, #36]	@ 0x24
100017b0:	428b      	cmp	r3, r1
100017b2:	d1fa      	bne.n	100017aa <busy_wait_us+0xa>
100017b4:	0030      	movs	r0, r6
100017b6:	0019      	movs	r1, r3
100017b8:	1824      	adds	r4, r4, r0
100017ba:	414d      	adcs	r5, r1
100017bc:	42ab      	cmp	r3, r5
100017be:	d816      	bhi.n	100017ee <busy_wait_us+0x4e>
100017c0:	d013      	beq.n	100017ea <busy_wait_us+0x4a>
100017c2:	4b10      	ldr	r3, [pc, #64]	@ (10001804 <busy_wait_us+0x64>)
100017c4:	002a      	movs	r2, r5
100017c6:	6a5b      	ldr	r3, [r3, #36]	@ 0x24
100017c8:	429d      	cmp	r5, r3
100017ca:	d903      	bls.n	100017d4 <busy_wait_us+0x34>
100017cc:	490d      	ldr	r1, [pc, #52]	@ (10001804 <busy_wait_us+0x64>)
100017ce:	6a4b      	ldr	r3, [r1, #36]	@ 0x24
100017d0:	4293      	cmp	r3, r2
100017d2:	d3fc      	bcc.n	100017ce <busy_wait_us+0x2e>
100017d4:	4293      	cmp	r3, r2
100017d6:	d107      	bne.n	100017e8 <busy_wait_us+0x48>
100017d8:	4a0a      	ldr	r2, [pc, #40]	@ (10001804 <busy_wait_us+0x64>)
100017da:	e002      	b.n	100017e2 <busy_wait_us+0x42>
100017dc:	6a51      	ldr	r1, [r2, #36]	@ 0x24
100017de:	4299      	cmp	r1, r3
100017e0:	d102      	bne.n	100017e8 <busy_wait_us+0x48>
100017e2:	6a91      	ldr	r1, [r2, #40]	@ 0x28
100017e4:	42a1      	cmp	r1, r4
100017e6:	d3f9      	bcc.n	100017dc <busy_wait_us+0x3c>
100017e8:	bd70      	pop	{r4, r5, r6, pc}
100017ea:	42a6      	cmp	r6, r4
100017ec:	d9e9      	bls.n	100017c2 <busy_wait_us+0x22>
100017ee:	4b05      	ldr	r3, [pc, #20]	@ (10001804 <busy_wait_us+0x64>)
100017f0:	6a5b      	ldr	r3, [r3, #36]	@ 0x24
100017f2:	001c      	movs	r4, r3
100017f4:	1c5a      	adds	r2, r3, #1
100017f6:	d0ef      	beq.n	100017d8 <busy_wait_us+0x38>
100017f8:	2201      	movs	r2, #1
100017fa:	2401      	movs	r4, #1
100017fc:	4264      	negs	r4, r4
100017fe:	17e5      	asrs	r5, r4, #31
10001800:	4252      	negs	r2, r2
10001802:	e7e3      	b.n	100017cc <busy_wait_us+0x2c>
10001804:	40054000 	.word	0x40054000

10001808 <busy_wait_until>:
10001808:	4a06      	ldr	r2, [pc, #24]	@ (10001824 <busy_wait_until+0x1c>)
1000180a:	6a53      	ldr	r3, [r2, #36]	@ 0x24
1000180c:	4299      	cmp	r1, r3
1000180e:	d8fc      	bhi.n	1000180a <busy_wait_until+0x2>
10001810:	d107      	bne.n	10001822 <busy_wait_until+0x1a>
10001812:	4b04      	ldr	r3, [pc, #16]	@ (10001824 <busy_wait_until+0x1c>)
10001814:	e002      	b.n	1000181c <busy_wait_until+0x14>
10001816:	6a5a      	ldr	r2, [r3, #36]	@ 0x24
10001818:	4291      	cmp	r1, r2
1000181a:	d102      	bne.n	10001822 <busy_wait_until+0x1a>
1000181c:	6a9a      	ldr	r2, [r3, #40]	@ 0x28
1000181e:	4290      	cmp	r0, r2
10001820:	d8f9      	bhi.n	10001816 <busy_wait_until+0xe>
10001822:	4770      	bx	lr
10001824:	40054000 	.word	0x40054000

10001828 <clock_configure_int_divider>:
10001828:	b5f8      	push	{r3, r4, r5, r6, r7, lr}
1000182a:	46de      	mov	lr, fp
1000182c:	464e      	mov	r6, r9
1000182e:	4657      	mov	r7, sl
10001830:	4645      	mov	r5, r8
10001832:	b5e0      	push	{r5, r6, r7, lr}
10001834:	468b      	mov	fp, r1
10001836:	0005      	movs	r5, r0
10001838:	990a      	ldr	r1, [sp, #40]	@ 0x28
1000183a:	0018      	movs	r0, r3
1000183c:	0016      	movs	r6, r2
1000183e:	f000 fb3b 	bl	10001eb8 <__wrap___aeabi_uidiv>
10001842:	9b0a      	ldr	r3, [sp, #40]	@ 0x28
10001844:	006c      	lsls	r4, r5, #1
10001846:	021f      	lsls	r7, r3, #8
10001848:	4b32      	ldr	r3, [pc, #200]	@ (10001914 <clock_configure_int_divider+0xec>)
1000184a:	1964      	adds	r4, r4, r5
1000184c:	469c      	mov	ip, r3
1000184e:	00a4      	lsls	r4, r4, #2
10001850:	4464      	add	r4, ip
10001852:	6863      	ldr	r3, [r4, #4]
10001854:	4681      	mov	r9, r0
10001856:	429f      	cmp	r7, r3
10001858:	d900      	bls.n	1000185c <clock_configure_int_divider+0x34>
1000185a:	6067      	str	r7, [r4, #4]
1000185c:	1f2b      	subs	r3, r5, #4
1000185e:	b2db      	uxtb	r3, r3
10001860:	4698      	mov	r8, r3
10001862:	2b01      	cmp	r3, #1
10001864:	d930      	bls.n	100018c8 <clock_configure_int_divider+0xa0>
10001866:	23c0      	movs	r3, #192	@ 0xc0
10001868:	2280      	movs	r2, #128	@ 0x80
1000186a:	019b      	lsls	r3, r3, #6
1000186c:	18e3      	adds	r3, r4, r3
1000186e:	0112      	lsls	r2, r2, #4
10001870:	601a      	str	r2, [r3, #0]
10001872:	4b29      	ldr	r3, [pc, #164]	@ (10001918 <clock_configure_int_divider+0xf0>)
10001874:	00ad      	lsls	r5, r5, #2
10001876:	5959      	ldr	r1, [r3, r5]
10001878:	469a      	mov	sl, r3
1000187a:	2900      	cmp	r1, #0
1000187c:	d11b      	bne.n	100018b6 <clock_configure_int_divider+0x8e>
1000187e:	0173      	lsls	r3, r6, #5
10001880:	26e0      	movs	r6, #224	@ 0xe0
10001882:	6822      	ldr	r2, [r4, #0]
10001884:	4053      	eors	r3, r2
10001886:	401e      	ands	r6, r3
10001888:	2380      	movs	r3, #128	@ 0x80
1000188a:	4642      	mov	r2, r8
1000188c:	015b      	lsls	r3, r3, #5
1000188e:	18e3      	adds	r3, r4, r3
10001890:	601e      	str	r6, [r3, #0]
10001892:	2a01      	cmp	r2, #1
10001894:	d930      	bls.n	100018f8 <clock_configure_int_divider+0xd0>
10001896:	2380      	movs	r3, #128	@ 0x80
10001898:	2280      	movs	r2, #128	@ 0x80
1000189a:	019b      	lsls	r3, r3, #6
1000189c:	18e3      	adds	r3, r4, r3
1000189e:	0112      	lsls	r2, r2, #4
100018a0:	601a      	str	r2, [r3, #0]
100018a2:	4653      	mov	r3, sl
100018a4:	464a      	mov	r2, r9
100018a6:	6067      	str	r7, [r4, #4]
100018a8:	515a      	str	r2, [r3, r5]
100018aa:	bcf0      	pop	{r4, r5, r6, r7}
100018ac:	46bb      	mov	fp, r7
100018ae:	46b2      	mov	sl, r6
100018b0:	46a9      	mov	r9, r5
100018b2:	46a0      	mov	r8, r4
100018b4:	bdf8      	pop	{r3, r4, r5, r6, r7, pc}
100018b6:	6958      	ldr	r0, [r3, #20]
100018b8:	f000 fafe 	bl	10001eb8 <__wrap___aeabi_uidiv>
100018bc:	3001      	adds	r0, #1
100018be:	0043      	lsls	r3, r0, #1
100018c0:	181b      	adds	r3, r3, r0
100018c2:	3b03      	subs	r3, #3
100018c4:	d2fd      	bcs.n	100018c2 <clock_configure_int_divider+0x9a>
100018c6:	e7da      	b.n	1000187e <clock_configure_int_divider+0x56>
100018c8:	465b      	mov	r3, fp
100018ca:	2b01      	cmp	r3, #1
100018cc:	d1cb      	bne.n	10001866 <clock_configure_int_divider+0x3e>
100018ce:	23c0      	movs	r3, #192	@ 0xc0
100018d0:	2203      	movs	r2, #3
100018d2:	019b      	lsls	r3, r3, #6
100018d4:	18e3      	adds	r3, r4, r3
100018d6:	601a      	str	r2, [r3, #0]
100018d8:	3a02      	subs	r2, #2
100018da:	68a3      	ldr	r3, [r4, #8]
100018dc:	421a      	tst	r2, r3
100018de:	d0fc      	beq.n	100018da <clock_configure_int_divider+0xb2>
100018e0:	0173      	lsls	r3, r6, #5
100018e2:	26e0      	movs	r6, #224	@ 0xe0
100018e4:	6822      	ldr	r2, [r4, #0]
100018e6:	00ad      	lsls	r5, r5, #2
100018e8:	4053      	eors	r3, r2
100018ea:	401e      	ands	r6, r3
100018ec:	2380      	movs	r3, #128	@ 0x80
100018ee:	4a0a      	ldr	r2, [pc, #40]	@ (10001918 <clock_configure_int_divider+0xf0>)
100018f0:	015b      	lsls	r3, r3, #5
100018f2:	4692      	mov	sl, r2
100018f4:	18e3      	adds	r3, r4, r3
100018f6:	601e      	str	r6, [r3, #0]
100018f8:	465a      	mov	r2, fp
100018fa:	6821      	ldr	r1, [r4, #0]
100018fc:	4051      	eors	r1, r2
100018fe:	2203      	movs	r2, #3
10001900:	400a      	ands	r2, r1
10001902:	601a      	str	r2, [r3, #0]
10001904:	2201      	movs	r2, #1
10001906:	465b      	mov	r3, fp
10001908:	409a      	lsls	r2, r3
1000190a:	68a3      	ldr	r3, [r4, #8]
1000190c:	421a      	tst	r2, r3
1000190e:	d0fc      	beq.n	1000190a <clock_configure_int_divider+0xe2>
10001910:	e7c1      	b.n	10001896 <clock_configure_int_divider+0x6e>
10001912:	46c0      	nop			@ (mov r8, r8)
10001914:	40008000 	.word	0x40008000
10001918:	20001ae0 	.word	0x20001ae0

1000191c <clock_configure_undivided>:
1000191c:	b5f0      	push	{r4, r5, r6, r7, lr}
1000191e:	4646      	mov	r6, r8
10001920:	464f      	mov	r7, r9
10001922:	46d6      	mov	lr, sl
10001924:	b5c0      	push	{r6, r7, lr}
10001926:	001f      	movs	r7, r3
10001928:	4b34      	ldr	r3, [pc, #208]	@ (100019fc <clock_configure_undivided+0xe0>)
1000192a:	0044      	lsls	r4, r0, #1
1000192c:	469c      	mov	ip, r3
1000192e:	1824      	adds	r4, r4, r0
10001930:	00a4      	lsls	r4, r4, #2
10001932:	4464      	add	r4, ip
10001934:	6863      	ldr	r3, [r4, #4]
10001936:	4688      	mov	r8, r1
10001938:	0016      	movs	r6, r2
1000193a:	2bff      	cmp	r3, #255	@ 0xff
1000193c:	d802      	bhi.n	10001944 <clock_configure_undivided+0x28>
1000193e:	2380      	movs	r3, #128	@ 0x80
10001940:	005b      	lsls	r3, r3, #1
10001942:	6063      	str	r3, [r4, #4]
10001944:	1f03      	subs	r3, r0, #4
10001946:	b2db      	uxtb	r3, r3
10001948:	469a      	mov	sl, r3
1000194a:	2b01      	cmp	r3, #1
1000194c:	d930      	bls.n	100019b0 <clock_configure_undivided+0x94>
1000194e:	23c0      	movs	r3, #192	@ 0xc0
10001950:	2280      	movs	r2, #128	@ 0x80
10001952:	019b      	lsls	r3, r3, #6
10001954:	18e3      	adds	r3, r4, r3
10001956:	0112      	lsls	r2, r2, #4
10001958:	601a      	str	r2, [r3, #0]
1000195a:	4b29      	ldr	r3, [pc, #164]	@ (10001a00 <clock_configure_undivided+0xe4>)
1000195c:	0085      	lsls	r5, r0, #2
1000195e:	5959      	ldr	r1, [r3, r5]
10001960:	4699      	mov	r9, r3
10001962:	2900      	cmp	r1, #0
10001964:	d11b      	bne.n	1000199e <clock_configure_undivided+0x82>
10001966:	0173      	lsls	r3, r6, #5
10001968:	26e0      	movs	r6, #224	@ 0xe0
1000196a:	6822      	ldr	r2, [r4, #0]
1000196c:	4053      	eors	r3, r2
1000196e:	401e      	ands	r6, r3
10001970:	2380      	movs	r3, #128	@ 0x80
10001972:	4652      	mov	r2, sl
10001974:	015b      	lsls	r3, r3, #5
10001976:	18e3      	adds	r3, r4, r3
10001978:	601e      	str	r6, [r3, #0]
1000197a:	2a01      	cmp	r2, #1
1000197c:	d930      	bls.n	100019e0 <clock_configure_undivided+0xc4>
1000197e:	2380      	movs	r3, #128	@ 0x80
10001980:	2280      	movs	r2, #128	@ 0x80
10001982:	019b      	lsls	r3, r3, #6
10001984:	18e3      	adds	r3, r4, r3
10001986:	0112      	lsls	r2, r2, #4
10001988:	601a      	str	r2, [r3, #0]
1000198a:	2380      	movs	r3, #128	@ 0x80
1000198c:	005b      	lsls	r3, r3, #1
1000198e:	6063      	str	r3, [r4, #4]
10001990:	464b      	mov	r3, r9
10001992:	515f      	str	r7, [r3, r5]
10001994:	bce0      	pop	{r5, r6, r7}
10001996:	46ba      	mov	sl, r7
10001998:	46b1      	mov	r9, r6
1000199a:	46a8      	mov	r8, r5
1000199c:	bdf0      	pop	{r4, r5, r6, r7, pc}
1000199e:	6958      	ldr	r0, [r3, #20]
100019a0:	f000 fa8a 	bl	10001eb8 <__wrap___aeabi_uidiv>
100019a4:	3001      	adds	r0, #1
100019a6:	0043      	lsls	r3, r0, #1
100019a8:	181b      	adds	r3, r3, r0
100019aa:	3b03      	subs	r3, #3
100019ac:	d2fd      	bcs.n	100019aa <clock_configure_undivided+0x8e>
100019ae:	e7da      	b.n	10001966 <clock_configure_undivided+0x4a>
100019b0:	4643      	mov	r3, r8
100019b2:	2b01      	cmp	r3, #1
100019b4:	d1cb      	bne.n	1000194e <clock_configure_undivided+0x32>
100019b6:	23c0      	movs	r3, #192	@ 0xc0
100019b8:	2203      	movs	r2, #3
100019ba:	019b      	lsls	r3, r3, #6
100019bc:	18e3      	adds	r3, r4, r3
100019be:	601a      	str	r2, [r3, #0]
100019c0:	3a02      	subs	r2, #2
100019c2:	68a3      	ldr	r3, [r4, #8]
100019c4:	421a      	tst	r2, r3
100019c6:	d0fc      	beq.n	100019c2 <clock_configure_undivided+0xa6>
100019c8:	0173      	lsls	r3, r6, #5
100019ca:	26e0      	movs	r6, #224	@ 0xe0
100019cc:	6822      	ldr	r2, [r4, #0]
100019ce:	0085      	lsls	r5, r0, #2
100019d0:	4053      	eors	r3, r2
100019d2:	401e      	ands	r6, r3
100019d4:	2380      	movs	r3, #128	@ 0x80
100019d6:	4a0a      	ldr	r2, [pc, #40]	@ (10001a00 <clock_configure_undivided+0xe4>)
100019d8:	015b      	lsls	r3, r3, #5
100019da:	4691      	mov	r9, r2
100019dc:	18e3      	adds	r3, r4, r3
100019de:	601e      	str	r6, [r3, #0]
100019e0:	4642      	mov	r2, r8
100019e2:	6821      	ldr	r1, [r4, #0]
100019e4:	4051      	eors	r1, r2
100019e6:	2203      	movs	r2, #3
100019e8:	400a      	ands	r2, r1
100019ea:	601a      	str	r2, [r3, #0]
100019ec:	2301      	movs	r3, #1
100019ee:	4642      	mov	r2, r8
100019f0:	4093      	lsls	r3, r2
100019f2:	68a2      	ldr	r2, [r4, #8]
100019f4:	4213      	tst	r3, r2
100019f6:	d0fc      	beq.n	100019f2 <clock_configure_undivided+0xd6>
100019f8:	e7c1      	b.n	1000197e <clock_configure_undivided+0x62>
100019fa:	46c0      	nop			@ (mov r8, r8)
100019fc:	40008000 	.word	0x40008000
10001a00:	20001ae0 	.word	0x20001ae0

10001a04 <clock_get_hz>:
10001a04:	4b01      	ldr	r3, [pc, #4]	@ (10001a0c <clock_get_hz+0x8>)
10001a06:	0080      	lsls	r0, r0, #2
10001a08:	58c0      	ldr	r0, [r0, r3]
10001a0a:	4770      	bx	lr
10001a0c:	20001ae0 	.word	0x20001ae0

10001a10 <pll_init>:
10001a10:	b5f8      	push	{r3, r4, r5, r6, r7, lr}
10001a12:	0004      	movs	r4, r0
10001a14:	4821      	ldr	r0, [pc, #132]	@ (10001a9c <pll_init+0x8c>)
10001a16:	001e      	movs	r6, r3
10001a18:	0017      	movs	r7, r2
10001a1a:	000d      	movs	r5, r1
10001a1c:	f000 fa4c 	bl	10001eb8 <__wrap___aeabi_uidiv>
10001a20:	0001      	movs	r1, r0
10001a22:	0038      	movs	r0, r7
10001a24:	f000 fa48 	bl	10001eb8 <__wrap___aeabi_uidiv>
10001a28:	9b06      	ldr	r3, [sp, #24]
10001a2a:	0436      	lsls	r6, r6, #16
10001a2c:	031b      	lsls	r3, r3, #12
10001a2e:	431e      	orrs	r6, r3
10001a30:	6823      	ldr	r3, [r4, #0]
10001a32:	2b00      	cmp	r3, #0
10001a34:	db20      	blt.n	10001a78 <pll_init+0x68>
10001a36:	4b1a      	ldr	r3, [pc, #104]	@ (10001aa0 <pll_init+0x90>)
10001a38:	491a      	ldr	r1, [pc, #104]	@ (10001aa4 <pll_init+0x94>)
10001a3a:	18e3      	adds	r3, r4, r3
10001a3c:	1e5a      	subs	r2, r3, #1
10001a3e:	4193      	sbcs	r3, r2
10001a40:	2280      	movs	r2, #128	@ 0x80
10001a42:	0192      	lsls	r2, r2, #6
10001a44:	4694      	mov	ip, r2
10001a46:	425b      	negs	r3, r3
10001a48:	0b1b      	lsrs	r3, r3, #12
10001a4a:	4a17      	ldr	r2, [pc, #92]	@ (10001aa8 <pll_init+0x98>)
10001a4c:	031b      	lsls	r3, r3, #12
10001a4e:	4463      	add	r3, ip
10001a50:	6013      	str	r3, [r2, #0]
10001a52:	4a16      	ldr	r2, [pc, #88]	@ (10001aac <pll_init+0x9c>)
10001a54:	6013      	str	r3, [r2, #0]
10001a56:	001f      	movs	r7, r3
10001a58:	680a      	ldr	r2, [r1, #0]
10001a5a:	4397      	bics	r7, r2
10001a5c:	d1fb      	bne.n	10001a56 <pll_init+0x46>
10001a5e:	4b14      	ldr	r3, [pc, #80]	@ (10001ab0 <pll_init+0xa0>)
10001a60:	6025      	str	r5, [r4, #0]
10001a62:	18e2      	adds	r2, r4, r3
10001a64:	2321      	movs	r3, #33	@ 0x21
10001a66:	60a0      	str	r0, [r4, #8]
10001a68:	6013      	str	r3, [r2, #0]
10001a6a:	6823      	ldr	r3, [r4, #0]
10001a6c:	2b00      	cmp	r3, #0
10001a6e:	dafc      	bge.n	10001a6a <pll_init+0x5a>
10001a70:	2308      	movs	r3, #8
10001a72:	60e6      	str	r6, [r4, #12]
10001a74:	6013      	str	r3, [r2, #0]
10001a76:	bdf8      	pop	{r3, r4, r5, r6, r7, pc}
10001a78:	233f      	movs	r3, #63	@ 0x3f
10001a7a:	6822      	ldr	r2, [r4, #0]
10001a7c:	4013      	ands	r3, r2
10001a7e:	42ab      	cmp	r3, r5
10001a80:	d1d9      	bne.n	10001a36 <pll_init+0x26>
10001a82:	68a3      	ldr	r3, [r4, #8]
10001a84:	051b      	lsls	r3, r3, #20
10001a86:	0d1b      	lsrs	r3, r3, #20
10001a88:	4283      	cmp	r3, r0
10001a8a:	d1d4      	bne.n	10001a36 <pll_init+0x26>
10001a8c:	22ee      	movs	r2, #238	@ 0xee
10001a8e:	68e3      	ldr	r3, [r4, #12]
10001a90:	02d2      	lsls	r2, r2, #11
10001a92:	4013      	ands	r3, r2
10001a94:	42b3      	cmp	r3, r6
10001a96:	d1ce      	bne.n	10001a36 <pll_init+0x26>
10001a98:	e7ed      	b.n	10001a76 <pll_init+0x66>
10001a9a:	46c0      	nop			@ (mov r8, r8)
10001a9c:	00b71b00 	.word	0x00b71b00
10001aa0:	bffd4000 	.word	0xbffd4000
10001aa4:	4000c008 	.word	0x4000c008
10001aa8:	4000e000 	.word	0x4000e000
10001aac:	4000f000 	.word	0x4000f000
10001ab0:	00003004 	.word	0x00003004

10001ab4 <watchdog_reboot>:
10001ab4:	b510      	push	{r4, lr}
10001ab6:	2480      	movs	r4, #128	@ 0x80
10001ab8:	4b1c      	ldr	r3, [pc, #112]	@ (10001b2c <watchdog_reboot+0x78>)
10001aba:	05e4      	lsls	r4, r4, #23
10001abc:	601c      	str	r4, [r3, #0]
10001abe:	2800      	cmp	r0, #0
10001ac0:	d01a      	beq.n	10001af8 <watchdog_reboot+0x44>
10001ac2:	2301      	movs	r3, #1
10001ac4:	4c1a      	ldr	r4, [pc, #104]	@ (10001b30 <watchdog_reboot+0x7c>)
10001ac6:	4318      	orrs	r0, r3
10001ac8:	4b1a      	ldr	r3, [pc, #104]	@ (10001b34 <watchdog_reboot+0x80>)
10001aca:	61dc      	str	r4, [r3, #28]
10001acc:	4c1a      	ldr	r4, [pc, #104]	@ (10001b38 <watchdog_reboot+0x84>)
10001ace:	4044      	eors	r4, r0
10001ad0:	621c      	str	r4, [r3, #32]
10001ad2:	6259      	str	r1, [r3, #36]	@ 0x24
10001ad4:	6298      	str	r0, [r3, #40]	@ 0x28
10001ad6:	2180      	movs	r1, #128	@ 0x80
10001ad8:	4b14      	ldr	r3, [pc, #80]	@ (10001b2c <watchdog_reboot+0x78>)
10001ada:	05c9      	lsls	r1, r1, #23
10001adc:	6019      	str	r1, [r3, #0]
10001ade:	4817      	ldr	r0, [pc, #92]	@ (10001b3c <watchdog_reboot+0x88>)
10001ae0:	4917      	ldr	r1, [pc, #92]	@ (10001b40 <watchdog_reboot+0x8c>)
10001ae2:	6008      	str	r0, [r1, #0]
10001ae4:	21e0      	movs	r1, #224	@ 0xe0
10001ae6:	04c9      	lsls	r1, r1, #19
10001ae8:	6019      	str	r1, [r3, #0]
10001aea:	2a00      	cmp	r2, #0
10001aec:	d107      	bne.n	10001afe <watchdog_reboot+0x4a>
10001aee:	2280      	movs	r2, #128	@ 0x80
10001af0:	4b14      	ldr	r3, [pc, #80]	@ (10001b44 <watchdog_reboot+0x90>)
10001af2:	0612      	lsls	r2, r2, #24
10001af4:	601a      	str	r2, [r3, #0]
10001af6:	bd10      	pop	{r4, pc}
10001af8:	4b0e      	ldr	r3, [pc, #56]	@ (10001b34 <watchdog_reboot+0x80>)
10001afa:	61d8      	str	r0, [r3, #28]
10001afc:	e7eb      	b.n	10001ad6 <watchdog_reboot+0x22>
10001afe:	0153      	lsls	r3, r2, #5
10001b00:	1a9b      	subs	r3, r3, r2
10001b02:	009b      	lsls	r3, r3, #2
10001b04:	189a      	adds	r2, r3, r2
10001b06:	2380      	movs	r3, #128	@ 0x80
10001b08:	0112      	lsls	r2, r2, #4
10001b0a:	045b      	lsls	r3, r3, #17
10001b0c:	429a      	cmp	r2, r3
10001b0e:	d209      	bcs.n	10001b24 <watchdog_reboot+0x70>
10001b10:	0013      	movs	r3, r2
10001b12:	490d      	ldr	r1, [pc, #52]	@ (10001b48 <watchdog_reboot+0x94>)
10001b14:	600b      	str	r3, [r1, #0]
10001b16:	4b07      	ldr	r3, [pc, #28]	@ (10001b34 <watchdog_reboot+0x80>)
10001b18:	605a      	str	r2, [r3, #4]
10001b1a:	2280      	movs	r2, #128	@ 0x80
10001b1c:	4b09      	ldr	r3, [pc, #36]	@ (10001b44 <watchdog_reboot+0x90>)
10001b1e:	05d2      	lsls	r2, r2, #23
10001b20:	601a      	str	r2, [r3, #0]
10001b22:	e7e8      	b.n	10001af6 <watchdog_reboot+0x42>
10001b24:	4b09      	ldr	r3, [pc, #36]	@ (10001b4c <watchdog_reboot+0x98>)
10001b26:	001a      	movs	r2, r3
10001b28:	e7f3      	b.n	10001b12 <watchdog_reboot+0x5e>
10001b2a:	46c0      	nop			@ (mov r8, r8)
10001b2c:	4005b000 	.word	0x4005b000
10001b30:	b007c0d3 	.word	0xb007c0d3
10001b34:	40058000 	.word	0x40058000
10001b38:	4ff83f2d 	.word	0x4ff83f2d
10001b3c:	0001fffc 	.word	0x0001fffc
10001b40:	40012008 	.word	0x40012008
10001b44:	4005a000 	.word	0x4005a000
10001b48:	20001f40 	.word	0x20001f40
10001b4c:	00ffffff 	.word	0x00ffffff

10001b50 <tick_start>:
10001b50:	2380      	movs	r3, #128	@ 0x80
10001b52:	4a02      	ldr	r2, [pc, #8]	@ (10001b5c <tick_start+0xc>)
10001b54:	009b      	lsls	r3, r3, #2
10001b56:	430b      	orrs	r3, r1
10001b58:	62d3      	str	r3, [r2, #44]	@ 0x2c
10001b5a:	4770      	bx	lr
10001b5c:	40058000 	.word	0x40058000

10001b60 <rom_func_lookup>:
10001b60:	2300      	movs	r3, #0
10001b62:	b510      	push	{r4, lr}
10001b64:	0001      	movs	r1, r0
10001b66:	8a98      	ldrh	r0, [r3, #20]
10001b68:	8b1b      	ldrh	r3, [r3, #24]
10001b6a:	4798      	blx	r3
10001b6c:	bd10      	pop	{r4, pc}
10001b6e:	46c0      	nop			@ (mov r8, r8)

10001b70 <rom_data_lookup>:
10001b70:	2316      	movs	r3, #22
10001b72:	b510      	push	{r4, lr}
10001b74:	0001      	movs	r1, r0
10001b76:	8818      	ldrh	r0, [r3, #0]
10001b78:	3302      	adds	r3, #2
10001b7a:	881b      	ldrh	r3, [r3, #0]
10001b7c:	4798      	blx	r3
10001b7e:	bd10      	pop	{r4, pc}

10001b80 <rom_funcs_lookup>:
10001b80:	b5f8      	push	{r3, r4, r5, r6, r7, lr}
10001b82:	4647      	mov	r7, r8
10001b84:	46ce      	mov	lr, r9
10001b86:	b580      	push	{r7, lr}
10001b88:	1e0f      	subs	r7, r1, #0
10001b8a:	d018      	beq.n	10001bbe <rom_funcs_lookup+0x3e>
10001b8c:	2314      	movs	r3, #20
10001b8e:	4699      	mov	r9, r3
10001b90:	3304      	adds	r3, #4
10001b92:	0004      	movs	r4, r0
10001b94:	2500      	movs	r5, #0
10001b96:	2601      	movs	r6, #1
10001b98:	4698      	mov	r8, r3
10001b9a:	464b      	mov	r3, r9
10001b9c:	8818      	ldrh	r0, [r3, #0]
10001b9e:	4643      	mov	r3, r8
10001ba0:	6821      	ldr	r1, [r4, #0]
10001ba2:	881b      	ldrh	r3, [r3, #0]
10001ba4:	4798      	blx	r3
10001ba6:	c401      	stmia	r4!, {r0}
10001ba8:	1e43      	subs	r3, r0, #1
10001baa:	4198      	sbcs	r0, r3
10001bac:	3501      	adds	r5, #1
10001bae:	4006      	ands	r6, r0
10001bb0:	42af      	cmp	r7, r5
10001bb2:	d1f2      	bne.n	10001b9a <rom_funcs_lookup+0x1a>
10001bb4:	0030      	movs	r0, r6
10001bb6:	bcc0      	pop	{r6, r7}
10001bb8:	46b9      	mov	r9, r7
10001bba:	46b0      	mov	r8, r6
10001bbc:	bdf8      	pop	{r3, r4, r5, r6, r7, pc}
10001bbe:	2601      	movs	r6, #1
10001bc0:	e7f8      	b.n	10001bb4 <rom_funcs_lookup+0x34>
10001bc2:	46c0      	nop			@ (mov r8, r8)

10001bc4 <rom_reset_usb_boot_extra>:
10001bc4:	2300      	movs	r3, #0
10001bc6:	b570      	push	{r4, r5, r6, lr}
10001bc8:	0004      	movs	r4, r0
10001bca:	000d      	movs	r5, r1
10001bcc:	8a98      	ldrh	r0, [r3, #20]
10001bce:	4905      	ldr	r1, [pc, #20]	@ (10001be4 <rom_reset_usb_boot_extra+0x20>)
10001bd0:	8b1b      	ldrh	r3, [r3, #24]
10001bd2:	4798      	blx	r3
10001bd4:	0003      	movs	r3, r0
10001bd6:	2000      	movs	r0, #0
10001bd8:	2c00      	cmp	r4, #0
10001bda:	db01      	blt.n	10001be0 <rom_reset_usb_boot_extra+0x1c>
10001bdc:	3001      	adds	r0, #1
10001bde:	40a0      	lsls	r0, r4
10001be0:	0029      	movs	r1, r5
10001be2:	4798      	blx	r3
10001be4:	00004255 	.word	0x00004255

10001be8 <xosc_init>:
10001be8:	23aa      	movs	r3, #170	@ 0xaa
10001bea:	4a06      	ldr	r2, [pc, #24]	@ (10001c04 <xosc_init+0x1c>)
10001bec:	011b      	lsls	r3, r3, #4
10001bee:	6013      	str	r3, [r2, #0]
10001bf0:	238d      	movs	r3, #141	@ 0x8d
10001bf2:	005b      	lsls	r3, r3, #1
10001bf4:	60d3      	str	r3, [r2, #12]
10001bf6:	4904      	ldr	r1, [pc, #16]	@ (10001c08 <xosc_init+0x20>)
10001bf8:	4b04      	ldr	r3, [pc, #16]	@ (10001c0c <xosc_init+0x24>)
10001bfa:	6019      	str	r1, [r3, #0]
10001bfc:	6853      	ldr	r3, [r2, #4]
10001bfe:	2b00      	cmp	r3, #0
10001c00:	dafc      	bge.n	10001bfc <xosc_init+0x14>
10001c02:	4770      	bx	lr
10001c04:	40024000 	.word	0x40024000
10001c08:	00fab000 	.word	0x00fab000
10001c0c:	40026000 	.word	0x40026000

10001c10 <first_per_core_initializer>:
10001c10:	4770      	bx	lr
10001c12:	46c0      	nop			@ (mov r8, r8)

10001c14 <hard_assertion_failure>:
10001c14:	b510      	push	{r4, lr}
10001c16:	4801      	ldr	r0, [pc, #4]	@ (10001c1c <hard_assertion_failure+0x8>)
10001c18:	f7fe febe 	bl	10000998 <panic>
10001c1c:	100076c0 	.word	0x100076c0

10001c20 <runtime_run_initializers>:
10001c20:	b570      	push	{r4, r5, r6, lr}
10001c22:	4d07      	ldr	r5, [pc, #28]	@ (10001c40 <runtime_run_initializers+0x20>)
10001c24:	4e07      	ldr	r6, [pc, #28]	@ (10001c44 <runtime_run_initializers+0x24>)
10001c26:	42b5      	cmp	r5, r6
10001c28:	d209      	bcs.n	10001c3e <runtime_run_initializers+0x1e>
10001c2a:	2400      	movs	r4, #0
10001c2c:	3e01      	subs	r6, #1
10001c2e:	1b76      	subs	r6, r6, r5
10001c30:	08b6      	lsrs	r6, r6, #2
10001c32:	cd08      	ldmia	r5!, {r3}
10001c34:	4798      	blx	r3
10001c36:	0023      	movs	r3, r4
10001c38:	3401      	adds	r4, #1
10001c3a:	42b3      	cmp	r3, r6
10001c3c:	d1f9      	bne.n	10001c32 <runtime_run_initializers+0x12>
10001c3e:	bd70      	pop	{r4, r5, r6, pc}
10001c40:	10007370 	.word	0x10007370
10001c44:	100073ac 	.word	0x100073ac

10001c48 <runtime_init_early_resets>:
10001c48:	4b05      	ldr	r3, [pc, #20]	@ (10001c60 <runtime_init_early_resets+0x18>)
10001c4a:	4a06      	ldr	r2, [pc, #24]	@ (10001c64 <runtime_init_early_resets+0x1c>)
10001c4c:	4906      	ldr	r1, [pc, #24]	@ (10001c68 <runtime_init_early_resets+0x20>)
10001c4e:	601a      	str	r2, [r3, #0]
10001c50:	4a06      	ldr	r2, [pc, #24]	@ (10001c6c <runtime_init_early_resets+0x24>)
10001c52:	4b07      	ldr	r3, [pc, #28]	@ (10001c70 <runtime_init_early_resets+0x28>)
10001c54:	601a      	str	r2, [r3, #0]
10001c56:	0010      	movs	r0, r2
10001c58:	680b      	ldr	r3, [r1, #0]
10001c5a:	4398      	bics	r0, r3
10001c5c:	d1fb      	bne.n	10001c56 <runtime_init_early_resets+0xe>
10001c5e:	4770      	bx	lr
10001c60:	4000e000 	.word	0x4000e000
10001c64:	fefbcdbf 	.word	0xfefbcdbf
10001c68:	4000c008 	.word	0x4000c008
10001c6c:	003c7ffe 	.word	0x003c7ffe
10001c70:	4000f000 	.word	0x4000f000

10001c74 <runtime_init_usb_power_down>:
10001c74:	4b04      	ldr	r3, [pc, #16]	@ (10001c88 <runtime_init_usb_power_down+0x14>)
10001c76:	6cdb      	ldr	r3, [r3, #76]	@ 0x4c
10001c78:	2b00      	cmp	r3, #0
10001c7a:	d103      	bne.n	10001c84 <runtime_init_usb_power_down+0x10>
10001c7c:	2280      	movs	r2, #128	@ 0x80
10001c7e:	4b03      	ldr	r3, [pc, #12]	@ (10001c8c <runtime_init_usb_power_down+0x18>)
10001c80:	02d2      	lsls	r2, r2, #11
10001c82:	601a      	str	r2, [r3, #0]
10001c84:	4770      	bx	lr
10001c86:	46c0      	nop			@ (mov r8, r8)
10001c88:	50110000 	.word	0x50110000
10001c8c:	5011204c 	.word	0x5011204c

10001c90 <runtime_init_post_clock_resets>:
10001c90:	4a04      	ldr	r2, [pc, #16]	@ (10001ca4 <runtime_init_post_clock_resets+0x14>)
10001c92:	4b05      	ldr	r3, [pc, #20]	@ (10001ca8 <runtime_init_post_clock_resets+0x18>)
10001c94:	601a      	str	r2, [r3, #0]
10001c96:	4a05      	ldr	r2, [pc, #20]	@ (10001cac <runtime_init_post_clock_resets+0x1c>)
10001c98:	6813      	ldr	r3, [r2, #0]
10001c9a:	01db      	lsls	r3, r3, #7
10001c9c:	3380      	adds	r3, #128	@ 0x80
10001c9e:	d1fb      	bne.n	10001c98 <runtime_init_post_clock_resets+0x8>
10001ca0:	4770      	bx	lr
10001ca2:	46c0      	nop			@ (mov r8, r8)
10001ca4:	01ffffff 	.word	0x01ffffff
10001ca8:	4000f000 	.word	0x4000f000
10001cac:	4000c008 	.word	0x4000c008

10001cb0 <runtime_init_rp2040_gpio_ie_disable>:
10001cb0:	2240      	movs	r2, #64	@ 0x40
10001cb2:	4b03      	ldr	r3, [pc, #12]	@ (10001cc0 <runtime_init_rp2040_gpio_ie_disable+0x10>)
10001cb4:	679a      	str	r2, [r3, #120]	@ 0x78
10001cb6:	675a      	str	r2, [r3, #116]	@ 0x74
10001cb8:	671a      	str	r2, [r3, #112]	@ 0x70
10001cba:	66da      	str	r2, [r3, #108]	@ 0x6c
10001cbc:	4770      	bx	lr
10001cbe:	46c0      	nop			@ (mov r8, r8)
10001cc0:	4001f000 	.word	0x4001f000

10001cc4 <runtime_init_spin_locks_reset>:
10001cc4:	b510      	push	{r4, lr}
10001cc6:	f7fe ff03 	bl	10000ad0 <spin_locks_reset>
10001cca:	bd10      	pop	{r4, pc}

10001ccc <runtime_init_install_ram_vector_table>:
10001ccc:	b5f8      	push	{r3, r4, r5, r6, r7, lr}
10001cce:	4927      	ldr	r1, [pc, #156]	@ (10001d6c <runtime_init_install_ram_vector_table+0xa0>)
10001cd0:	4c27      	ldr	r4, [pc, #156]	@ (10001d70 <runtime_init_install_ram_vector_table+0xa4>)
10001cd2:	4d28      	ldr	r5, [pc, #160]	@ (10001d74 <runtime_init_install_ram_vector_table+0xa8>)
10001cd4:	1a64      	subs	r4, r4, r1
10001cd6:	10a6      	asrs	r6, r4, #2
10001cd8:	0032      	movs	r2, r6
10001cda:	2e30      	cmp	r6, #48	@ 0x30
10001cdc:	d900      	bls.n	10001ce0 <runtime_init_install_ram_vector_table+0x14>
10001cde:	2230      	movs	r2, #48	@ 0x30
10001ce0:	0028      	movs	r0, r5
10001ce2:	0092      	lsls	r2, r2, #2
10001ce4:	f000 fff0 	bl	10002cc8 <__wrap___aeabi_memcpy>
10001ce8:	2cbc      	cmp	r4, #188	@ 0xbc
10001cea:	d83b      	bhi.n	10001d64 <runtime_init_install_ram_vector_table+0x98>
10001cec:	2030      	movs	r0, #48	@ 0x30
10001cee:	232f      	movs	r3, #47	@ 0x2f
10001cf0:	192c      	adds	r4, r5, r4
10001cf2:	0764      	lsls	r4, r4, #29
10001cf4:	4a20      	ldr	r2, [pc, #128]	@ (10001d78 <runtime_init_install_ram_vector_table+0xac>)
10001cf6:	1b80      	subs	r0, r0, r6
10001cf8:	0fe4      	lsrs	r4, r4, #31
10001cfa:	1b9b      	subs	r3, r3, r6
10001cfc:	2b05      	cmp	r3, #5
10001cfe:	d916      	bls.n	10001d2e <runtime_init_install_ram_vector_table+0x62>
10001d00:	0037      	movs	r7, r6
10001d02:	2c00      	cmp	r4, #0
10001d04:	d002      	beq.n	10001d0c <runtime_init_install_ram_vector_table+0x40>
10001d06:	00b3      	lsls	r3, r6, #2
10001d08:	1c77      	adds	r7, r6, #1
10001d0a:	50ea      	str	r2, [r5, r3]
10001d0c:	1b00      	subs	r0, r0, r4
10001d0e:	1933      	adds	r3, r6, r4
10001d10:	009b      	lsls	r3, r3, #2
10001d12:	0841      	lsrs	r1, r0, #1
10001d14:	18eb      	adds	r3, r5, r3
10001d16:	00c9      	lsls	r1, r1, #3
10001d18:	18c9      	adds	r1, r1, r3
10001d1a:	601a      	str	r2, [r3, #0]
10001d1c:	605a      	str	r2, [r3, #4]
10001d1e:	3308      	adds	r3, #8
10001d20:	4299      	cmp	r1, r3
10001d22:	d1fa      	bne.n	10001d1a <runtime_init_install_ram_vector_table+0x4e>
10001d24:	2301      	movs	r3, #1
10001d26:	4203      	tst	r3, r0
10001d28:	d01c      	beq.n	10001d64 <runtime_init_install_ram_vector_table+0x98>
10001d2a:	4398      	bics	r0, r3
10001d2c:	19c6      	adds	r6, r0, r7
10001d2e:	00b3      	lsls	r3, r6, #2
10001d30:	50ea      	str	r2, [r5, r3]
10001d32:	1c73      	adds	r3, r6, #1
10001d34:	2e2f      	cmp	r6, #47	@ 0x2f
10001d36:	d015      	beq.n	10001d64 <runtime_init_install_ram_vector_table+0x98>
10001d38:	009b      	lsls	r3, r3, #2
10001d3a:	50ea      	str	r2, [r5, r3]
10001d3c:	1cb3      	adds	r3, r6, #2
10001d3e:	2e2e      	cmp	r6, #46	@ 0x2e
10001d40:	d010      	beq.n	10001d64 <runtime_init_install_ram_vector_table+0x98>
10001d42:	009b      	lsls	r3, r3, #2
10001d44:	50ea      	str	r2, [r5, r3]
10001d46:	1cf3      	adds	r3, r6, #3
10001d48:	2e2d      	cmp	r6, #45	@ 0x2d
10001d4a:	d00b      	beq.n	10001d64 <runtime_init_install_ram_vector_table+0x98>
10001d4c:	009b      	lsls	r3, r3, #2
10001d4e:	50ea      	str	r2, [r5, r3]
10001d50:	1d33      	adds	r3, r6, #4
10001d52:	2e2c      	cmp	r6, #44	@ 0x2c
10001d54:	d006      	beq.n	10001d64 <runtime_init_install_ram_vector_table+0x98>
10001d56:	009b      	lsls	r3, r3, #2
10001d58:	50ea      	str	r2, [r5, r3]
10001d5a:	1d73      	adds	r3, r6, #5
10001d5c:	2e2b      	cmp	r6, #43	@ 0x2b
10001d5e:	d001      	beq.n	10001d64 <runtime_init_install_ram_vector_table+0x98>
10001d60:	009b      	lsls	r3, r3, #2
10001d62:	50ea      	str	r2, [r5, r3]
10001d64:	4b05      	ldr	r3, [pc, #20]	@ (10001d7c <runtime_init_install_ram_vector_table+0xb0>)
10001d66:	609d      	str	r5, [r3, #8]
10001d68:	bdf8      	pop	{r3, r4, r5, r6, r7, pc}
10001d6a:	46c0      	nop			@ (mov r8, r8)
10001d6c:	10000100 	.word	0x10000100
10001d70:	100001c0 	.word	0x100001c0
10001d74:	20000000 	.word	0x20000000
10001d78:	100001c1 	.word	0x100001c1
10001d7c:	e000ed00 	.word	0xe000ed00

10001d80 <runtime_init_clocks>:
10001d80:	2300      	movs	r3, #0
10001d82:	b510      	push	{r4, lr}
10001d84:	4c29      	ldr	r4, [pc, #164]	@ (10001e2c <runtime_init_clocks+0xac>)
10001d86:	b082      	sub	sp, #8
10001d88:	67a3      	str	r3, [r4, #120]	@ 0x78
10001d8a:	f7ff ff2d 	bl	10001be8 <xosc_init>
10001d8e:	2201      	movs	r2, #1
10001d90:	4b27      	ldr	r3, [pc, #156]	@ (10001e30 <runtime_init_clocks+0xb0>)
10001d92:	601a      	str	r2, [r3, #0]
10001d94:	6c63      	ldr	r3, [r4, #68]	@ 0x44
10001d96:	2b01      	cmp	r3, #1
10001d98:	d1fc      	bne.n	10001d94 <runtime_init_clocks+0x14>
10001d9a:	2203      	movs	r2, #3
10001d9c:	4b25      	ldr	r3, [pc, #148]	@ (10001e34 <runtime_init_clocks+0xb4>)
10001d9e:	601a      	str	r2, [r3, #0]
10001da0:	4a22      	ldr	r2, [pc, #136]	@ (10001e2c <runtime_init_clocks+0xac>)
10001da2:	6b93      	ldr	r3, [r2, #56]	@ 0x38
10001da4:	2b01      	cmp	r3, #1
10001da6:	d1fc      	bne.n	10001da2 <runtime_init_clocks+0x22>
10001da8:	3301      	adds	r3, #1
10001daa:	9300      	str	r3, [sp, #0]
10001dac:	2101      	movs	r1, #1
10001dae:	4a22      	ldr	r2, [pc, #136]	@ (10001e38 <runtime_init_clocks+0xb8>)
10001db0:	4822      	ldr	r0, [pc, #136]	@ (10001e3c <runtime_init_clocks+0xbc>)
10001db2:	3304      	adds	r3, #4
10001db4:	f7ff fe2c 	bl	10001a10 <pll_init>
10001db8:	2305      	movs	r3, #5
10001dba:	2101      	movs	r1, #1
10001dbc:	9300      	str	r3, [sp, #0]
10001dbe:	4a20      	ldr	r2, [pc, #128]	@ (10001e40 <runtime_init_clocks+0xc0>)
10001dc0:	4820      	ldr	r0, [pc, #128]	@ (10001e44 <runtime_init_clocks+0xc4>)
10001dc2:	f7ff fe25 	bl	10001a10 <pll_init>
10001dc6:	2200      	movs	r2, #0
10001dc8:	2102      	movs	r1, #2
10001dca:	2004      	movs	r0, #4
10001dcc:	4b1e      	ldr	r3, [pc, #120]	@ (10001e48 <runtime_init_clocks+0xc8>)
10001dce:	f7ff fda5 	bl	1000191c <clock_configure_undivided>
10001dd2:	2200      	movs	r2, #0
10001dd4:	2101      	movs	r1, #1
10001dd6:	2005      	movs	r0, #5
10001dd8:	4b1c      	ldr	r3, [pc, #112]	@ (10001e4c <runtime_init_clocks+0xcc>)
10001dda:	f7ff fd9f 	bl	1000191c <clock_configure_undivided>
10001dde:	2200      	movs	r2, #0
10001de0:	2100      	movs	r1, #0
10001de2:	2007      	movs	r0, #7
10001de4:	4b1a      	ldr	r3, [pc, #104]	@ (10001e50 <runtime_init_clocks+0xd0>)
10001de6:	f7ff fd99 	bl	1000191c <clock_configure_undivided>
10001dea:	2200      	movs	r2, #0
10001dec:	2100      	movs	r1, #0
10001dee:	2008      	movs	r0, #8
10001df0:	4b17      	ldr	r3, [pc, #92]	@ (10001e50 <runtime_init_clocks+0xd0>)
10001df2:	f7ff fd93 	bl	1000191c <clock_configure_undivided>
10001df6:	2380      	movs	r3, #128	@ 0x80
10001df8:	00db      	lsls	r3, r3, #3
10001dfa:	9300      	str	r3, [sp, #0]
10001dfc:	2200      	movs	r2, #0
10001dfe:	2100      	movs	r1, #0
10001e00:	2009      	movs	r0, #9
10001e02:	4b13      	ldr	r3, [pc, #76]	@ (10001e50 <runtime_init_clocks+0xd0>)
10001e04:	f7ff fd10 	bl	10001828 <clock_configure_int_divider>
10001e08:	2200      	movs	r2, #0
10001e0a:	4b10      	ldr	r3, [pc, #64]	@ (10001e4c <runtime_init_clocks+0xcc>)
10001e0c:	2100      	movs	r1, #0
10001e0e:	2006      	movs	r0, #6
10001e10:	f7ff fd84 	bl	1000191c <clock_configure_undivided>
10001e14:	2004      	movs	r0, #4
10001e16:	f7ff fdf5 	bl	10001a04 <clock_get_hz>
10001e1a:	490e      	ldr	r1, [pc, #56]	@ (10001e54 <runtime_init_clocks+0xd4>)
10001e1c:	f000 f84c 	bl	10001eb8 <__wrap___aeabi_uidiv>
10001e20:	0001      	movs	r1, r0
10001e22:	2000      	movs	r0, #0
10001e24:	f7ff fe94 	bl	10001b50 <tick_start>
10001e28:	b002      	add	sp, #8
10001e2a:	bd10      	pop	{r4, pc}
10001e2c:	40008000 	.word	0x40008000
10001e30:	4000b03c 	.word	0x4000b03c
10001e34:	4000b030 	.word	0x4000b030
10001e38:	59682f00 	.word	0x59682f00
10001e3c:	40028000 	.word	0x40028000
10001e40:	47868c00 	.word	0x47868c00
10001e44:	4002c000 	.word	0x4002c000
10001e48:	00b71b00 	.word	0x00b71b00
10001e4c:	07735940 	.word	0x07735940
10001e50:	02dc6c00 	.word	0x02dc6c00
10001e54:	000f4240 	.word	0x000f4240

10001e58 <__aeabi_bits_init>:
10001e58:	4801      	ldr	r0, [pc, #4]	@ (10001e60 <__aeabi_bits_init+0x8>)
10001e5a:	2104      	movs	r1, #4
10001e5c:	4b01      	ldr	r3, [pc, #4]	@ (10001e64 <__aeabi_bits_init+0xc>)
10001e5e:	4718      	bx	r3
10001e60:	20001050 	.word	0x20001050
10001e64:	10001b81 	.word	0x10001b81

10001e68 <__wrap___aeabi_idiv>:
10001e68:	4a12      	ldr	r2, [pc, #72]	@ (10001eb4 <divmod_s32s32_savestate+0x18>)
10001e6a:	6f93      	ldr	r3, [r2, #120]	@ 0x78
10001e6c:	089b      	lsrs	r3, r3, #2
10001e6e:	d215      	bcs.n	10001e9c <divmod_s32s32_savestate>

10001e70 <divmod_s32s32_unsafe>:
10001e70:	6690      	str	r0, [r2, #104]	@ 0x68
10001e72:	66d1      	str	r1, [r2, #108]	@ 0x6c
10001e74:	2900      	cmp	r1, #0
10001e76:	d005      	beq.n	10001e84 <divmod_s32s32_unsafe+0x14>
10001e78:	e7ff      	b.n	10001e7a <divmod_s32s32_unsafe+0xa>
10001e7a:	e7ff      	b.n	10001e7c <divmod_s32s32_unsafe+0xc>
10001e7c:	e7ff      	b.n	10001e7e <divmod_s32s32_unsafe+0xe>
10001e7e:	6f51      	ldr	r1, [r2, #116]	@ 0x74
10001e80:	6f10      	ldr	r0, [r2, #112]	@ 0x70
10001e82:	4770      	bx	lr
10001e84:	b504      	push	{r2, lr}
10001e86:	2180      	movs	r1, #128	@ 0x80
10001e88:	0609      	lsls	r1, r1, #24
10001e8a:	17c2      	asrs	r2, r0, #31
10001e8c:	4051      	eors	r1, r2
10001e8e:	2800      	cmp	r0, #0
10001e90:	d000      	beq.n	10001e94 <divmod_s32s32_unsafe+0x24>
10001e92:	43c8      	mvns	r0, r1
10001e94:	f005 fa2c 	bl	100072f0 <____aeabi_idiv0_veneer>
10001e98:	2100      	movs	r1, #0
10001e9a:	bd04      	pop	{r2, pc}

10001e9c <divmod_s32s32_savestate>:
10001e9c:	b5f0      	push	{r4, r5, r6, r7, lr}
10001e9e:	6e14      	ldr	r4, [r2, #96]	@ 0x60
10001ea0:	6e55      	ldr	r5, [r2, #100]	@ 0x64
10001ea2:	6f57      	ldr	r7, [r2, #116]	@ 0x74
10001ea4:	6f16      	ldr	r6, [r2, #112]	@ 0x70
10001ea6:	f7ff ffe3 	bl	10001e70 <divmod_s32s32_unsafe>
10001eaa:	6614      	str	r4, [r2, #96]	@ 0x60
10001eac:	6655      	str	r5, [r2, #100]	@ 0x64
10001eae:	6757      	str	r7, [r2, #116]	@ 0x74
10001eb0:	6716      	str	r6, [r2, #112]	@ 0x70
10001eb2:	bdf0      	pop	{r4, r5, r6, r7, pc}
10001eb4:	d0000000 	.word	0xd0000000

10001eb8 <__wrap___aeabi_uidiv>:
10001eb8:	4a11      	ldr	r2, [pc, #68]	@ (10001f00 <divmod_u32u32_savestate+0x18>)
10001eba:	6f93      	ldr	r3, [r2, #120]	@ 0x78
10001ebc:	089b      	lsrs	r3, r3, #2
10001ebe:	d213      	bcs.n	10001ee8 <divmod_u32u32_savestate>

10001ec0 <divmod_u32u32_unsafe>:
10001ec0:	6610      	str	r0, [r2, #96]	@ 0x60
10001ec2:	6651      	str	r1, [r2, #100]	@ 0x64
10001ec4:	2900      	cmp	r1, #0
10001ec6:	d005      	beq.n	10001ed4 <divmod_u32u32_unsafe+0x14>
10001ec8:	e7ff      	b.n	10001eca <divmod_u32u32_unsafe+0xa>
10001eca:	e7ff      	b.n	10001ecc <divmod_u32u32_unsafe+0xc>
10001ecc:	e7ff      	b.n	10001ece <divmod_u32u32_unsafe+0xe>
10001ece:	6f51      	ldr	r1, [r2, #116]	@ 0x74
10001ed0:	6f10      	ldr	r0, [r2, #112]	@ 0x70
10001ed2:	4770      	bx	lr
10001ed4:	b504      	push	{r2, lr}
10001ed6:	2800      	cmp	r0, #0
10001ed8:	d001      	beq.n	10001ede <divmod_u32u32_unsafe+0x1e>
10001eda:	2000      	movs	r0, #0
10001edc:	43c0      	mvns	r0, r0
10001ede:	f005 fa07 	bl	100072f0 <____aeabi_idiv0_veneer>
10001ee2:	2100      	movs	r1, #0
10001ee4:	bd04      	pop	{r2, pc}
10001ee6:	46c0      	nop			@ (mov r8, r8)

10001ee8 <divmod_u32u32_savestate>:
10001ee8:	b5f0      	push	{r4, r5, r6, r7, lr}
10001eea:	6e14      	ldr	r4, [r2, #96]	@ 0x60
10001eec:	6e55      	ldr	r5, [r2, #100]	@ 0x64
10001eee:	6f57      	ldr	r7, [r2, #116]	@ 0x74
10001ef0:	6f16      	ldr	r6, [r2, #112]	@ 0x70
10001ef2:	f7ff ffe5 	bl	10001ec0 <divmod_u32u32_unsafe>
10001ef6:	6614      	str	r4, [r2, #96]	@ 0x60
10001ef8:	6655      	str	r5, [r2, #100]	@ 0x64
10001efa:	6757      	str	r7, [r2, #116]	@ 0x74
10001efc:	6716      	str	r6, [r2, #112]	@ 0x70
10001efe:	bdf0      	pop	{r4, r5, r6, r7, pc}
10001f00:	d0000000 	.word	0xd0000000

10001f04 <__wrap___aeabi_ldivmod>:
10001f04:	4694      	mov	ip, r2
10001f06:	4a4a      	ldr	r2, [pc, #296]	@ (10002030 <udiv0+0x1a>)
10001f08:	6f92      	ldr	r2, [r2, #120]	@ 0x78
10001f0a:	0892      	lsrs	r2, r2, #2
10001f0c:	4662      	mov	r2, ip
10001f0e:	d201      	bcs.n	10001f14 <divmod_s64s64_savestate>
10001f10:	e028      	b.n	10001f64 <divmod_s64s64_unsafe>
10001f12:	46c0      	nop			@ (mov r8, r8)

10001f14 <divmod_s64s64_savestate>:
10001f14:	b5f0      	push	{r4, r5, r6, r7, lr}
10001f16:	4e46      	ldr	r6, [pc, #280]	@ (10002030 <udiv0+0x1a>)
10001f18:	6e34      	ldr	r4, [r6, #96]	@ 0x60
10001f1a:	6e75      	ldr	r5, [r6, #100]	@ 0x64
10001f1c:	6f77      	ldr	r7, [r6, #116]	@ 0x74
10001f1e:	6f36      	ldr	r6, [r6, #112]	@ 0x70
10001f20:	f000 f820 	bl	10001f64 <divmod_s64s64_unsafe>
10001f24:	4694      	mov	ip, r2
10001f26:	4a42      	ldr	r2, [pc, #264]	@ (10002030 <udiv0+0x1a>)
10001f28:	6614      	str	r4, [r2, #96]	@ 0x60
10001f2a:	6655      	str	r5, [r2, #100]	@ 0x64
10001f2c:	6757      	str	r7, [r2, #116]	@ 0x74
10001f2e:	6716      	str	r6, [r2, #112]	@ 0x70
10001f30:	4662      	mov	r2, ip
10001f32:	bdf0      	pop	{r4, r5, r6, r7, pc}

10001f34 <__wrap___aeabi_uldivmod>:
10001f34:	4694      	mov	ip, r2
10001f36:	4a3e      	ldr	r2, [pc, #248]	@ (10002030 <udiv0+0x1a>)
10001f38:	6f92      	ldr	r2, [r2, #120]	@ 0x78
10001f3a:	0892      	lsrs	r2, r2, #2
10001f3c:	4662      	mov	r2, ip
10001f3e:	d201      	bcs.n	10001f44 <divmod_u64u64_savestate>
10001f40:	e054      	b.n	10001fec <divmod_u64u64_unsafe>
10001f42:	46c0      	nop			@ (mov r8, r8)

10001f44 <divmod_u64u64_savestate>:
10001f44:	b5f0      	push	{r4, r5, r6, r7, lr}
10001f46:	4e3a      	ldr	r6, [pc, #232]	@ (10002030 <udiv0+0x1a>)
10001f48:	6e34      	ldr	r4, [r6, #96]	@ 0x60
10001f4a:	6e75      	ldr	r5, [r6, #100]	@ 0x64
10001f4c:	6f77      	ldr	r7, [r6, #116]	@ 0x74
10001f4e:	6f36      	ldr	r6, [r6, #112]	@ 0x70
10001f50:	f000 f84c 	bl	10001fec <divmod_u64u64_unsafe>
10001f54:	4694      	mov	ip, r2
10001f56:	4a36      	ldr	r2, [pc, #216]	@ (10002030 <udiv0+0x1a>)
10001f58:	6614      	str	r4, [r2, #96]	@ 0x60
10001f5a:	6655      	str	r5, [r2, #100]	@ 0x64
10001f5c:	6757      	str	r7, [r2, #116]	@ 0x74
10001f5e:	6716      	str	r6, [r2, #112]	@ 0x70
10001f60:	4662      	mov	r2, ip
10001f62:	bdf0      	pop	{r4, r5, r6, r7, pc}

10001f64 <divmod_s64s64_unsafe>:
10001f64:	2b00      	cmp	r3, #0
10001f66:	db24      	blt.n	10001fb2 <l42_1+0x26>
10001f68:	d011      	beq.n	10001f8e <l42_1+0x2>
10001f6a:	2900      	cmp	r1, #0
10001f6c:	da3e      	bge.n	10001fec <divmod_u64u64_unsafe>
10001f6e:	b500      	push	{lr}
10001f70:	43c9      	mvns	r1, r1
10001f72:	4240      	negs	r0, r0
10001f74:	d100      	bne.n	10001f78 <l40_1>
10001f76:	3101      	adds	r1, #1

10001f78 <l40_1>:
10001f78:	f000 f838 	bl	10001fec <divmod_u64u64_unsafe>
10001f7c:	43c9      	mvns	r1, r1
10001f7e:	4240      	negs	r0, r0
10001f80:	d100      	bne.n	10001f84 <l41_1>
10001f82:	3101      	adds	r1, #1

10001f84 <l41_1>:
10001f84:	43db      	mvns	r3, r3
10001f86:	4252      	negs	r2, r2
10001f88:	d100      	bne.n	10001f8c <l42_1>
10001f8a:	3301      	adds	r3, #1

10001f8c <l42_1>:
10001f8c:	bd00      	pop	{pc}
10001f8e:	2a00      	cmp	r2, #0
10001f90:	d1eb      	bne.n	10001f6a <divmod_s64s64_unsafe+0x6>
10001f92:	2800      	cmp	r0, #0
10001f94:	d101      	bne.n	10001f9a <l42_1+0xe>
10001f96:	2900      	cmp	r1, #0
10001f98:	d005      	beq.n	10001fa6 <l42_1+0x1a>
10001f9a:	2000      	movs	r0, #0
10001f9c:	0fc9      	lsrs	r1, r1, #31
10001f9e:	07c9      	lsls	r1, r1, #31
10001fa0:	d101      	bne.n	10001fa6 <l42_1+0x1a>
10001fa2:	43c0      	mvns	r0, r0
10001fa4:	0841      	lsrs	r1, r0, #1
10001fa6:	b500      	push	{lr}
10001fa8:	f005 f99a 	bl	100072e0 <____aeabi_ldiv0_veneer>
10001fac:	2200      	movs	r2, #0
10001fae:	2300      	movs	r3, #0
10001fb0:	bd00      	pop	{pc}
10001fb2:	b500      	push	{lr}
10001fb4:	2900      	cmp	r1, #0
10001fb6:	db0a      	blt.n	10001fce <l44_1+0x2>
10001fb8:	43db      	mvns	r3, r3
10001fba:	4252      	negs	r2, r2
10001fbc:	d100      	bne.n	10001fc0 <l43_1>
10001fbe:	3301      	adds	r3, #1

10001fc0 <l43_1>:
10001fc0:	f000 f814 	bl	10001fec <divmod_u64u64_unsafe>
10001fc4:	43c9      	mvns	r1, r1
10001fc6:	4240      	negs	r0, r0
10001fc8:	d100      	bne.n	10001fcc <l44_1>
10001fca:	3101      	adds	r1, #1

10001fcc <l44_1>:
10001fcc:	bd00      	pop	{pc}
10001fce:	43c9      	mvns	r1, r1
10001fd0:	4240      	negs	r0, r0
10001fd2:	d100      	bne.n	10001fd6 <l45_1>
10001fd4:	3101      	adds	r1, #1

10001fd6 <l45_1>:
10001fd6:	43db      	mvns	r3, r3
10001fd8:	4252      	negs	r2, r2
10001fda:	d100      	bne.n	10001fde <l46_1>
10001fdc:	3301      	adds	r3, #1

10001fde <l46_1>:
10001fde:	f000 f805 	bl	10001fec <divmod_u64u64_unsafe>
10001fe2:	43db      	mvns	r3, r3
10001fe4:	4252      	negs	r2, r2
10001fe6:	d100      	bne.n	10001fea <l47_1>
10001fe8:	3301      	adds	r3, #1

10001fea <l47_1>:
10001fea:	bd00      	pop	{pc}

10001fec <divmod_u64u64_unsafe>:
10001fec:	2900      	cmp	r1, #0
10001fee:	d123      	bne.n	10002038 <y64>
10001ff0:	2b00      	cmp	r3, #0
10001ff2:	d118      	bne.n	10002026 <udiv0+0x10>
10001ff4:	2a00      	cmp	r2, #0
10001ff6:	d00c      	beq.n	10002012 <divmod_u64u64_unsafe+0x26>
10001ff8:	46bc      	mov	ip, r7
10001ffa:	4f0d      	ldr	r7, [pc, #52]	@ (10002030 <udiv0+0x1a>)
10001ffc:	6638      	str	r0, [r7, #96]	@ 0x60
10001ffe:	667a      	str	r2, [r7, #100]	@ 0x64
10002000:	2100      	movs	r1, #0
10002002:	2300      	movs	r3, #0
10002004:	e7ff      	b.n	10002006 <divmod_u64u64_unsafe+0x1a>
10002006:	e7ff      	b.n	10002008 <divmod_u64u64_unsafe+0x1c>
10002008:	e7ff      	b.n	1000200a <divmod_u64u64_unsafe+0x1e>
1000200a:	6f7a      	ldr	r2, [r7, #116]	@ 0x74
1000200c:	6f38      	ldr	r0, [r7, #112]	@ 0x70
1000200e:	4667      	mov	r7, ip
10002010:	4770      	bx	lr
10002012:	2800      	cmp	r0, #0
10002014:	d001      	beq.n	1000201a <udiv0+0x4>

10002016 <udiv0>:
10002016:	4807      	ldr	r0, [pc, #28]	@ (10002034 <udiv0+0x1e>)
10002018:	0001      	movs	r1, r0
1000201a:	b500      	push	{lr}
1000201c:	f005 f960 	bl	100072e0 <____aeabi_ldiv0_veneer>
10002020:	2200      	movs	r2, #0
10002022:	2300      	movs	r3, #0
10002024:	bd00      	pop	{pc}
10002026:	0002      	movs	r2, r0
10002028:	000b      	movs	r3, r1
1000202a:	2000      	movs	r0, #0
1000202c:	2100      	movs	r1, #0
1000202e:	4770      	bx	lr
10002030:	d0000000 	.word	0xd0000000
10002034:	ffffffff 	.word	0xffffffff

10002038 <y64>:
10002038:	2b00      	cmp	r3, #0
1000203a:	d000      	beq.n	1000203e <y64+0x6>
1000203c:	e0bf      	b.n	100021be <y64_x48>
1000203e:	0c13      	lsrs	r3, r2, #16
10002040:	d128      	bne.n	10002094 <y64_x32>
10002042:	2a00      	cmp	r2, #0
10002044:	d0e7      	beq.n	10002016 <udiv0>
10002046:	b480      	push	{r7}
10002048:	4f11      	ldr	r7, [pc, #68]	@ (10002090 <y64+0x58>)
1000204a:	6639      	str	r1, [r7, #96]	@ 0x60
1000204c:	667a      	str	r2, [r7, #100]	@ 0x64
1000204e:	e7ff      	b.n	10002050 <y64+0x18>
10002050:	e7ff      	b.n	10002052 <y64+0x1a>
10002052:	b430      	push	{r4, r5}
10002054:	0c04      	lsrs	r4, r0, #16
10002056:	6f7b      	ldr	r3, [r7, #116]	@ 0x74
10002058:	6f39      	ldr	r1, [r7, #112]	@ 0x70
1000205a:	041b      	lsls	r3, r3, #16
1000205c:	4323      	orrs	r3, r4
1000205e:	663b      	str	r3, [r7, #96]	@ 0x60
10002060:	667a      	str	r2, [r7, #100]	@ 0x64
10002062:	e7ff      	b.n	10002064 <y64+0x2c>
10002064:	e7ff      	b.n	10002066 <y64+0x2e>
10002066:	e7ff      	b.n	10002068 <y64+0x30>
10002068:	46c0      	nop			@ (mov r8, r8)
1000206a:	b284      	uxth	r4, r0
1000206c:	6f7b      	ldr	r3, [r7, #116]	@ 0x74
1000206e:	6f3d      	ldr	r5, [r7, #112]	@ 0x70
10002070:	041b      	lsls	r3, r3, #16
10002072:	4323      	orrs	r3, r4
10002074:	663b      	str	r3, [r7, #96]	@ 0x60
10002076:	667a      	str	r2, [r7, #100]	@ 0x64
10002078:	e7ff      	b.n	1000207a <y64+0x42>
1000207a:	e7ff      	b.n	1000207c <y64+0x44>
1000207c:	46c0      	nop			@ (mov r8, r8)
1000207e:	2300      	movs	r3, #0
10002080:	042c      	lsls	r4, r5, #16
10002082:	0c2d      	lsrs	r5, r5, #16
10002084:	6f7a      	ldr	r2, [r7, #116]	@ 0x74
10002086:	6f38      	ldr	r0, [r7, #112]	@ 0x70
10002088:	1900      	adds	r0, r0, r4
1000208a:	4169      	adcs	r1, r5
1000208c:	bcb0      	pop	{r4, r5, r7}
1000208e:	4770      	bx	lr
10002090:	d0000000 	.word	0xd0000000

10002094 <y64_x32>:
10002094:	b5f0      	push	{r4, r5, r6, r7, lr}
10002096:	4694      	mov	ip, r2
10002098:	2500      	movs	r5, #0
1000209a:	0e14      	lsrs	r4, r2, #24
1000209c:	d101      	bne.n	100020a2 <y64_x32+0xe>
1000209e:	0212      	lsls	r2, r2, #8
100020a0:	3508      	adds	r5, #8
100020a2:	0f14      	lsrs	r4, r2, #28
100020a4:	d101      	bne.n	100020aa <y64_x32+0x16>
100020a6:	0112      	lsls	r2, r2, #4
100020a8:	3504      	adds	r5, #4
100020aa:	0f94      	lsrs	r4, r2, #30
100020ac:	d101      	bne.n	100020b2 <y64_x32+0x1e>
100020ae:	0092      	lsls	r2, r2, #2
100020b0:	3502      	adds	r5, #2
100020b2:	0fd4      	lsrs	r4, r2, #31
100020b4:	d101      	bne.n	100020ba <y64_x32+0x26>
100020b6:	0052      	lsls	r2, r2, #1
100020b8:	3501      	adds	r5, #1
100020ba:	0bd4      	lsrs	r4, r2, #15
100020bc:	3401      	adds	r4, #1
100020be:	4f25      	ldr	r7, [pc, #148]	@ (10002154 <y64_x32+0xc0>)
100020c0:	667c      	str	r4, [r7, #100]	@ 0x64
100020c2:	4c25      	ldr	r4, [pc, #148]	@ (10002158 <y64_x32+0xc4>)
100020c4:	663c      	str	r4, [r7, #96]	@ 0x60
100020c6:	0c0e      	lsrs	r6, r1, #16
100020c8:	b293      	uxth	r3, r2
100020ca:	e7ff      	b.n	100020cc <y64_x32+0x38>
100020cc:	e7ff      	b.n	100020ce <y64_x32+0x3a>
100020ce:	e7ff      	b.n	100020d0 <y64_x32+0x3c>
100020d0:	6f3c      	ldr	r4, [r7, #112]	@ 0x70
100020d2:	4366      	muls	r6, r4
100020d4:	0c36      	lsrs	r6, r6, #16
100020d6:	0377      	lsls	r7, r6, #13
100020d8:	46be      	mov	lr, r7
100020da:	4373      	muls	r3, r6
100020dc:	0bdf      	lsrs	r7, r3, #15
100020de:	045b      	lsls	r3, r3, #17
100020e0:	1ac0      	subs	r0, r0, r3
100020e2:	41b9      	sbcs	r1, r7
100020e4:	0c13      	lsrs	r3, r2, #16
100020e6:	4373      	muls	r3, r6
100020e8:	18db      	adds	r3, r3, r3
100020ea:	1ac9      	subs	r1, r1, r3
100020ec:	08ce      	lsrs	r6, r1, #3
100020ee:	4366      	muls	r6, r4
100020f0:	0c36      	lsrs	r6, r6, #16
100020f2:	44b6      	add	lr, r6
100020f4:	b293      	uxth	r3, r2
100020f6:	4373      	muls	r3, r6
100020f8:	0f1f      	lsrs	r7, r3, #28
100020fa:	011b      	lsls	r3, r3, #4
100020fc:	1ac0      	subs	r0, r0, r3
100020fe:	41b9      	sbcs	r1, r7
10002100:	0c13      	lsrs	r3, r2, #16
10002102:	4373      	muls	r3, r6
10002104:	0b1f      	lsrs	r7, r3, #12
10002106:	051b      	lsls	r3, r3, #20
10002108:	1ac0      	subs	r0, r0, r3
1000210a:	41b9      	sbcs	r1, r7
1000210c:	0d86      	lsrs	r6, r0, #22
1000210e:	028f      	lsls	r7, r1, #10
10002110:	433e      	orrs	r6, r7
10002112:	4366      	muls	r6, r4
10002114:	0c36      	lsrs	r6, r6, #16
10002116:	2d09      	cmp	r5, #9
10002118:	db24      	blt.n	10002164 <last0>
1000211a:	0a52      	lsrs	r2, r2, #9
1000211c:	4372      	muls	r2, r6
1000211e:	1a80      	subs	r0, r0, r2
10002120:	0377      	lsls	r7, r6, #13
10002122:	0a46      	lsrs	r6, r0, #9
10002124:	4366      	muls	r6, r4
10002126:	0c36      	lsrs	r6, r6, #16
10002128:	2316      	movs	r3, #22
1000212a:	1b5b      	subs	r3, r3, r5
1000212c:	40de      	lsrs	r6, r3
1000212e:	40df      	lsrs	r7, r3
10002130:	19bf      	adds	r7, r7, r6
10002132:	4664      	mov	r4, ip
10002134:	4366      	muls	r6, r4
10002136:	1b82      	subs	r2, r0, r6
10002138:	4670      	mov	r0, lr
1000213a:	3504      	adds	r5, #4
1000213c:	3306      	adds	r3, #6
1000213e:	0001      	movs	r1, r0
10002140:	40d9      	lsrs	r1, r3
10002142:	40a8      	lsls	r0, r5
10002144:	19c0      	adds	r0, r0, r7
10002146:	d300      	bcc.n	1000214a <y64_x32+0xb6>
10002148:	3101      	adds	r1, #1
1000214a:	42a2      	cmp	r2, r4
1000214c:	d206      	bcs.n	1000215c <y64_x32+0xc8>
1000214e:	2300      	movs	r3, #0
10002150:	bdf0      	pop	{r4, r5, r6, r7, pc}
10002152:	0000      	.short	0x0000
10002154:	d0000000 	.word	0xd0000000
10002158:	ffffffff 	.word	0xffffffff
1000215c:	1b12      	subs	r2, r2, r4
1000215e:	3001      	adds	r0, #1
10002160:	d3f3      	bcc.n	1000214a <y64_x32+0xb6>
10002162:	e7f1      	b.n	10002148 <y64_x32+0xb4>

10002164 <last0>:
10002164:	2709      	movs	r7, #9
10002166:	1b7f      	subs	r7, r7, r5
10002168:	40fe      	lsrs	r6, r7
1000216a:	4664      	mov	r4, ip
1000216c:	b2a2      	uxth	r2, r4
1000216e:	4372      	muls	r2, r6
10002170:	1a80      	subs	r0, r0, r2
10002172:	d200      	bcs.n	10002176 <last0+0x12>
10002174:	3901      	subs	r1, #1
10002176:	0c22      	lsrs	r2, r4, #16
10002178:	4372      	muls	r2, r6
1000217a:	0c13      	lsrs	r3, r2, #16
1000217c:	0412      	lsls	r2, r2, #16
1000217e:	1a82      	subs	r2, r0, r2
10002180:	4199      	sbcs	r1, r3
10002182:	000b      	movs	r3, r1
10002184:	4670      	mov	r0, lr
10002186:	3504      	adds	r5, #4
10002188:	3713      	adds	r7, #19
1000218a:	0001      	movs	r1, r0
1000218c:	40f9      	lsrs	r1, r7
1000218e:	40a8      	lsls	r0, r5
10002190:	1980      	adds	r0, r0, r6
10002192:	d300      	bcc.n	10002196 <last0+0x32>
10002194:	3101      	adds	r1, #1
10002196:	2b00      	cmp	r3, #0
10002198:	d102      	bne.n	100021a0 <last0+0x3c>
1000219a:	42a2      	cmp	r2, r4
1000219c:	d20a      	bcs.n	100021b4 <last0+0x50>
1000219e:	bdf0      	pop	{r4, r5, r6, r7, pc}
100021a0:	3001      	adds	r0, #1
100021a2:	d300      	bcc.n	100021a6 <last0+0x42>
100021a4:	3101      	adds	r1, #1
100021a6:	1b12      	subs	r2, r2, r4
100021a8:	d2fa      	bcs.n	100021a0 <last0+0x3c>
100021aa:	3b01      	subs	r3, #1
100021ac:	d1f8      	bne.n	100021a0 <last0+0x3c>
100021ae:	42a2      	cmp	r2, r4
100021b0:	d200      	bcs.n	100021b4 <last0+0x50>
100021b2:	bdf0      	pop	{r4, r5, r6, r7, pc}
100021b4:	3001      	adds	r0, #1
100021b6:	d300      	bcc.n	100021ba <last0+0x56>
100021b8:	3101      	adds	r1, #1
100021ba:	1b12      	subs	r2, r2, r4
100021bc:	e7f7      	b.n	100021ae <last0+0x4a>

100021be <y64_x48>:
100021be:	b5f0      	push	{r4, r5, r6, r7, lr}
100021c0:	0c1c      	lsrs	r4, r3, #16
100021c2:	d000      	beq.n	100021c6 <y64_x48+0x8>
100021c4:	e080      	b.n	100022c8 <y64_x64>
100021c6:	b40c      	push	{r2, r3}
100021c8:	2500      	movs	r5, #0
100021ca:	0a1c      	lsrs	r4, r3, #8
100021cc:	d104      	bne.n	100021d8 <y64_x48+0x1a>
100021ce:	021b      	lsls	r3, r3, #8
100021d0:	0e16      	lsrs	r6, r2, #24
100021d2:	4333      	orrs	r3, r6
100021d4:	0212      	lsls	r2, r2, #8
100021d6:	3508      	adds	r5, #8
100021d8:	0b1c      	lsrs	r4, r3, #12
100021da:	d104      	bne.n	100021e6 <y64_x48+0x28>
100021dc:	011b      	lsls	r3, r3, #4
100021de:	0f16      	lsrs	r6, r2, #28
100021e0:	4333      	orrs	r3, r6
100021e2:	0112      	lsls	r2, r2, #4
100021e4:	3504      	adds	r5, #4
100021e6:	0b9c      	lsrs	r4, r3, #14
100021e8:	d104      	bne.n	100021f4 <y64_x48+0x36>
100021ea:	009b      	lsls	r3, r3, #2
100021ec:	0f96      	lsrs	r6, r2, #30
100021ee:	4333      	orrs	r3, r6
100021f0:	0092      	lsls	r2, r2, #2
100021f2:	3502      	adds	r5, #2
100021f4:	0bdc      	lsrs	r4, r3, #15
100021f6:	d102      	bne.n	100021fe <y64_x48+0x40>
100021f8:	1892      	adds	r2, r2, r2
100021fa:	415b      	adcs	r3, r3
100021fc:	3501      	adds	r5, #1
100021fe:	001c      	movs	r4, r3
10002200:	1897      	adds	r7, r2, r2
10002202:	4164      	adcs	r4, r4
10002204:	3401      	adds	r4, #1
10002206:	4f46      	ldr	r7, [pc, #280]	@ (10002320 <y64_x64+0x58>)
10002208:	667c      	str	r4, [r7, #100]	@ 0x64
1000220a:	4c46      	ldr	r4, [pc, #280]	@ (10002324 <y64_x64+0x5c>)
1000220c:	663c      	str	r4, [r7, #96]	@ 0x60
1000220e:	0c0e      	lsrs	r6, r1, #16
10002210:	e7ff      	b.n	10002212 <y64_x48+0x54>
10002212:	e7ff      	b.n	10002214 <y64_x48+0x56>
10002214:	e7ff      	b.n	10002216 <y64_x48+0x58>
10002216:	46c0      	nop			@ (mov r8, r8)
10002218:	6f3c      	ldr	r4, [r7, #112]	@ 0x70
1000221a:	4366      	muls	r6, r4
1000221c:	0c36      	lsrs	r6, r6, #16
1000221e:	0377      	lsls	r7, r6, #13
10002220:	46be      	mov	lr, r7
10002222:	b297      	uxth	r7, r2
10002224:	4377      	muls	r7, r6
10002226:	1bc0      	subs	r0, r0, r7
10002228:	d200      	bcs.n	1000222c <y64_x48+0x6e>
1000222a:	3901      	subs	r1, #1
1000222c:	1bc0      	subs	r0, r0, r7
1000222e:	d200      	bcs.n	10002232 <y64_x48+0x74>
10002230:	3901      	subs	r1, #1
10002232:	b29f      	uxth	r7, r3
10002234:	4377      	muls	r7, r6
10002236:	1bc9      	subs	r1, r1, r7
10002238:	1bc9      	subs	r1, r1, r7
1000223a:	0c17      	lsrs	r7, r2, #16
1000223c:	4377      	muls	r7, r6
1000223e:	047e      	lsls	r6, r7, #17
10002240:	0bff      	lsrs	r7, r7, #15
10002242:	1b80      	subs	r0, r0, r6
10002244:	41b9      	sbcs	r1, r7
10002246:	08ce      	lsrs	r6, r1, #3
10002248:	4366      	muls	r6, r4
1000224a:	0c36      	lsrs	r6, r6, #16
1000224c:	2d0c      	cmp	r5, #12
1000224e:	db33      	blt.n	100022b8 <last1>
10002250:	44b6      	add	lr, r6
10002252:	0b12      	lsrs	r2, r2, #12
10002254:	051f      	lsls	r7, r3, #20
10002256:	433a      	orrs	r2, r7
10002258:	0b1b      	lsrs	r3, r3, #12
1000225a:	b297      	uxth	r7, r2
1000225c:	4377      	muls	r7, r6
1000225e:	1bc0      	subs	r0, r0, r7
10002260:	d200      	bcs.n	10002264 <y64_x48+0xa6>
10002262:	3901      	subs	r1, #1
10002264:	b29f      	uxth	r7, r3
10002266:	4377      	muls	r7, r6
10002268:	1bc9      	subs	r1, r1, r7
1000226a:	0c17      	lsrs	r7, r2, #16
1000226c:	4377      	muls	r7, r6
1000226e:	043e      	lsls	r6, r7, #16
10002270:	0c3f      	lsrs	r7, r7, #16
10002272:	1b80      	subs	r0, r0, r6
10002274:	41b9      	sbcs	r1, r7
10002276:	0d86      	lsrs	r6, r0, #22
10002278:	028f      	lsls	r7, r1, #10
1000227a:	433e      	orrs	r6, r7
1000227c:	4366      	muls	r6, r4
1000227e:	2729      	movs	r7, #41	@ 0x29
10002280:	1b7f      	subs	r7, r7, r5
10002282:	40fe      	lsrs	r6, r7
10002284:	3d0c      	subs	r5, #12
10002286:	4677      	mov	r7, lr
10002288:	40af      	lsls	r7, r5
1000228a:	19bf      	adds	r7, r7, r6
1000228c:	bc30      	pop	{r4, r5}
1000228e:	b2a2      	uxth	r2, r4
10002290:	b2ab      	uxth	r3, r5
10002292:	4372      	muls	r2, r6
10002294:	4373      	muls	r3, r6
10002296:	1a80      	subs	r0, r0, r2
10002298:	4199      	sbcs	r1, r3
1000229a:	0c22      	lsrs	r2, r4, #16
1000229c:	4372      	muls	r2, r6
1000229e:	0c13      	lsrs	r3, r2, #16
100022a0:	0412      	lsls	r2, r2, #16
100022a2:	1a80      	subs	r0, r0, r2
100022a4:	4199      	sbcs	r1, r3
100022a6:	0002      	movs	r2, r0
100022a8:	000b      	movs	r3, r1
100022aa:	3701      	adds	r7, #1
100022ac:	1b00      	subs	r0, r0, r4
100022ae:	41a9      	sbcs	r1, r5
100022b0:	d2f9      	bcs.n	100022a6 <y64_x48+0xe8>
100022b2:	1e78      	subs	r0, r7, #1
100022b4:	2100      	movs	r1, #0
100022b6:	bdf0      	pop	{r4, r5, r6, r7, pc}

100022b8 <last1>:
100022b8:	270c      	movs	r7, #12
100022ba:	1b7f      	subs	r7, r7, r5
100022bc:	40fe      	lsrs	r6, r7
100022be:	4677      	mov	r7, lr
100022c0:	0b7f      	lsrs	r7, r7, #13
100022c2:	40af      	lsls	r7, r5
100022c4:	19ff      	adds	r7, r7, r7
100022c6:	e7e0      	b.n	1000228a <y64_x48+0xcc>

100022c8 <y64_x64>:
100022c8:	2400      	movs	r4, #0
100022ca:	1c5d      	adds	r5, r3, #1
100022cc:	d007      	beq.n	100022de <y64_x64+0x16>
100022ce:	4f14      	ldr	r7, [pc, #80]	@ (10002320 <y64_x64+0x58>)
100022d0:	667d      	str	r5, [r7, #100]	@ 0x64
100022d2:	6639      	str	r1, [r7, #96]	@ 0x60
100022d4:	e7ff      	b.n	100022d6 <y64_x64+0xe>
100022d6:	e7ff      	b.n	100022d8 <y64_x64+0x10>
100022d8:	e7ff      	b.n	100022da <y64_x64+0x12>
100022da:	e7ff      	b.n	100022dc <y64_x64+0x14>
100022dc:	6f3c      	ldr	r4, [r7, #112]	@ 0x70
100022de:	b295      	uxth	r5, r2
100022e0:	b29e      	uxth	r6, r3
100022e2:	4365      	muls	r5, r4
100022e4:	4366      	muls	r6, r4
100022e6:	1b40      	subs	r0, r0, r5
100022e8:	41b1      	sbcs	r1, r6
100022ea:	0c15      	lsrs	r5, r2, #16
100022ec:	0c1e      	lsrs	r6, r3, #16
100022ee:	4365      	muls	r5, r4
100022f0:	4366      	muls	r6, r4
100022f2:	0436      	lsls	r6, r6, #16
100022f4:	0c2f      	lsrs	r7, r5, #16
100022f6:	433e      	orrs	r6, r7
100022f8:	042d      	lsls	r5, r5, #16
100022fa:	1b40      	subs	r0, r0, r5
100022fc:	41b1      	sbcs	r1, r6
100022fe:	4299      	cmp	r1, r3
10002300:	d204      	bcs.n	1000230c <y64_x64+0x44>
10002302:	0002      	movs	r2, r0
10002304:	000b      	movs	r3, r1
10002306:	0020      	movs	r0, r4
10002308:	2100      	movs	r1, #0
1000230a:	bdf0      	pop	{r4, r5, r6, r7, pc}
1000230c:	d101      	bne.n	10002312 <y64_x64+0x4a>
1000230e:	4290      	cmp	r0, r2
10002310:	d3f7      	bcc.n	10002302 <y64_x64+0x3a>
10002312:	1a80      	subs	r0, r0, r2
10002314:	4199      	sbcs	r1, r3
10002316:	3401      	adds	r4, #1
10002318:	4299      	cmp	r1, r3
1000231a:	d3f2      	bcc.n	10002302 <y64_x64+0x3a>
1000231c:	e7f6      	b.n	1000230c <y64_x64+0x44>
1000231e:	0000      	.short	0x0000
10002320:	d0000000 	.word	0xd0000000
10002324:	ffffffff 	.word	0xffffffff

10002328 <__wrap___aeabi_drsub>:
10002328:	4048      	eors	r0, r1
1000232a:	4041      	eors	r1, r0
1000232c:	4048      	eors	r0, r1

1000232e <__wrap___aeabi_dsub>:
1000232e:	b418      	push	{r3, r4}
10002330:	4b1b      	ldr	r3, [pc, #108]	@ (100023a0 <__wrap___aeabi_dmul+0x12>)
10002332:	685b      	ldr	r3, [r3, #4]
10002334:	46fc      	mov	ip, pc
10002336:	9301      	str	r3, [sp, #4]
10002338:	bd08      	pop	{r3, pc}
1000233a:	df04      	.short	0xdf04
1000233c:	100025d3 	.word	0x100025d3

10002340 <__wrap___aeabi_dadd>:
10002340:	b418      	push	{r3, r4}
10002342:	4b17      	ldr	r3, [pc, #92]	@ (100023a0 <__wrap___aeabi_dmul+0x12>)
10002344:	681b      	ldr	r3, [r3, #0]
10002346:	46fc      	mov	ip, pc
10002348:	9301      	str	r3, [sp, #4]
1000234a:	bd08      	pop	{r3, pc}
1000234c:	25dddf00 	.word	0x25dddf00
10002350:	1000      	.short	0x1000

10002352 <__wrap___aeabi_ddiv>:
10002352:	4694      	mov	ip, r2
10002354:	4a13      	ldr	r2, [pc, #76]	@ (100023a4 <__wrap___aeabi_dmul+0x16>)
10002356:	6f92      	ldr	r2, [r2, #120]	@ 0x78
10002358:	0892      	lsrs	r2, r2, #2
1000235a:	d209      	bcs.n	10002370 <ddiv_save_state>
1000235c:	4662      	mov	r2, ip

1000235e <ddiv_shim_call>:
1000235e:	b418      	push	{r3, r4}
10002360:	4b0f      	ldr	r3, [pc, #60]	@ (100023a0 <__wrap___aeabi_dmul+0x12>)
10002362:	68db      	ldr	r3, [r3, #12]
10002364:	46fc      	mov	ip, pc
10002366:	9301      	str	r3, [sp, #4]
10002368:	bd08      	pop	{r3, pc}
1000236a:	df0c      	.short	0xdf0c
1000236c:	10002895 	.word	0x10002895

10002370 <ddiv_save_state>:
10002370:	4a0c      	ldr	r2, [pc, #48]	@ (100023a4 <__wrap___aeabi_dmul+0x16>)
10002372:	b5f0      	push	{r4, r5, r6, r7, lr}
10002374:	6e14      	ldr	r4, [r2, #96]	@ 0x60
10002376:	6e55      	ldr	r5, [r2, #100]	@ 0x64
10002378:	6f57      	ldr	r7, [r2, #116]	@ 0x74
1000237a:	6f16      	ldr	r6, [r2, #112]	@ 0x70
1000237c:	4662      	mov	r2, ip
1000237e:	f7ff ffee 	bl	1000235e <ddiv_shim_call>
10002382:	4a08      	ldr	r2, [pc, #32]	@ (100023a4 <__wrap___aeabi_dmul+0x16>)
10002384:	6614      	str	r4, [r2, #96]	@ 0x60
10002386:	6655      	str	r5, [r2, #100]	@ 0x64
10002388:	6757      	str	r7, [r2, #116]	@ 0x74
1000238a:	6716      	str	r6, [r2, #112]	@ 0x70
1000238c:	bdf0      	pop	{r4, r5, r6, r7, pc}

1000238e <__wrap___aeabi_dmul>:
1000238e:	b418      	push	{r3, r4}
10002390:	4b03      	ldr	r3, [pc, #12]	@ (100023a0 <__wrap___aeabi_dmul+0x12>)
10002392:	689b      	ldr	r3, [r3, #8]
10002394:	46fc      	mov	ip, pc
10002396:	9301      	str	r3, [sp, #4]
10002398:	bd08      	pop	{r3, pc}
1000239a:	df08      	.short	0xdf08
1000239c:	10002739 	.word	0x10002739
100023a0:	20001238 	.word	0x20001238
100023a4:	d0000000 	.word	0xd0000000

100023a8 <__wrap___aeabi_cdrcmple>:
100023a8:	b5ff      	push	{r0, r1, r2, r3, r4, r5, r6, r7, lr}
100023aa:	4050      	eors	r0, r2
100023ac:	4042      	eors	r2, r0
100023ae:	4050      	eors	r0, r2
100023b0:	4059      	eors	r1, r3
100023b2:	404b      	eors	r3, r1
100023b4:	4059      	eors	r1, r3
100023b6:	e000      	b.n	100023ba <__aeabi_dfcmple_guts>

100023b8 <__wrap___aeabi_cdcmpeq>:
100023b8:	b5ff      	push	{r0, r1, r2, r3, r4, r5, r6, r7, lr}

100023ba <__aeabi_dfcmple_guts>:
100023ba:	4f15      	ldr	r7, [pc, #84]	@ (10002410 <__aeabi_dfcmple_guts+0x56>)
100023bc:	004c      	lsls	r4, r1, #1
100023be:	0d64      	lsrs	r4, r4, #21
100023c0:	d003      	beq.n	100023ca <__aeabi_dfcmple_guts+0x10>
100023c2:	42bc      	cmp	r4, r7
100023c4:	d104      	bne.n	100023d0 <__aeabi_dfcmple_guts+0x16>
100023c6:	030c      	lsls	r4, r1, #12
100023c8:	d814      	bhi.n	100023f4 <__aeabi_dfcmple_guts+0x3a>
100023ca:	2000      	movs	r0, #0
100023cc:	0d09      	lsrs	r1, r1, #20
100023ce:	0509      	lsls	r1, r1, #20
100023d0:	005c      	lsls	r4, r3, #1
100023d2:	0d64      	lsrs	r4, r4, #21
100023d4:	d003      	beq.n	100023de <__aeabi_dfcmple_guts+0x24>
100023d6:	42bc      	cmp	r4, r7
100023d8:	d104      	bne.n	100023e4 <__aeabi_dfcmple_guts+0x2a>
100023da:	031c      	lsls	r4, r3, #12
100023dc:	d80a      	bhi.n	100023f4 <__aeabi_dfcmple_guts+0x3a>
100023de:	2200      	movs	r2, #0
100023e0:	0d1b      	lsrs	r3, r3, #20
100023e2:	051b      	lsls	r3, r3, #20
100023e4:	2601      	movs	r6, #1
100023e6:	404b      	eors	r3, r1
100023e8:	d409      	bmi.n	100023fe <__aeabi_dfcmple_guts+0x44>
100023ea:	404b      	eors	r3, r1
100023ec:	d503      	bpl.n	100023f6 <__aeabi_dfcmple_guts+0x3c>
100023ee:	428b      	cmp	r3, r1
100023f0:	d100      	bne.n	100023f4 <__aeabi_dfcmple_guts+0x3a>
100023f2:	4282      	cmp	r2, r0
100023f4:	bdff      	pop	{r0, r1, r2, r3, r4, r5, r6, r7, pc}
100023f6:	4299      	cmp	r1, r3
100023f8:	d1fc      	bne.n	100023f4 <__aeabi_dfcmple_guts+0x3a>
100023fa:	4290      	cmp	r0, r2
100023fc:	bdff      	pop	{r0, r1, r2, r3, r4, r5, r6, r7, pc}
100023fe:	430b      	orrs	r3, r1
10002400:	18db      	adds	r3, r3, r3
10002402:	4303      	orrs	r3, r0
10002404:	4313      	orrs	r3, r2
10002406:	d0f5      	beq.n	100023f4 <__aeabi_dfcmple_guts+0x3a>
10002408:	43c9      	mvns	r1, r1
1000240a:	1849      	adds	r1, r1, r1
1000240c:	bdff      	pop	{r0, r1, r2, r3, r4, r5, r6, r7, pc}
1000240e:	0000      	.short	0x0000
10002410:	000007ff 	.word	0x000007ff

10002414 <__wrap___aeabi_dcmplt>:
10002414:	b500      	push	{lr}
10002416:	f7ff ffcf 	bl	100023b8 <__wrap___aeabi_cdcmpeq>
1000241a:	4180      	sbcs	r0, r0
1000241c:	bd00      	pop	{pc}
1000241e:	46c0      	nop			@ (mov r8, r8)

10002420 <__wrap___aeabi_dcmple>:
10002420:	b500      	push	{lr}
10002422:	f7ff ffc9 	bl	100023b8 <__wrap___aeabi_cdcmpeq>
10002426:	d901      	bls.n	1000242c <__wrap___aeabi_dcmple+0xc>
10002428:	2000      	movs	r0, #0
1000242a:	bd00      	pop	{pc}
1000242c:	2001      	movs	r0, #1
1000242e:	bd00      	pop	{pc}

10002430 <__wrap___aeabi_dcmpge>:
10002430:	b500      	push	{lr}
10002432:	f7ff ffb9 	bl	100023a8 <__wrap___aeabi_cdrcmple>
10002436:	d901      	bls.n	1000243c <__wrap___aeabi_dcmpge+0xc>
10002438:	2000      	movs	r0, #0
1000243a:	bd00      	pop	{pc}
1000243c:	2001      	movs	r0, #1
1000243e:	bd00      	pop	{pc}

10002440 <__wrap___aeabi_dcmpgt>:
10002440:	b500      	push	{lr}
10002442:	f7ff ffb1 	bl	100023a8 <__wrap___aeabi_cdrcmple>
10002446:	4180      	sbcs	r0, r0
10002448:	bd00      	pop	{pc}

1000244a <__wrap___aeabi_dcmpun>:
1000244a:	2001      	movs	r0, #1
1000244c:	0540      	lsls	r0, r0, #21
1000244e:	004a      	lsls	r2, r1, #1
10002450:	1812      	adds	r2, r2, r0
10002452:	d804      	bhi.n	1000245e <__wrap___aeabi_dcmpun+0x14>
10002454:	005a      	lsls	r2, r3, #1
10002456:	1812      	adds	r2, r2, r0
10002458:	d801      	bhi.n	1000245e <__wrap___aeabi_dcmpun+0x14>
1000245a:	2000      	movs	r0, #0
1000245c:	4770      	bx	lr
1000245e:	2001      	movs	r0, #1
10002460:	4770      	bx	lr
	...

10002464 <__wrap___aeabi_ui2d>:
10002464:	2100      	movs	r1, #0
10002466:	2800      	cmp	r0, #0
10002468:	d105      	bne.n	10002476 <__wrap___aeabi_i2d+0xa>
1000246a:	4770      	bx	lr

1000246c <__wrap___aeabi_i2d>:
1000246c:	17c1      	asrs	r1, r0, #31
1000246e:	4048      	eors	r0, r1
10002470:	1a40      	subs	r0, r0, r1
10002472:	d0fa      	beq.n	1000246a <__wrap___aeabi_ui2d+0x6>
10002474:	07c9      	lsls	r1, r1, #31
10002476:	b513      	push	{r0, r1, r4, lr}
10002478:	4b06      	ldr	r3, [pc, #24]	@ (10002494 <__wrap___aeabi_i2d+0x28>)
1000247a:	681b      	ldr	r3, [r3, #0]
1000247c:	4798      	blx	r3
1000247e:	bc0c      	pop	{r2, r3}
10002480:	1c44      	adds	r4, r0, #1
10002482:	40a2      	lsls	r2, r4
10002484:	0510      	lsls	r0, r2, #20
10002486:	0b12      	lsrs	r2, r2, #12
10002488:	4903      	ldr	r1, [pc, #12]	@ (10002498 <__wrap___aeabi_i2d+0x2c>)
1000248a:	1b09      	subs	r1, r1, r4
1000248c:	0509      	lsls	r1, r1, #20
1000248e:	4319      	orrs	r1, r3
10002490:	4311      	orrs	r1, r2
10002492:	bd10      	pop	{r4, pc}
10002494:	20001f88 	.word	0x20001f88
10002498:	0000041f 	.word	0x0000041f

1000249c <__wrap___aeabi_d2iz>:
1000249c:	b510      	push	{r4, lr}
1000249e:	004c      	lsls	r4, r1, #1
100024a0:	0d62      	lsrs	r2, r4, #21
100024a2:	2380      	movs	r3, #128	@ 0x80
100024a4:	18d2      	adds	r2, r2, r3
100024a6:	00db      	lsls	r3, r3, #3
100024a8:	1ad2      	subs	r2, r2, r3
100024aa:	055b      	lsls	r3, r3, #21
100024ac:	2a7e      	cmp	r2, #126	@ 0x7e
100024ae:	dd10      	ble.n	100024d2 <__wrap___aeabi_d2iz+0x36>
100024b0:	3a9e      	subs	r2, #158	@ 0x9e
100024b2:	da13      	bge.n	100024dc <__wrap___aeabi_d2iz+0x40>
100024b4:	17cc      	asrs	r4, r1, #31
100024b6:	0309      	lsls	r1, r1, #12
100024b8:	0849      	lsrs	r1, r1, #1
100024ba:	4319      	orrs	r1, r3
100024bc:	4252      	negs	r2, r2
100024be:	40d1      	lsrs	r1, r2
100024c0:	0064      	lsls	r4, r4, #1
100024c2:	3401      	adds	r4, #1
100024c4:	3215      	adds	r2, #21
100024c6:	2a20      	cmp	r2, #32
100024c8:	da05      	bge.n	100024d6 <__wrap___aeabi_d2iz+0x3a>
100024ca:	40d0      	lsrs	r0, r2
100024cc:	4308      	orrs	r0, r1
100024ce:	4360      	muls	r0, r4
100024d0:	bd10      	pop	{r4, pc}
100024d2:	2000      	movs	r0, #0
100024d4:	bd10      	pop	{r4, pc}
100024d6:	4608      	mov	r0, r1
100024d8:	4360      	muls	r0, r4
100024da:	bd10      	pop	{r4, pc}
100024dc:	0fc8      	lsrs	r0, r1, #31
100024de:	18c0      	adds	r0, r0, r3
100024e0:	3801      	subs	r0, #1
100024e2:	bd10      	pop	{r4, pc}

100024e4 <__wrap___aeabi_d2uiz>:
100024e4:	b418      	push	{r3, r4}
100024e6:	4b04      	ldr	r3, [pc, #16]	@ (100024f8 <__wrap___aeabi_d2uiz+0x14>)
100024e8:	6a5b      	ldr	r3, [r3, #36]	@ 0x24
100024ea:	46fc      	mov	ip, pc
100024ec:	9301      	str	r3, [sp, #4]
100024ee:	bd08      	pop	{r3, pc}
100024f0:	2a45df24 	.word	0x2a45df24
100024f4:	00001000 	.word	0x00001000
100024f8:	20001238 	.word	0x20001238

100024fc <__aeabi_double_init>:
100024fc:	2313      	movs	r3, #19
100024fe:	b570      	push	{r4, r5, r6, lr}
10002500:	781d      	ldrb	r5, [r3, #0]
10002502:	2d01      	cmp	r5, #1
10002504:	d019      	beq.n	1000253a <__aeabi_double_init+0x3e>
10002506:	dd14      	ble.n	10002532 <__aeabi_double_init+0x36>
10002508:	481f      	ldr	r0, [pc, #124]	@ (10002588 <__aeabi_double_init+0x8c>)
1000250a:	f7ff fb31 	bl	10001b70 <rom_data_lookup>
1000250e:	0006      	movs	r6, r0
10002510:	481e      	ldr	r0, [pc, #120]	@ (1000258c <__aeabi_double_init+0x90>)
10002512:	f7ff fb2d 	bl	10001b70 <rom_data_lookup>
10002516:	4c1e      	ldr	r4, [pc, #120]	@ (10002590 <__aeabi_double_init+0x94>)
10002518:	2280      	movs	r2, #128	@ 0x80
1000251a:	0031      	movs	r1, r6
1000251c:	0020      	movs	r0, r4
1000251e:	f000 fbd3 	bl	10002cc8 <__wrap___aeabi_memcpy>
10002522:	2d02      	cmp	r5, #2
10002524:	d02d      	beq.n	10002582 <__aeabi_double_init+0x86>
10002526:	481b      	ldr	r0, [pc, #108]	@ (10002594 <__aeabi_double_init+0x98>)
10002528:	f7ff fb1a 	bl	10001b60 <rom_func_lookup>
1000252c:	4b1a      	ldr	r3, [pc, #104]	@ (10002598 <__aeabi_double_init+0x9c>)
1000252e:	6018      	str	r0, [r3, #0]
10002530:	bd70      	pop	{r4, r5, r6, pc}
10002532:	4b1a      	ldr	r3, [pc, #104]	@ (1000259c <__aeabi_double_init+0xa0>)
10002534:	4c16      	ldr	r4, [pc, #88]	@ (10002590 <__aeabi_double_init+0x94>)
10002536:	64a3      	str	r3, [r4, #72]	@ 0x48
10002538:	e7f5      	b.n	10002526 <__aeabi_double_init+0x2a>
1000253a:	4b18      	ldr	r3, [pc, #96]	@ (1000259c <__aeabi_double_init+0xa0>)
1000253c:	4c14      	ldr	r4, [pc, #80]	@ (10002590 <__aeabi_double_init+0x94>)
1000253e:	6023      	str	r3, [r4, #0]
10002540:	6063      	str	r3, [r4, #4]
10002542:	60a3      	str	r3, [r4, #8]
10002544:	60e3      	str	r3, [r4, #12]
10002546:	6123      	str	r3, [r4, #16]
10002548:	6163      	str	r3, [r4, #20]
1000254a:	61a3      	str	r3, [r4, #24]
1000254c:	61e3      	str	r3, [r4, #28]
1000254e:	6223      	str	r3, [r4, #32]
10002550:	6263      	str	r3, [r4, #36]	@ 0x24
10002552:	62a3      	str	r3, [r4, #40]	@ 0x28
10002554:	62e3      	str	r3, [r4, #44]	@ 0x2c
10002556:	6323      	str	r3, [r4, #48]	@ 0x30
10002558:	6363      	str	r3, [r4, #52]	@ 0x34
1000255a:	63a3      	str	r3, [r4, #56]	@ 0x38
1000255c:	63e3      	str	r3, [r4, #60]	@ 0x3c
1000255e:	6423      	str	r3, [r4, #64]	@ 0x40
10002560:	6463      	str	r3, [r4, #68]	@ 0x44
10002562:	64a3      	str	r3, [r4, #72]	@ 0x48
10002564:	64e3      	str	r3, [r4, #76]	@ 0x4c
10002566:	6523      	str	r3, [r4, #80]	@ 0x50
10002568:	6563      	str	r3, [r4, #84]	@ 0x54
1000256a:	65a3      	str	r3, [r4, #88]	@ 0x58
1000256c:	65e3      	str	r3, [r4, #92]	@ 0x5c
1000256e:	6623      	str	r3, [r4, #96]	@ 0x60
10002570:	6663      	str	r3, [r4, #100]	@ 0x64
10002572:	66a3      	str	r3, [r4, #104]	@ 0x68
10002574:	66e3      	str	r3, [r4, #108]	@ 0x6c
10002576:	6723      	str	r3, [r4, #112]	@ 0x70
10002578:	6763      	str	r3, [r4, #116]	@ 0x74
1000257a:	67a3      	str	r3, [r4, #120]	@ 0x78
1000257c:	67e3      	str	r3, [r4, #124]	@ 0x7c
1000257e:	64a3      	str	r3, [r4, #72]	@ 0x48
10002580:	e7d1      	b.n	10002526 <__aeabi_double_init+0x2a>
10002582:	4b06      	ldr	r3, [pc, #24]	@ (1000259c <__aeabi_double_init+0xa0>)
10002584:	64a3      	str	r3, [r4, #72]	@ 0x48
10002586:	e7ce      	b.n	10002526 <__aeabi_double_init+0x2a>
10002588:	00004453 	.word	0x00004453
1000258c:	00004653 	.word	0x00004653
10002590:	20001238 	.word	0x20001238
10002594:	0000334c 	.word	0x0000334c
10002598:	20001f88 	.word	0x20001f88
1000259c:	100025a1 	.word	0x100025a1

100025a0 <double_table_shim_on_use_helper>:
100025a0:	b507      	push	{r0, r1, r2, lr}
100025a2:	4660      	mov	r0, ip
100025a4:	8801      	ldrh	r1, [r0, #0]
100025a6:	0a0a      	lsrs	r2, r1, #8
100025a8:	3002      	adds	r0, #2
100025aa:	2adf      	cmp	r2, #223	@ 0xdf
100025ac:	d1fa      	bne.n	100025a4 <double_table_shim_on_use_helper+0x4>
100025ae:	b2c9      	uxtb	r1, r1
100025b0:	0882      	lsrs	r2, r0, #2
100025b2:	d304      	bcc.n	100025be <double_table_shim_on_use_helper+0x1e>
100025b4:	8802      	ldrh	r2, [r0, #0]
100025b6:	8840      	ldrh	r0, [r0, #2]
100025b8:	0400      	lsls	r0, r0, #16
100025ba:	4310      	orrs	r0, r2
100025bc:	e000      	b.n	100025c0 <double_table_shim_on_use_helper+0x20>
100025be:	6800      	ldr	r0, [r0, #0]
100025c0:	4a01      	ldr	r2, [pc, #4]	@ (100025c8 <double_table_shim_on_use_helper+0x28>)
100025c2:	5050      	str	r0, [r2, r1]
100025c4:	9003      	str	r0, [sp, #12]
100025c6:	bd07      	pop	{r0, r1, r2, pc}
100025c8:	20001238 	.word	0x20001238

100025cc <drsub_shim>:
100025cc:	b40f      	push	{r0, r1, r2, r3}
100025ce:	bc03      	pop	{r0, r1}
100025d0:	bc0c      	pop	{r2, r3}

100025d2 <dsub_shim>:
100025d2:	b5f0      	push	{r4, r5, r6, r7, lr}
100025d4:	2401      	movs	r4, #1
100025d6:	07e4      	lsls	r4, r4, #31
100025d8:	4063      	eors	r3, r4
100025da:	e000      	b.n	100025de <da_entry>

100025dc <dadd_shim>:
100025dc:	b5f0      	push	{r4, r5, r6, r7, lr}

100025de <da_entry>:
100025de:	0d0c      	lsrs	r4, r1, #20
100025e0:	0fcf      	lsrs	r7, r1, #31
100025e2:	1e66      	subs	r6, r4, #1
100025e4:	0536      	lsls	r6, r6, #20
100025e6:	1b89      	subs	r1, r1, r6
100025e8:	0564      	lsls	r4, r4, #21
100025ea:	d303      	bcc.n	100025f4 <l8_1>
100025ec:	43c9      	mvns	r1, r1
100025ee:	4240      	negs	r0, r0
100025f0:	d300      	bcc.n	100025f4 <l8_1>
100025f2:	3101      	adds	r1, #1

100025f4 <l8_1>:
100025f4:	0d64      	lsrs	r4, r4, #21
100025f6:	d003      	beq.n	10002600 <l8_2>
100025f8:	1c66      	adds	r6, r4, #1
100025fa:	0af6      	lsrs	r6, r6, #11
100025fc:	d007      	beq.n	1000260e <l8_3>
100025fe:	1be4      	subs	r4, r4, r7

10002600 <l8_2>:
10002600:	2000      	movs	r0, #0
10002602:	007f      	lsls	r7, r7, #1
10002604:	1c79      	adds	r1, r7, #1
10002606:	0789      	lsls	r1, r1, #30
10002608:	1289      	asrs	r1, r1, #10
1000260a:	3c80      	subs	r4, #128	@ 0x80
1000260c:	0324      	lsls	r4, r4, #12

1000260e <l8_3>:
1000260e:	0d1d      	lsrs	r5, r3, #20
10002610:	0fdf      	lsrs	r7, r3, #31
10002612:	1e6e      	subs	r6, r5, #1
10002614:	0536      	lsls	r6, r6, #20
10002616:	1b9b      	subs	r3, r3, r6
10002618:	056d      	lsls	r5, r5, #21
1000261a:	d303      	bcc.n	10002624 <l9_1>
1000261c:	43db      	mvns	r3, r3
1000261e:	4252      	negs	r2, r2
10002620:	d300      	bcc.n	10002624 <l9_1>
10002622:	3301      	adds	r3, #1

10002624 <l9_1>:
10002624:	0d6d      	lsrs	r5, r5, #21
10002626:	d003      	beq.n	10002630 <l9_2>
10002628:	1c6e      	adds	r6, r5, #1
1000262a:	0af6      	lsrs	r6, r6, #11
1000262c:	d007      	beq.n	1000263e <l9_3>
1000262e:	1bed      	subs	r5, r5, r7

10002630 <l9_2>:
10002630:	2200      	movs	r2, #0
10002632:	007f      	lsls	r7, r7, #1
10002634:	1c7b      	adds	r3, r7, #1
10002636:	079b      	lsls	r3, r3, #30
10002638:	129b      	asrs	r3, r3, #10
1000263a:	3d80      	subs	r5, #128	@ 0x80
1000263c:	032d      	lsls	r5, r5, #12

1000263e <l9_3>:
1000263e:	1b2f      	subs	r7, r5, r4
10002640:	1b66      	subs	r6, r4, r5
10002642:	d458      	bmi.n	100026f6 <da_ygtx>
10002644:	46a4      	mov	ip, r4
10002646:	2e20      	cmp	r6, #32
10002648:	da46      	bge.n	100026d8 <da_xrgty>
1000264a:	3720      	adds	r7, #32
1000264c:	0014      	movs	r4, r2
1000264e:	40bc      	lsls	r4, r7

10002650 <da_xgty0>:
10002650:	001d      	movs	r5, r3
10002652:	40bd      	lsls	r5, r7
10002654:	40f2      	lsrs	r2, r6
10002656:	4133      	asrs	r3, r6
10002658:	432a      	orrs	r2, r5

1000265a <da_add>:
1000265a:	1880      	adds	r0, r0, r2
1000265c:	4159      	adcs	r1, r3

1000265e <da_pack>:
1000265e:	0fcb      	lsrs	r3, r1, #31
10002660:	d005      	beq.n	1000266e <da_pack+0x10>
10002662:	43c9      	mvns	r1, r1
10002664:	43c0      	mvns	r0, r0
10002666:	2200      	movs	r2, #0
10002668:	4264      	negs	r4, r4
1000266a:	4150      	adcs	r0, r2
1000266c:	4151      	adcs	r1, r2
1000266e:	4662      	mov	r2, ip
10002670:	0d4d      	lsrs	r5, r1, #21
10002672:	d128      	bne.n	100026c6 <da_0>
10002674:	0d0d      	lsrs	r5, r1, #20
10002676:	d107      	bne.n	10002688 <da_1>
10002678:	2800      	cmp	r0, #0
1000267a:	d01f      	beq.n	100026bc <da_5>

1000267c <da_2>:
1000267c:	1924      	adds	r4, r4, r4
1000267e:	4140      	adcs	r0, r0
10002680:	4149      	adcs	r1, r1
10002682:	3a01      	subs	r2, #1
10002684:	0d0d      	lsrs	r5, r1, #20
10002686:	d0f9      	beq.n	1000267c <da_2>

10002688 <da_1>:
10002688:	0064      	lsls	r4, r4, #1
1000268a:	d306      	bcc.n	1000269a <da_3>

1000268c <da_4>:
1000268c:	3001      	adds	r0, #1
1000268e:	d300      	bcc.n	10002692 <da_4+0x6>
10002690:	3101      	adds	r1, #1
10002692:	2c00      	cmp	r4, #0
10002694:	d101      	bne.n	1000269a <da_3>
10002696:	0840      	lsrs	r0, r0, #1
10002698:	0040      	lsls	r0, r0, #1

1000269a <da_3>:
1000269a:	3a01      	subs	r2, #1
1000269c:	d40b      	bmi.n	100026b6 <da_6>
1000269e:	1c94      	adds	r4, r2, #2
100026a0:	0ae4      	lsrs	r4, r4, #11
100026a2:	d104      	bne.n	100026ae <da_7>
100026a4:	0512      	lsls	r2, r2, #20
100026a6:	4411      	add	r1, r2
100026a8:	07db      	lsls	r3, r3, #31
100026aa:	4419      	add	r1, r3
100026ac:	bdf0      	pop	{r4, r5, r6, r7, pc}

100026ae <da_7>:
100026ae:	07d9      	lsls	r1, r3, #31
100026b0:	4b20      	ldr	r3, [pc, #128]	@ (10002734 <da_xmgty+0x4>)
100026b2:	4319      	orrs	r1, r3
100026b4:	e000      	b.n	100026b8 <da_6+0x2>

100026b6 <da_6>:
100026b6:	07d9      	lsls	r1, r3, #31
100026b8:	2000      	movs	r0, #0
100026ba:	bdf0      	pop	{r4, r5, r6, r7, pc}

100026bc <da_5>:
100026bc:	2900      	cmp	r1, #0
100026be:	d1dd      	bne.n	1000267c <da_2>
100026c0:	2c00      	cmp	r4, #0
100026c2:	d1db      	bne.n	1000267c <da_2>
100026c4:	bdf0      	pop	{r4, r5, r6, r7, pc}

100026c6 <da_0>:
100026c6:	3201      	adds	r2, #1
100026c8:	07c6      	lsls	r6, r0, #31
100026ca:	0840      	lsrs	r0, r0, #1
100026cc:	07cd      	lsls	r5, r1, #31
100026ce:	4328      	orrs	r0, r5
100026d0:	0849      	lsrs	r1, r1, #1
100026d2:	2e00      	cmp	r6, #0
100026d4:	d0e1      	beq.n	1000269a <da_3>
100026d6:	e7d9      	b.n	1000268c <da_4>

100026d8 <da_xrgty>:
100026d8:	2e3c      	cmp	r6, #60	@ 0x3c
100026da:	da29      	bge.n	10002730 <da_xmgty>
100026dc:	3e20      	subs	r6, #32
100026de:	3740      	adds	r7, #64	@ 0x40
100026e0:	0014      	movs	r4, r2
100026e2:	40bc      	lsls	r4, r7
100026e4:	d000      	beq.n	100026e8 <da_xrgty+0x10>
100026e6:	2401      	movs	r4, #1
100026e8:	40f2      	lsrs	r2, r6
100026ea:	4314      	orrs	r4, r2
100026ec:	001a      	movs	r2, r3
100026ee:	40bb      	lsls	r3, r7
100026f0:	431c      	orrs	r4, r3
100026f2:	17d3      	asrs	r3, r2, #31
100026f4:	e7ac      	b.n	10002650 <da_xgty0>

100026f6 <da_ygtx>:
100026f6:	46ac      	mov	ip, r5
100026f8:	2f20      	cmp	r7, #32
100026fa:	da08      	bge.n	1000270e <da_yrgtx>
100026fc:	3620      	adds	r6, #32
100026fe:	0004      	movs	r4, r0
10002700:	40b4      	lsls	r4, r6

10002702 <da_ygtx0>:
10002702:	000d      	movs	r5, r1
10002704:	40b5      	lsls	r5, r6
10002706:	40f8      	lsrs	r0, r7
10002708:	4139      	asrs	r1, r7
1000270a:	4328      	orrs	r0, r5
1000270c:	e7a5      	b.n	1000265a <da_add>

1000270e <da_yrgtx>:
1000270e:	2f3c      	cmp	r7, #60	@ 0x3c
10002710:	da0c      	bge.n	1000272c <da_ymgtx>
10002712:	3f20      	subs	r7, #32
10002714:	3640      	adds	r6, #64	@ 0x40
10002716:	0004      	movs	r4, r0
10002718:	40b4      	lsls	r4, r6
1000271a:	d000      	beq.n	1000271e <da_yrgtx+0x10>
1000271c:	2401      	movs	r4, #1
1000271e:	40f8      	lsrs	r0, r7
10002720:	4304      	orrs	r4, r0
10002722:	0008      	movs	r0, r1
10002724:	40b1      	lsls	r1, r6
10002726:	430c      	orrs	r4, r1
10002728:	17c1      	asrs	r1, r0, #31
1000272a:	e7ea      	b.n	10002702 <da_ygtx0>

1000272c <da_ymgtx>:
1000272c:	0010      	movs	r0, r2
1000272e:	0019      	movs	r1, r3

10002730 <da_xmgty>:
10002730:	2400      	movs	r4, #0
10002732:	e794      	b.n	1000265e <da_pack>
10002734:	7ff00000 	.word	0x7ff00000

10002738 <dmul_shim>:
10002738:	b5f0      	push	{r4, r5, r6, r7, lr}
1000273a:	0d0c      	lsrs	r4, r1, #20
1000273c:	1e66      	subs	r6, r4, #1
1000273e:	0536      	lsls	r6, r6, #20
10002740:	1b89      	subs	r1, r1, r6
10002742:	0ae6      	lsrs	r6, r4, #11
10002744:	0564      	lsls	r4, r4, #21
10002746:	0d64      	lsrs	r4, r4, #21
10002748:	d002      	beq.n	10002750 <l12_1>
1000274a:	1c65      	adds	r5, r4, #1
1000274c:	0aed      	lsrs	r5, r5, #11
1000274e:	d004      	beq.n	1000275a <l12_2>

10002750 <l12_1>:
10002750:	2000      	movs	r0, #0
10002752:	2101      	movs	r1, #1
10002754:	0509      	lsls	r1, r1, #20
10002756:	3c80      	subs	r4, #128	@ 0x80
10002758:	0324      	lsls	r4, r4, #12

1000275a <l12_2>:
1000275a:	46a4      	mov	ip, r4
1000275c:	0d1c      	lsrs	r4, r3, #20
1000275e:	1e67      	subs	r7, r4, #1
10002760:	053f      	lsls	r7, r7, #20
10002762:	1bdb      	subs	r3, r3, r7
10002764:	0ae7      	lsrs	r7, r4, #11
10002766:	0564      	lsls	r4, r4, #21
10002768:	0d64      	lsrs	r4, r4, #21
1000276a:	d002      	beq.n	10002772 <l13_1>
1000276c:	1c65      	adds	r5, r4, #1
1000276e:	0aed      	lsrs	r5, r5, #11
10002770:	d004      	beq.n	1000277c <l13_2>

10002772 <l13_1>:
10002772:	2200      	movs	r2, #0
10002774:	2301      	movs	r3, #1
10002776:	051b      	lsls	r3, r3, #20
10002778:	3c80      	subs	r4, #128	@ 0x80
1000277a:	0324      	lsls	r4, r4, #12

1000277c <l13_2>:
1000277c:	4077      	eors	r7, r6
1000277e:	4464      	add	r4, ip
10002780:	b497      	push	{r0, r1, r2, r4, r7}
10002782:	b284      	uxth	r4, r0
10002784:	b296      	uxth	r6, r2
10002786:	4374      	muls	r4, r6
10002788:	0c07      	lsrs	r7, r0, #16
1000278a:	437e      	muls	r6, r7
1000278c:	0c15      	lsrs	r5, r2, #16
1000278e:	436f      	muls	r7, r5
10002790:	b280      	uxth	r0, r0
10002792:	4368      	muls	r0, r5
10002794:	1836      	adds	r6, r6, r0
10002796:	d302      	bcc.n	1000279e <l14_1>
10002798:	2001      	movs	r0, #1
1000279a:	0400      	lsls	r0, r0, #16
1000279c:	183f      	adds	r7, r7, r0

1000279e <l14_1>:
1000279e:	0430      	lsls	r0, r6, #16
100027a0:	0c35      	lsrs	r5, r6, #16
100027a2:	1900      	adds	r0, r0, r4
100027a4:	417d      	adcs	r5, r7
100027a6:	4684      	mov	ip, r0
100027a8:	b288      	uxth	r0, r1
100027aa:	b29a      	uxth	r2, r3
100027ac:	4350      	muls	r0, r2
100027ae:	0c0c      	lsrs	r4, r1, #16
100027b0:	4362      	muls	r2, r4
100027b2:	0c1f      	lsrs	r7, r3, #16
100027b4:	437c      	muls	r4, r7
100027b6:	b28e      	uxth	r6, r1
100027b8:	437e      	muls	r6, r7
100027ba:	1992      	adds	r2, r2, r6
100027bc:	d302      	bcc.n	100027c4 <l15_1>
100027be:	2601      	movs	r6, #1
100027c0:	0436      	lsls	r6, r6, #16
100027c2:	19a4      	adds	r4, r4, r6

100027c4 <l15_1>:
100027c4:	0416      	lsls	r6, r2, #16
100027c6:	0c17      	lsrs	r7, r2, #16
100027c8:	1836      	adds	r6, r6, r0
100027ca:	4167      	adcs	r7, r4
100027cc:	bc01      	pop	{r0}
100027ce:	b281      	uxth	r1, r0
100027d0:	b29a      	uxth	r2, r3
100027d2:	4351      	muls	r1, r2
100027d4:	0c04      	lsrs	r4, r0, #16
100027d6:	4362      	muls	r2, r4
100027d8:	0c1b      	lsrs	r3, r3, #16
100027da:	435c      	muls	r4, r3
100027dc:	b280      	uxth	r0, r0
100027de:	4358      	muls	r0, r3
100027e0:	1812      	adds	r2, r2, r0
100027e2:	d302      	bcc.n	100027ea <l16_1>
100027e4:	2001      	movs	r0, #1
100027e6:	0400      	lsls	r0, r0, #16
100027e8:	1824      	adds	r4, r4, r0

100027ea <l16_1>:
100027ea:	0410      	lsls	r0, r2, #16
100027ec:	0c13      	lsrs	r3, r2, #16
100027ee:	1840      	adds	r0, r0, r1
100027f0:	4163      	adcs	r3, r4
100027f2:	182d      	adds	r5, r5, r0
100027f4:	415e      	adcs	r6, r3
100027f6:	2000      	movs	r0, #0
100027f8:	4147      	adcs	r7, r0
100027fa:	bc06      	pop	{r1, r2}
100027fc:	b288      	uxth	r0, r1
100027fe:	b293      	uxth	r3, r2
10002800:	4358      	muls	r0, r3
10002802:	0c0c      	lsrs	r4, r1, #16
10002804:	4363      	muls	r3, r4
10002806:	0c12      	lsrs	r2, r2, #16
10002808:	4354      	muls	r4, r2
1000280a:	b289      	uxth	r1, r1
1000280c:	4351      	muls	r1, r2
1000280e:	185b      	adds	r3, r3, r1
10002810:	d302      	bcc.n	10002818 <l17_1>
10002812:	2101      	movs	r1, #1
10002814:	0409      	lsls	r1, r1, #16
10002816:	1864      	adds	r4, r4, r1

10002818 <l17_1>:
10002818:	0419      	lsls	r1, r3, #16
1000281a:	0c1a      	lsrs	r2, r3, #16
1000281c:	1809      	adds	r1, r1, r0
1000281e:	4162      	adcs	r2, r4
10002820:	186d      	adds	r5, r5, r1
10002822:	4156      	adcs	r6, r2
10002824:	2000      	movs	r0, #0
10002826:	4147      	adcs	r7, r0
10002828:	bc18      	pop	{r3, r4}
1000282a:	02f9      	lsls	r1, r7, #11
1000282c:	0d72      	lsrs	r2, r6, #21
1000282e:	4311      	orrs	r1, r2
10002830:	02f0      	lsls	r0, r6, #11
10002832:	0d6a      	lsrs	r2, r5, #21
10002834:	4310      	orrs	r0, r2
10002836:	02ed      	lsls	r5, r5, #11
10002838:	0d0a      	lsrs	r2, r1, #20
1000283a:	d103      	bne.n	10002844 <l17_1+0x2c>
1000283c:	196d      	adds	r5, r5, r5
1000283e:	4140      	adcs	r0, r0
10002840:	4149      	adcs	r1, r1
10002842:	3b01      	subs	r3, #1
10002844:	4e12      	ldr	r6, [pc, #72]	@ (10002890 <dm_1+0xa>)
10002846:	1b9b      	subs	r3, r3, r6
10002848:	0076      	lsls	r6, r6, #1
1000284a:	42b3      	cmp	r3, r6
1000284c:	d20e      	bcs.n	1000286c <dm_0>
1000284e:	006d      	lsls	r5, r5, #1
10002850:	d307      	bcc.n	10002862 <l17_1+0x4a>
10002852:	3001      	adds	r0, #1
10002854:	2600      	movs	r6, #0
10002856:	4171      	adcs	r1, r6
10002858:	4666      	mov	r6, ip
1000285a:	4335      	orrs	r5, r6
1000285c:	d101      	bne.n	10002862 <l17_1+0x4a>
1000285e:	0840      	lsrs	r0, r0, #1
10002860:	0040      	lsls	r0, r0, #1
10002862:	051b      	lsls	r3, r3, #20
10002864:	18c9      	adds	r1, r1, r3

10002866 <dm_2>:
10002866:	07e4      	lsls	r4, r4, #31
10002868:	4421      	add	r1, r4
1000286a:	bdf0      	pop	{r4, r5, r6, r7, pc}

1000286c <dm_0>:
1000286c:	da0b      	bge.n	10002886 <dm_1>
1000286e:	3301      	adds	r3, #1
10002870:	d106      	bne.n	10002880 <dm_0+0x14>
10002872:	3001      	adds	r0, #1
10002874:	d104      	bne.n	10002880 <dm_0+0x14>
10002876:	3101      	adds	r1, #1
10002878:	0d4f      	lsrs	r7, r1, #21
1000287a:	d001      	beq.n	10002880 <dm_0+0x14>
1000287c:	0849      	lsrs	r1, r1, #1
1000287e:	e7f2      	b.n	10002866 <dm_2>
10002880:	07e1      	lsls	r1, r4, #31
10002882:	2000      	movs	r0, #0
10002884:	bdf0      	pop	{r4, r5, r6, r7, pc}

10002886 <dm_1>:
10002886:	3601      	adds	r6, #1
10002888:	0531      	lsls	r1, r6, #20
1000288a:	2000      	movs	r0, #0
1000288c:	e7eb      	b.n	10002866 <dm_2>
1000288e:	0000      	.short	0x0000
10002890:	000003ff 	.word	0x000003ff

10002894 <ddiv_shim>:
10002894:	b5f0      	push	{r4, r5, r6, r7, lr}

10002896 <ddiv0>:
10002896:	0d1c      	lsrs	r4, r3, #20
10002898:	1e67      	subs	r7, r4, #1
1000289a:	053f      	lsls	r7, r7, #20
1000289c:	1bdb      	subs	r3, r3, r7
1000289e:	0ae7      	lsrs	r7, r4, #11
100028a0:	0564      	lsls	r4, r4, #21
100028a2:	0d64      	lsrs	r4, r4, #21
100028a4:	d002      	beq.n	100028ac <l20_1>
100028a6:	1c66      	adds	r6, r4, #1
100028a8:	0af6      	lsrs	r6, r6, #11
100028aa:	d004      	beq.n	100028b6 <l20_2>

100028ac <l20_1>:
100028ac:	2200      	movs	r2, #0
100028ae:	2301      	movs	r3, #1
100028b0:	051b      	lsls	r3, r3, #20
100028b2:	3c80      	subs	r4, #128	@ 0x80
100028b4:	0324      	lsls	r4, r4, #12

100028b6 <l20_2>:
100028b6:	25d0      	movs	r5, #208	@ 0xd0
100028b8:	062d      	lsls	r5, r5, #24
100028ba:	2600      	movs	r6, #0
100028bc:	43f6      	mvns	r6, r6
100028be:	662e      	str	r6, [r5, #96]	@ 0x60
100028c0:	091e      	lsrs	r6, r3, #4
100028c2:	666e      	str	r6, [r5, #100]	@ 0x64
100028c4:	0fce      	lsrs	r6, r1, #31
100028c6:	19f6      	adds	r6, r6, r7
100028c8:	46b4      	mov	ip, r6
100028ca:	0049      	lsls	r1, r1, #1
100028cc:	0d4f      	lsrs	r7, r1, #21
100028ce:	d002      	beq.n	100028d6 <l20_2+0x20>
100028d0:	1c7e      	adds	r6, r7, #1
100028d2:	0af6      	lsrs	r6, r6, #11
100028d4:	d003      	beq.n	100028de <l20_2+0x28>
100028d6:	2000      	movs	r0, #0
100028d8:	2100      	movs	r1, #0
100028da:	3f40      	subs	r7, #64	@ 0x40
100028dc:	033f      	lsls	r7, r7, #12
100028de:	1b3e      	subs	r6, r7, r4
100028e0:	00b6      	lsls	r6, r6, #2
100028e2:	44b4      	add	ip, r6
100028e4:	3f01      	subs	r7, #1
100028e6:	057f      	lsls	r7, r7, #21
100028e8:	1bc9      	subs	r1, r1, r7
100028ea:	0849      	lsrs	r1, r1, #1
100028ec:	6f2e      	ldr	r6, [r5, #112]	@ 0x70
100028ee:	3601      	adds	r6, #1
100028f0:	0876      	lsrs	r6, r6, #1
100028f2:	029c      	lsls	r4, r3, #10
100028f4:	0d95      	lsrs	r5, r2, #22
100028f6:	4325      	orrs	r5, r4
100028f8:	4375      	muls	r5, r6
100028fa:	13ed      	asrs	r5, r5, #15
100028fc:	4375      	muls	r5, r6
100028fe:	13ad      	asrs	r5, r5, #14
10002900:	3501      	adds	r5, #1
10002902:	106d      	asrs	r5, r5, #1
10002904:	03f6      	lsls	r6, r6, #15
10002906:	1b76      	subs	r6, r6, r5
10002908:	b40c      	push	{r2, r3}
1000290a:	02cc      	lsls	r4, r1, #11
1000290c:	0d45      	lsrs	r5, r0, #21
1000290e:	432c      	orrs	r4, r5
10002910:	b2a2      	uxth	r2, r4
10002912:	b2b3      	uxth	r3, r6
10002914:	435a      	muls	r2, r3
10002916:	0c27      	lsrs	r7, r4, #16
10002918:	437b      	muls	r3, r7
1000291a:	0c35      	lsrs	r5, r6, #16
1000291c:	436f      	muls	r7, r5
1000291e:	b2a4      	uxth	r4, r4
10002920:	436c      	muls	r4, r5
10002922:	191b      	adds	r3, r3, r4
10002924:	d302      	bcc.n	1000292c <l21_1>
10002926:	2401      	movs	r4, #1
10002928:	0424      	lsls	r4, r4, #16
1000292a:	193f      	adds	r7, r7, r4

1000292c <l21_1>:
1000292c:	041c      	lsls	r4, r3, #16
1000292e:	0c1d      	lsrs	r5, r3, #16
10002930:	18a4      	adds	r4, r4, r2
10002932:	417d      	adcs	r5, r7
10002934:	1924      	adds	r4, r4, r4
10002936:	416d      	adcs	r5, r5
10002938:	9a00      	ldr	r2, [sp, #0]
1000293a:	b291      	uxth	r1, r2
1000293c:	b2ac      	uxth	r4, r5
1000293e:	4361      	muls	r1, r4
10002940:	0c17      	lsrs	r7, r2, #16
10002942:	437c      	muls	r4, r7
10002944:	0c2b      	lsrs	r3, r5, #16
10002946:	435f      	muls	r7, r3
10002948:	b292      	uxth	r2, r2
1000294a:	435a      	muls	r2, r3
1000294c:	18a4      	adds	r4, r4, r2
1000294e:	d302      	bcc.n	10002956 <l22_1>
10002950:	2201      	movs	r2, #1
10002952:	0412      	lsls	r2, r2, #16
10002954:	18bf      	adds	r7, r7, r2

10002956 <l22_1>:
10002956:	0422      	lsls	r2, r4, #16
10002958:	0c23      	lsrs	r3, r4, #16
1000295a:	1852      	adds	r2, r2, r1
1000295c:	417b      	adcs	r3, r7
1000295e:	9c01      	ldr	r4, [sp, #4]
10002960:	436c      	muls	r4, r5
10002962:	191b      	adds	r3, r3, r4
10002964:	0e52      	lsrs	r2, r2, #25
10002966:	01d9      	lsls	r1, r3, #7
10002968:	430a      	orrs	r2, r1
1000296a:	0144      	lsls	r4, r0, #5
1000296c:	1aa0      	subs	r0, r4, r2
1000296e:	b281      	uxth	r1, r0
10002970:	b2b2      	uxth	r2, r6
10002972:	4351      	muls	r1, r2
10002974:	1403      	asrs	r3, r0, #16
10002976:	435a      	muls	r2, r3
10002978:	0c36      	lsrs	r6, r6, #16
1000297a:	4373      	muls	r3, r6
1000297c:	b287      	uxth	r7, r0
1000297e:	4377      	muls	r7, r6
10002980:	17d6      	asrs	r6, r2, #31
10002982:	19d2      	adds	r2, r2, r7
10002984:	2700      	movs	r7, #0
10002986:	417e      	adcs	r6, r7
10002988:	0436      	lsls	r6, r6, #16
1000298a:	199b      	adds	r3, r3, r6
1000298c:	0417      	lsls	r7, r2, #16
1000298e:	0c16      	lsrs	r6, r2, #16
10002990:	187f      	adds	r7, r7, r1
10002992:	415e      	adcs	r6, r3
10002994:	1673      	asrs	r3, r6, #25
10002996:	18ed      	adds	r5, r5, r3
10002998:	01f3      	lsls	r3, r6, #7
1000299a:	2600      	movs	r6, #0
1000299c:	3380      	adds	r3, #128	@ 0x80
1000299e:	4175      	adcs	r5, r6
100029a0:	0fa9      	lsrs	r1, r5, #30
100029a2:	d106      	bne.n	100029b2 <dd_0>
100029a4:	0064      	lsls	r4, r4, #1
100029a6:	0a69      	lsrs	r1, r5, #9
100029a8:	05e8      	lsls	r0, r5, #23
100029aa:	0a5b      	lsrs	r3, r3, #9
100029ac:	4318      	orrs	r0, r3
100029ae:	d209      	bcs.n	100029c4 <dd_1>
100029b0:	e02f      	b.n	10002a12 <dd_2>

100029b2 <dd_0>:
100029b2:	2204      	movs	r2, #4
100029b4:	4494      	add	ip, r2
100029b6:	3380      	adds	r3, #128	@ 0x80
100029b8:	4175      	adcs	r5, r6
100029ba:	0aa9      	lsrs	r1, r5, #10
100029bc:	05a8      	lsls	r0, r5, #22
100029be:	0a9b      	lsrs	r3, r3, #10
100029c0:	4318      	orrs	r0, r3
100029c2:	d326      	bcc.n	10002a12 <dd_2>

100029c4 <dd_1>:
100029c4:	4140      	adcs	r0, r0
100029c6:	4149      	adcs	r1, r1
100029c8:	0424      	lsls	r4, r4, #16
100029ca:	9a00      	ldr	r2, [sp, #0]
100029cc:	9b01      	ldr	r3, [sp, #4]
100029ce:	000d      	movs	r5, r1
100029d0:	4355      	muls	r5, r2
100029d2:	1b64      	subs	r4, r4, r5
100029d4:	4343      	muls	r3, r0
100029d6:	1ae4      	subs	r4, r4, r3
100029d8:	b295      	uxth	r5, r2
100029da:	b286      	uxth	r6, r0
100029dc:	4375      	muls	r5, r6
100029de:	0c17      	lsrs	r7, r2, #16
100029e0:	437e      	muls	r6, r7
100029e2:	0c03      	lsrs	r3, r0, #16
100029e4:	435f      	muls	r7, r3
100029e6:	b292      	uxth	r2, r2
100029e8:	435a      	muls	r2, r3
100029ea:	18b6      	adds	r6, r6, r2
100029ec:	d302      	bcc.n	100029f4 <l24_1>
100029ee:	2201      	movs	r2, #1
100029f0:	0412      	lsls	r2, r2, #16
100029f2:	18bf      	adds	r7, r7, r2

100029f4 <l24_1>:
100029f4:	0432      	lsls	r2, r6, #16
100029f6:	0c33      	lsrs	r3, r6, #16
100029f8:	1952      	adds	r2, r2, r5
100029fa:	417b      	adcs	r3, r7
100029fc:	4252      	negs	r2, r2
100029fe:	419c      	sbcs	r4, r3
10002a00:	2c00      	cmp	r4, #0
10002a02:	d402      	bmi.n	10002a0a <l24_1+0x16>
10002a04:	2200      	movs	r2, #0
10002a06:	3001      	adds	r0, #1
10002a08:	4151      	adcs	r1, r2
10002a0a:	0840      	lsrs	r0, r0, #1
10002a0c:	07ca      	lsls	r2, r1, #31
10002a0e:	4310      	orrs	r0, r2
10002a10:	0849      	lsrs	r1, r1, #1

10002a12 <dd_2>:
10002a12:	b002      	add	sp, #8
10002a14:	4662      	mov	r2, ip
10002a16:	07d7      	lsls	r7, r2, #31
10002a18:	1092      	asrs	r2, r2, #2
10002a1a:	4b08      	ldr	r3, [pc, #32]	@ (10002a3c <dd_4+0x6>)
10002a1c:	18d2      	adds	r2, r2, r3
10002a1e:	4b08      	ldr	r3, [pc, #32]	@ (10002a40 <dd_4+0xa>)
10002a20:	429a      	cmp	r2, r3
10002a22:	d203      	bcs.n	10002a2c <dd_3>
10002a24:	0512      	lsls	r2, r2, #20
10002a26:	1889      	adds	r1, r1, r2

10002a28 <dd_5>:
10002a28:	19c9      	adds	r1, r1, r7
10002a2a:	bdf0      	pop	{r4, r5, r6, r7, pc}

10002a2c <dd_3>:
10002a2c:	2000      	movs	r0, #0
10002a2e:	2a00      	cmp	r2, #0
10002a30:	dc01      	bgt.n	10002a36 <dd_4>
10002a32:	0039      	movs	r1, r7
10002a34:	bdf0      	pop	{r4, r5, r6, r7, pc}

10002a36 <dd_4>:
10002a36:	3301      	adds	r3, #1
10002a38:	0519      	lsls	r1, r3, #20
10002a3a:	e7f5      	b.n	10002a28 <dd_5>
10002a3c:	000003fd 	.word	0x000003fd
10002a40:	000007fe 	.word	0x000007fe

10002a44 <double2uint_shim>:
10002a44:	2200      	movs	r2, #0

10002a46 <double2ufix_shim>:
10002a46:	b500      	push	{lr}
10002a48:	3220      	adds	r2, #32
10002a4a:	f000 f804 	bl	10002a56 <double2ufix64_shim>
10002a4e:	0008      	movs	r0, r1
10002a50:	bd00      	pop	{pc}
	...

10002a54 <double2uint64_shim>:
10002a54:	2200      	movs	r2, #0

10002a56 <double2ufix64_shim>:
10002a56:	150b      	asrs	r3, r1, #20
10002a58:	d40a      	bmi.n	10002a70 <ret_dzero>

10002a5a <d2fix>:
10002a5a:	b510      	push	{r4, lr}
10002a5c:	4694      	mov	ip, r2
10002a5e:	f000 f831 	bl	10002ac4 <dunpacks>
10002a62:	1414      	asrs	r4, r2, #16
10002a64:	3401      	adds	r4, #1
10002a66:	da00      	bge.n	10002a6a <d2fix+0x10>
10002a68:	2100      	movs	r1, #0
10002a6a:	17cb      	asrs	r3, r1, #31
10002a6c:	4c14      	ldr	r4, [pc, #80]	@ (10002ac0 <d2fix_a+0x4a>)
10002a6e:	4720      	bx	r4

10002a70 <ret_dzero>:
10002a70:	2000      	movs	r0, #0
10002a72:	2100      	movs	r1, #0
10002a74:	4770      	bx	lr

10002a76 <d2fix_a>:
10002a76:	4462      	add	r2, ip
10002a78:	3a34      	subs	r2, #52	@ 0x34
10002a7a:	d40c      	bmi.n	10002a96 <d2fix_a+0x20>
10002a7c:	2a0c      	cmp	r2, #12
10002a7e:	da07      	bge.n	10002a90 <d2fix_a+0x1a>
10002a80:	0004      	movs	r4, r0
10002a82:	4091      	lsls	r1, r2
10002a84:	4090      	lsls	r0, r2
10002a86:	4252      	negs	r2, r2
10002a88:	3220      	adds	r2, #32
10002a8a:	40d4      	lsrs	r4, r2
10002a8c:	4321      	orrs	r1, r4
10002a8e:	bd10      	pop	{r4, pc}
10002a90:	43d8      	mvns	r0, r3
10002a92:	43d9      	mvns	r1, r3
10002a94:	bd10      	pop	{r4, pc}
10002a96:	3220      	adds	r2, #32
10002a98:	d407      	bmi.n	10002aaa <d2fix_a+0x34>
10002a9a:	460c      	mov	r4, r1
10002a9c:	4094      	lsls	r4, r2
10002a9e:	4252      	negs	r2, r2
10002aa0:	3220      	adds	r2, #32
10002aa2:	4111      	asrs	r1, r2
10002aa4:	40d0      	lsrs	r0, r2
10002aa6:	4320      	orrs	r0, r4
10002aa8:	bd10      	pop	{r4, pc}
10002aaa:	0008      	movs	r0, r1
10002aac:	17c9      	asrs	r1, r1, #31
10002aae:	3220      	adds	r2, #32
10002ab0:	d403      	bmi.n	10002aba <d2fix_a+0x44>
10002ab2:	4252      	negs	r2, r2
10002ab4:	3220      	adds	r2, #32
10002ab6:	4110      	asrs	r0, r2
10002ab8:	bd10      	pop	{r4, pc}
10002aba:	0018      	movs	r0, r3
10002abc:	0019      	movs	r1, r3
10002abe:	bd10      	pop	{r4, pc}
10002ac0:	10002a77 	.word	0x10002a77

10002ac4 <dunpacks>:
10002ac4:	0d0a      	lsrs	r2, r1, #20
10002ac6:	0fcc      	lsrs	r4, r1, #31
10002ac8:	1e53      	subs	r3, r2, #1
10002aca:	051b      	lsls	r3, r3, #20
10002acc:	1ac9      	subs	r1, r1, r3
10002ace:	0552      	lsls	r2, r2, #21
10002ad0:	d303      	bcc.n	10002ada <l60_1>
10002ad2:	43c9      	mvns	r1, r1
10002ad4:	4240      	negs	r0, r0
10002ad6:	d300      	bcc.n	10002ada <l60_1>
10002ad8:	3101      	adds	r1, #1

10002ada <l60_1>:
10002ada:	0d52      	lsrs	r2, r2, #21
10002adc:	d003      	beq.n	10002ae6 <l60_2>
10002ade:	1c53      	adds	r3, r2, #1
10002ae0:	0adb      	lsrs	r3, r3, #11
10002ae2:	d007      	beq.n	10002af4 <l60_3>
10002ae4:	1b12      	subs	r2, r2, r4

10002ae6 <l60_2>:
10002ae6:	2000      	movs	r0, #0
10002ae8:	0064      	lsls	r4, r4, #1
10002aea:	1c61      	adds	r1, r4, #1
10002aec:	0789      	lsls	r1, r1, #30
10002aee:	1289      	asrs	r1, r1, #10
10002af0:	3a80      	subs	r2, #128	@ 0x80
10002af2:	0312      	lsls	r2, r2, #12

10002af4 <l60_3>:
10002af4:	4b01      	ldr	r3, [pc, #4]	@ (10002afc <l60_3+0x8>)
10002af6:	1ad2      	subs	r2, r2, r3
10002af8:	4770      	bx	lr
10002afa:	0000      	.short	0x0000
10002afc:	000003ff 	.word	0x000003ff

10002b00 <__wrap___aeabi_lmul>:
10002b00:	4351      	muls	r1, r2
10002b02:	4343      	muls	r3, r0
10002b04:	18c9      	adds	r1, r1, r3
10002b06:	468c      	mov	ip, r1
10002b08:	0c11      	lsrs	r1, r2, #16
10002b0a:	b283      	uxth	r3, r0
10002b0c:	434b      	muls	r3, r1
10002b0e:	b410      	push	{r4}
10002b10:	0c04      	lsrs	r4, r0, #16
10002b12:	4361      	muls	r1, r4
10002b14:	b292      	uxth	r2, r2
10002b16:	b280      	uxth	r0, r0
10002b18:	4350      	muls	r0, r2
10002b1a:	4362      	muls	r2, r4
10002b1c:	041c      	lsls	r4, r3, #16
10002b1e:	0c1b      	lsrs	r3, r3, #16
10002b20:	1900      	adds	r0, r0, r4
10002b22:	bc10      	pop	{r4}
10002b24:	4159      	adcs	r1, r3
10002b26:	0413      	lsls	r3, r2, #16
10002b28:	0c12      	lsrs	r2, r2, #16
10002b2a:	18c0      	adds	r0, r0, r3
10002b2c:	4151      	adcs	r1, r2
10002b2e:	4461      	add	r1, ip
10002b30:	4770      	bx	lr
	...

10002b34 <__wrap___aeabi_frsub>:
10002b34:	4048      	eors	r0, r1
10002b36:	4041      	eors	r1, r0
10002b38:	4048      	eors	r0, r1

10002b3a <__wrap___aeabi_fsub>:
10002b3a:	4b0e      	ldr	r3, [pc, #56]	@ (10002b74 <__wrap___aeabi_fmul+0x6>)
10002b3c:	685b      	ldr	r3, [r3, #4]
10002b3e:	4718      	bx	r3

10002b40 <__wrap___aeabi_fadd>:
10002b40:	4b0c      	ldr	r3, [pc, #48]	@ (10002b74 <__wrap___aeabi_fmul+0x6>)
10002b42:	681b      	ldr	r3, [r3, #0]
10002b44:	4718      	bx	r3

10002b46 <__wrap___aeabi_fdiv>:
10002b46:	4a0c      	ldr	r2, [pc, #48]	@ (10002b78 <__wrap___aeabi_fmul+0xa>)
10002b48:	6f93      	ldr	r3, [r2, #120]	@ 0x78
10002b4a:	089b      	lsrs	r3, r3, #2
10002b4c:	d202      	bcs.n	10002b54 <fdiv_save_state>

10002b4e <fdiv_shim_call>:
10002b4e:	4b09      	ldr	r3, [pc, #36]	@ (10002b74 <__wrap___aeabi_fmul+0x6>)
10002b50:	68db      	ldr	r3, [r3, #12]
10002b52:	4718      	bx	r3

10002b54 <fdiv_save_state>:
10002b54:	b5f0      	push	{r4, r5, r6, r7, lr}
10002b56:	6e14      	ldr	r4, [r2, #96]	@ 0x60
10002b58:	6e55      	ldr	r5, [r2, #100]	@ 0x64
10002b5a:	6f57      	ldr	r7, [r2, #116]	@ 0x74
10002b5c:	6f16      	ldr	r6, [r2, #112]	@ 0x70
10002b5e:	f7ff fff6 	bl	10002b4e <fdiv_shim_call>
10002b62:	4a05      	ldr	r2, [pc, #20]	@ (10002b78 <__wrap___aeabi_fmul+0xa>)
10002b64:	6614      	str	r4, [r2, #96]	@ 0x60
10002b66:	6655      	str	r5, [r2, #100]	@ 0x64
10002b68:	6757      	str	r7, [r2, #116]	@ 0x74
10002b6a:	6716      	str	r6, [r2, #112]	@ 0x70
10002b6c:	bdf0      	pop	{r4, r5, r6, r7, pc}

10002b6e <__wrap___aeabi_fmul>:
10002b6e:	4b01      	ldr	r3, [pc, #4]	@ (10002b74 <__wrap___aeabi_fmul+0x6>)
10002b70:	689b      	ldr	r3, [r3, #8]
10002b72:	4718      	bx	r3
10002b74:	20001338 	.word	0x20001338
10002b78:	d0000000 	.word	0xd0000000

10002b7c <__wrap___aeabi_ui2f>:
10002b7c:	1a49      	subs	r1, r1, r1
10002b7e:	2800      	cmp	r0, #0
10002b80:	d108      	bne.n	10002b94 <__aeabi_i2f_main>
10002b82:	4608      	mov	r0, r1
10002b84:	4770      	bx	lr
	...

10002b88 <__wrap___aeabi_i2f>:
10002b88:	0fc1      	lsrs	r1, r0, #31
10002b8a:	07c9      	lsls	r1, r1, #31
10002b8c:	d500      	bpl.n	10002b90 <__wrap___aeabi_i2f+0x8>
10002b8e:	4240      	negs	r0, r0
10002b90:	2800      	cmp	r0, #0
10002b92:	d017      	beq.n	10002bc4 <__aeabi_i2f_main+0x30>

10002b94 <__aeabi_i2f_main>:
10002b94:	46f4      	mov	ip, lr
10002b96:	b403      	push	{r0, r1}
10002b98:	4b0b      	ldr	r3, [pc, #44]	@ (10002bc8 <__aeabi_i2f_main+0x34>)
10002b9a:	681b      	ldr	r3, [r3, #0]
10002b9c:	4798      	blx	r3
10002b9e:	bc06      	pop	{r1, r2}
10002ba0:	4081      	lsls	r1, r0
10002ba2:	389e      	subs	r0, #158	@ 0x9e
10002ba4:	4240      	negs	r0, r0
10002ba6:	3180      	adds	r1, #128	@ 0x80
10002ba8:	d207      	bcs.n	10002bba <__aeabi_i2f_main+0x26>
10002baa:	060b      	lsls	r3, r1, #24
10002bac:	d007      	beq.n	10002bbe <__aeabi_i2f_main+0x2a>
10002bae:	0049      	lsls	r1, r1, #1
10002bb0:	0a49      	lsrs	r1, r1, #9
10002bb2:	05c0      	lsls	r0, r0, #23
10002bb4:	4310      	orrs	r0, r2
10002bb6:	4308      	orrs	r0, r1
10002bb8:	4760      	bx	ip
10002bba:	3001      	adds	r0, #1
10002bbc:	e7f8      	b.n	10002bb0 <__aeabi_i2f_main+0x1c>
10002bbe:	0a49      	lsrs	r1, r1, #9
10002bc0:	0289      	lsls	r1, r1, #10
10002bc2:	e7f5      	b.n	10002bb0 <__aeabi_i2f_main+0x1c>
10002bc4:	4770      	bx	lr
10002bc6:	0000      	.short	0x0000
10002bc8:	20001f88 	.word	0x20001f88

10002bcc <__wrap___aeabi_f2uiz>:
10002bcc:	4b01      	ldr	r3, [pc, #4]	@ (10002bd4 <__wrap___aeabi_f2uiz+0x8>)
10002bce:	6a5b      	ldr	r3, [r3, #36]	@ 0x24
10002bd0:	4718      	bx	r3
10002bd2:	0000      	.short	0x0000
10002bd4:	20001338 	.word	0x20001338

10002bd8 <__wrap___aeabi_f2d>:
10002bd8:	4b03      	ldr	r3, [pc, #12]	@ (10002be8 <__wrap___aeabi_f2d+0x10>)
10002bda:	6fdb      	ldr	r3, [r3, #124]	@ 0x7c
10002bdc:	46fc      	mov	ip, pc
10002bde:	4718      	bx	r3
10002be0:	2c7ddf7c 	.word	0x2c7ddf7c
10002be4:	00001000 	.word	0x00001000
10002be8:	20001338 	.word	0x20001338

10002bec <__aeabi_float_init>:
10002bec:	2313      	movs	r3, #19
10002bee:	b510      	push	{r4, lr}
10002bf0:	4812      	ldr	r0, [pc, #72]	@ (10002c3c <__aeabi_float_init+0x50>)
10002bf2:	781c      	ldrb	r4, [r3, #0]
10002bf4:	f7fe ffbc 	bl	10001b70 <rom_data_lookup>
10002bf8:	0001      	movs	r1, r0
10002bfa:	2c01      	cmp	r4, #1
10002bfc:	d00a      	beq.n	10002c14 <__aeabi_float_init+0x28>
10002bfe:	dd03      	ble.n	10002c08 <__aeabi_float_init+0x1c>
10002c00:	2280      	movs	r2, #128	@ 0x80
10002c02:	480f      	ldr	r0, [pc, #60]	@ (10002c40 <__aeabi_float_init+0x54>)
10002c04:	f000 f860 	bl	10002cc8 <__wrap___aeabi_memcpy>
10002c08:	480e      	ldr	r0, [pc, #56]	@ (10002c44 <__aeabi_float_init+0x58>)
10002c0a:	f7fe ffa9 	bl	10001b60 <rom_func_lookup>
10002c0e:	4b0e      	ldr	r3, [pc, #56]	@ (10002c48 <__aeabi_float_init+0x5c>)
10002c10:	6018      	str	r0, [r3, #0]
10002c12:	bd10      	pop	{r4, pc}
10002c14:	4c0a      	ldr	r4, [pc, #40]	@ (10002c40 <__aeabi_float_init+0x54>)
10002c16:	2254      	movs	r2, #84	@ 0x54
10002c18:	0020      	movs	r0, r4
10002c1a:	f000 f855 	bl	10002cc8 <__wrap___aeabi_memcpy>
10002c1e:	4b0b      	ldr	r3, [pc, #44]	@ (10002c4c <__aeabi_float_init+0x60>)
10002c20:	6563      	str	r3, [r4, #84]	@ 0x54
10002c22:	65a3      	str	r3, [r4, #88]	@ 0x58
10002c24:	65e3      	str	r3, [r4, #92]	@ 0x5c
10002c26:	6623      	str	r3, [r4, #96]	@ 0x60
10002c28:	6663      	str	r3, [r4, #100]	@ 0x64
10002c2a:	66a3      	str	r3, [r4, #104]	@ 0x68
10002c2c:	66e3      	str	r3, [r4, #108]	@ 0x6c
10002c2e:	6723      	str	r3, [r4, #112]	@ 0x70
10002c30:	6763      	str	r3, [r4, #116]	@ 0x74
10002c32:	67a3      	str	r3, [r4, #120]	@ 0x78
10002c34:	67e3      	str	r3, [r4, #124]	@ 0x7c
10002c36:	6223      	str	r3, [r4, #32]
10002c38:	61e3      	str	r3, [r4, #28]
10002c3a:	e7e5      	b.n	10002c08 <__aeabi_float_init+0x1c>
10002c3c:	00004653 	.word	0x00004653
10002c40:	20001338 	.word	0x20001338
10002c44:	0000334c 	.word	0x0000334c
10002c48:	20001f88 	.word	0x20001f88
10002c4c:	10002c51 	.word	0x10002c51

10002c50 <float_table_shim_on_use_helper>:
10002c50:	b507      	push	{r0, r1, r2, lr}
10002c52:	4660      	mov	r0, ip
10002c54:	8801      	ldrh	r1, [r0, #0]
10002c56:	0a0a      	lsrs	r2, r1, #8
10002c58:	3002      	adds	r0, #2
10002c5a:	2adf      	cmp	r2, #223	@ 0xdf
10002c5c:	d1fa      	bne.n	10002c54 <float_table_shim_on_use_helper+0x4>
10002c5e:	b2c9      	uxtb	r1, r1
10002c60:	0882      	lsrs	r2, r0, #2
10002c62:	d304      	bcc.n	10002c6e <float_table_shim_on_use_helper+0x1e>
10002c64:	8802      	ldrh	r2, [r0, #0]
10002c66:	8840      	ldrh	r0, [r0, #2]
10002c68:	0400      	lsls	r0, r0, #16
10002c6a:	4310      	orrs	r0, r2
10002c6c:	e000      	b.n	10002c70 <float_table_shim_on_use_helper+0x20>
10002c6e:	6800      	ldr	r0, [r0, #0]
10002c70:	4a01      	ldr	r2, [pc, #4]	@ (10002c78 <float_table_shim_on_use_helper+0x28>)
10002c72:	5050      	str	r0, [r2, r1]
10002c74:	9003      	str	r0, [sp, #12]
10002c76:	bd07      	pop	{r0, r1, r2, pc}
10002c78:	20001338 	.word	0x20001338

10002c7c <float2double_shim>:
10002c7c:	0fc3      	lsrs	r3, r0, #31
10002c7e:	07db      	lsls	r3, r3, #31
10002c80:	0041      	lsls	r1, r0, #1
10002c82:	0e0a      	lsrs	r2, r1, #24
10002c84:	d007      	beq.n	10002c96 <float2double_shim+0x1a>
10002c86:	2aff      	cmp	r2, #255	@ 0xff
10002c88:	d008      	beq.n	10002c9c <float2double_shim+0x20>
10002c8a:	0909      	lsrs	r1, r1, #4
10002c8c:	4a05      	ldr	r2, [pc, #20]	@ (10002ca4 <float2double_shim+0x28>)
10002c8e:	1889      	adds	r1, r1, r2
10002c90:	4319      	orrs	r1, r3
10002c92:	0740      	lsls	r0, r0, #29
10002c94:	4770      	bx	lr
10002c96:	0019      	movs	r1, r3
10002c98:	2000      	movs	r0, #0
10002c9a:	4770      	bx	lr
10002c9c:	4902      	ldr	r1, [pc, #8]	@ (10002ca8 <float2double_shim+0x2c>)
10002c9e:	18c9      	adds	r1, r1, r3
10002ca0:	e7fa      	b.n	10002c98 <float2double_shim+0x1c>
10002ca2:	0000      	.short	0x0000
10002ca4:	38000000 	.word	0x38000000
10002ca8:	7ff00000 	.word	0x7ff00000

10002cac <__aeabi_mem_init>:
10002cac:	4801      	ldr	r0, [pc, #4]	@ (10002cb4 <__aeabi_mem_init+0x8>)
10002cae:	2104      	movs	r1, #4
10002cb0:	4b01      	ldr	r3, [pc, #4]	@ (10002cb8 <__aeabi_mem_init+0xc>)
10002cb2:	4718      	bx	r3
10002cb4:	20001060 	.word	0x20001060
10002cb8:	10001b81 	.word	0x10001b81

10002cbc <__wrap_memset>:
10002cbc:	4b01      	ldr	r3, [pc, #4]	@ (10002cc4 <__wrap_memset+0x8>)
10002cbe:	681b      	ldr	r3, [r3, #0]
10002cc0:	4718      	bx	r3
10002cc2:	0000      	.short	0x0000
10002cc4:	20001060 	.word	0x20001060

10002cc8 <__wrap___aeabi_memcpy>:
10002cc8:	4b01      	ldr	r3, [pc, #4]	@ (10002cd0 <__wrap___aeabi_memcpy+0x8>)
10002cca:	685b      	ldr	r3, [r3, #4]
10002ccc:	4718      	bx	r3
10002cce:	0000      	.short	0x0000
10002cd0:	20001060 	.word	0x20001060

10002cd4 <_out_null>:
10002cd4:	4770      	bx	lr
10002cd6:	46c0      	nop			@ (mov r8, r8)

10002cd8 <_out_rev>:
10002cd8:	b5f8      	push	{r3, r4, r5, r6, r7, lr}
10002cda:	4657      	mov	r7, sl
10002cdc:	46de      	mov	lr, fp
10002cde:	464e      	mov	r6, r9
10002ce0:	4645      	mov	r5, r8
10002ce2:	b5e0      	push	{r5, r6, r7, lr}
10002ce4:	4699      	mov	r9, r3
10002ce6:	9b0a      	ldr	r3, [sp, #40]	@ 0x28
10002ce8:	0007      	movs	r7, r0
10002cea:	469a      	mov	sl, r3
10002cec:	9b0d      	ldr	r3, [sp, #52]	@ 0x34
10002cee:	4688      	mov	r8, r1
10002cf0:	4693      	mov	fp, r2
10002cf2:	9c0b      	ldr	r4, [sp, #44]	@ 0x2c
10002cf4:	079b      	lsls	r3, r3, #30
10002cf6:	d13b      	bne.n	10002d70 <_out_rev+0x98>
10002cf8:	9b0c      	ldr	r3, [sp, #48]	@ 0x30
10002cfa:	429c      	cmp	r4, r3
10002cfc:	d23d      	bcs.n	10002d7a <_out_rev+0xa2>
10002cfe:	1b1e      	subs	r6, r3, r4
10002d00:	940b      	str	r4, [sp, #44]	@ 0x2c
10002d02:	0015      	movs	r5, r2
10002d04:	000c      	movs	r4, r1
10002d06:	445e      	add	r6, fp
10002d08:	002a      	movs	r2, r5
10002d0a:	464b      	mov	r3, r9
10002d0c:	3501      	adds	r5, #1
10002d0e:	0021      	movs	r1, r4
10002d10:	2020      	movs	r0, #32
10002d12:	47b8      	blx	r7
10002d14:	42b5      	cmp	r5, r6
10002d16:	d1f7      	bne.n	10002d08 <_out_rev+0x30>
10002d18:	46a0      	mov	r8, r4
10002d1a:	9c0b      	ldr	r4, [sp, #44]	@ 0x2c
10002d1c:	2c00      	cmp	r4, #0
10002d1e:	d020      	beq.n	10002d62 <_out_rev+0x8a>
10002d20:	4645      	mov	r5, r8
10002d22:	1936      	adds	r6, r6, r4
10002d24:	4653      	mov	r3, sl
10002d26:	1b32      	subs	r2, r6, r4
10002d28:	3c01      	subs	r4, #1
10002d2a:	5d18      	ldrb	r0, [r3, r4]
10002d2c:	0029      	movs	r1, r5
10002d2e:	464b      	mov	r3, r9
10002d30:	47b8      	blx	r7
10002d32:	2c00      	cmp	r4, #0
10002d34:	d1f6      	bne.n	10002d24 <_out_rev+0x4c>
10002d36:	002b      	movs	r3, r5
10002d38:	0035      	movs	r5, r6
10002d3a:	4698      	mov	r8, r3
10002d3c:	9b0d      	ldr	r3, [sp, #52]	@ 0x34
10002d3e:	079b      	lsls	r3, r3, #30
10002d40:	d50f      	bpl.n	10002d62 <_out_rev+0x8a>
10002d42:	465b      	mov	r3, fp
10002d44:	1aec      	subs	r4, r5, r3
10002d46:	9b0c      	ldr	r3, [sp, #48]	@ 0x30
10002d48:	42a3      	cmp	r3, r4
10002d4a:	d90a      	bls.n	10002d62 <_out_rev+0x8a>
10002d4c:	4646      	mov	r6, r8
10002d4e:	4698      	mov	r8, r3
10002d50:	002a      	movs	r2, r5
10002d52:	464b      	mov	r3, r9
10002d54:	0031      	movs	r1, r6
10002d56:	2020      	movs	r0, #32
10002d58:	3401      	adds	r4, #1
10002d5a:	47b8      	blx	r7
10002d5c:	3501      	adds	r5, #1
10002d5e:	4544      	cmp	r4, r8
10002d60:	d3f6      	bcc.n	10002d50 <_out_rev+0x78>
10002d62:	0028      	movs	r0, r5
10002d64:	bcf0      	pop	{r4, r5, r6, r7}
10002d66:	46bb      	mov	fp, r7
10002d68:	46b2      	mov	sl, r6
10002d6a:	46a9      	mov	r9, r5
10002d6c:	46a0      	mov	r8, r4
10002d6e:	bdf8      	pop	{r3, r4, r5, r6, r7, pc}
10002d70:	0016      	movs	r6, r2
10002d72:	0015      	movs	r5, r2
10002d74:	2c00      	cmp	r4, #0
10002d76:	d1d3      	bne.n	10002d20 <_out_rev+0x48>
10002d78:	e7e0      	b.n	10002d3c <_out_rev+0x64>
10002d7a:	0016      	movs	r6, r2
10002d7c:	0015      	movs	r5, r2
10002d7e:	2c00      	cmp	r4, #0
10002d80:	d1ce      	bne.n	10002d20 <_out_rev+0x48>
10002d82:	e7ee      	b.n	10002d62 <_out_rev+0x8a>

10002d84 <_ntoa_format>:
10002d84:	b5f0      	push	{r4, r5, r6, r7, lr}
10002d86:	4645      	mov	r5, r8
10002d88:	46de      	mov	lr, fp
10002d8a:	4657      	mov	r7, sl
10002d8c:	464e      	mov	r6, r9
10002d8e:	b5e0      	push	{r5, r6, r7, lr}
10002d90:	b085      	sub	sp, #20
10002d92:	469c      	mov	ip, r3
10002d94:	ab10      	add	r3, sp, #64	@ 0x40
10002d96:	781b      	ldrb	r3, [r3, #0]
10002d98:	9f14      	ldr	r7, [sp, #80]	@ 0x50
10002d9a:	4693      	mov	fp, r2
10002d9c:	4698      	mov	r8, r3
10002d9e:	9c0f      	ldr	r4, [sp, #60]	@ 0x3c
10002da0:	9e12      	ldr	r6, [sp, #72]	@ 0x48
10002da2:	9d13      	ldr	r5, [sp, #76]	@ 0x4c
10002da4:	07bb      	lsls	r3, r7, #30
10002da6:	d44c      	bmi.n	10002e42 <_ntoa_format+0xbe>
10002da8:	2d00      	cmp	r5, #0
10002daa:	d142      	bne.n	10002e32 <_ntoa_format+0xae>
10002dac:	42b4      	cmp	r4, r6
10002dae:	d248      	bcs.n	10002e42 <_ntoa_format+0xbe>
10002db0:	2301      	movs	r3, #1
10002db2:	403b      	ands	r3, r7
10002db4:	4699      	mov	r9, r3
10002db6:	9b0e      	ldr	r3, [sp, #56]	@ 0x38
10002db8:	3b01      	subs	r3, #1
10002dba:	469a      	mov	sl, r3
10002dbc:	2330      	movs	r3, #48	@ 0x30
10002dbe:	e004      	b.n	10002dca <_ntoa_format+0x46>
10002dc0:	4652      	mov	r2, sl
10002dc2:	3401      	adds	r4, #1
10002dc4:	5513      	strb	r3, [r2, r4]
10002dc6:	42a6      	cmp	r6, r4
10002dc8:	d901      	bls.n	10002dce <_ntoa_format+0x4a>
10002dca:	2c20      	cmp	r4, #32
10002dcc:	d1f8      	bne.n	10002dc0 <_ntoa_format+0x3c>
10002dce:	464b      	mov	r3, r9
10002dd0:	2b00      	cmp	r3, #0
10002dd2:	d100      	bne.n	10002dd6 <_ntoa_format+0x52>
10002dd4:	e083      	b.n	10002ede <_ntoa_format+0x15a>
10002dd6:	9b0e      	ldr	r3, [sp, #56]	@ 0x38
10002dd8:	3b01      	subs	r3, #1
10002dda:	4699      	mov	r9, r3
10002ddc:	2330      	movs	r3, #48	@ 0x30
10002dde:	42a5      	cmp	r5, r4
10002de0:	d805      	bhi.n	10002dee <_ntoa_format+0x6a>
10002de2:	e02e      	b.n	10002e42 <_ntoa_format+0xbe>
10002de4:	464a      	mov	r2, r9
10002de6:	3401      	adds	r4, #1
10002de8:	5513      	strb	r3, [r2, r4]
10002dea:	42ac      	cmp	r4, r5
10002dec:	d029      	beq.n	10002e42 <_ntoa_format+0xbe>
10002dee:	2c20      	cmp	r4, #32
10002df0:	d1f8      	bne.n	10002de4 <_ntoa_format+0x60>
10002df2:	06fb      	lsls	r3, r7, #27
10002df4:	d50c      	bpl.n	10002e10 <_ntoa_format+0x8c>
10002df6:	057b      	lsls	r3, r7, #21
10002df8:	d454      	bmi.n	10002ea4 <_ntoa_format+0x120>
10002dfa:	42a6      	cmp	r6, r4
10002dfc:	d063      	beq.n	10002ec6 <_ntoa_format+0x142>
10002dfe:	42a5      	cmp	r5, r4
10002e00:	d061      	beq.n	10002ec6 <_ntoa_format+0x142>
10002e02:	9b11      	ldr	r3, [sp, #68]	@ 0x44
10002e04:	2b10      	cmp	r3, #16
10002e06:	d050      	beq.n	10002eaa <_ntoa_format+0x126>
10002e08:	2b02      	cmp	r3, #2
10002e0a:	d057      	beq.n	10002ebc <_ntoa_format+0x138>
10002e0c:	2c20      	cmp	r4, #32
10002e0e:	d132      	bne.n	10002e76 <_ntoa_format+0xf2>
10002e10:	2320      	movs	r3, #32
10002e12:	9301      	str	r3, [sp, #4]
10002e14:	9b0e      	ldr	r3, [sp, #56]	@ 0x38
10002e16:	465a      	mov	r2, fp
10002e18:	9300      	str	r3, [sp, #0]
10002e1a:	9703      	str	r7, [sp, #12]
10002e1c:	4663      	mov	r3, ip
10002e1e:	9502      	str	r5, [sp, #8]
10002e20:	f7ff ff5a 	bl	10002cd8 <_out_rev>
10002e24:	b005      	add	sp, #20
10002e26:	bcf0      	pop	{r4, r5, r6, r7}
10002e28:	46bb      	mov	fp, r7
10002e2a:	46b2      	mov	sl, r6
10002e2c:	46a9      	mov	r9, r5
10002e2e:	46a0      	mov	r8, r4
10002e30:	bdf0      	pop	{r4, r5, r6, r7, pc}
10002e32:	2301      	movs	r3, #1
10002e34:	403b      	ands	r3, r7
10002e36:	4699      	mov	r9, r3
10002e38:	2301      	movs	r3, #1
10002e3a:	423b      	tst	r3, r7
10002e3c:	d12a      	bne.n	10002e94 <_ntoa_format+0x110>
10002e3e:	42b4      	cmp	r4, r6
10002e40:	d3b9      	bcc.n	10002db6 <_ntoa_format+0x32>
10002e42:	06fb      	lsls	r3, r7, #27
10002e44:	d51c      	bpl.n	10002e80 <_ntoa_format+0xfc>
10002e46:	057b      	lsls	r3, r7, #21
10002e48:	d4db      	bmi.n	10002e02 <_ntoa_format+0x7e>
10002e4a:	2c00      	cmp	r4, #0
10002e4c:	d1d5      	bne.n	10002dfa <_ntoa_format+0x76>
10002e4e:	9b11      	ldr	r3, [sp, #68]	@ 0x44
10002e50:	2b10      	cmp	r3, #16
10002e52:	d05b      	beq.n	10002f0c <_ntoa_format+0x188>
10002e54:	9b11      	ldr	r3, [sp, #68]	@ 0x44
10002e56:	2b02      	cmp	r3, #2
10002e58:	d06b      	beq.n	10002f32 <_ntoa_format+0x1ae>
10002e5a:	2330      	movs	r3, #48	@ 0x30
10002e5c:	2401      	movs	r4, #1
10002e5e:	9a0e      	ldr	r2, [sp, #56]	@ 0x38
10002e60:	7013      	strb	r3, [r2, #0]
10002e62:	4643      	mov	r3, r8
10002e64:	2b00      	cmp	r3, #0
10002e66:	d110      	bne.n	10002e8a <_ntoa_format+0x106>
10002e68:	077b      	lsls	r3, r7, #29
10002e6a:	d53e      	bpl.n	10002eea <_ntoa_format+0x166>
10002e6c:	262b      	movs	r6, #43	@ 0x2b
10002e6e:	9a0e      	ldr	r2, [sp, #56]	@ 0x38
10002e70:	1c63      	adds	r3, r4, #1
10002e72:	5516      	strb	r6, [r2, r4]
10002e74:	e7cd      	b.n	10002e12 <_ntoa_format+0x8e>
10002e76:	0023      	movs	r3, r4
10002e78:	3401      	adds	r4, #1
10002e7a:	2630      	movs	r6, #48	@ 0x30
10002e7c:	9a0e      	ldr	r2, [sp, #56]	@ 0x38
10002e7e:	54d6      	strb	r6, [r2, r3]
10002e80:	2c20      	cmp	r4, #32
10002e82:	d0c5      	beq.n	10002e10 <_ntoa_format+0x8c>
10002e84:	4643      	mov	r3, r8
10002e86:	2b00      	cmp	r3, #0
10002e88:	d0ee      	beq.n	10002e68 <_ntoa_format+0xe4>
10002e8a:	262d      	movs	r6, #45	@ 0x2d
10002e8c:	9a0e      	ldr	r2, [sp, #56]	@ 0x38
10002e8e:	1c63      	adds	r3, r4, #1
10002e90:	5516      	strb	r6, [r2, r4]
10002e92:	e7be      	b.n	10002e12 <_ntoa_format+0x8e>
10002e94:	4643      	mov	r3, r8
10002e96:	2b00      	cmp	r3, #0
10002e98:	d02f      	beq.n	10002efa <_ntoa_format+0x176>
10002e9a:	3d01      	subs	r5, #1
10002e9c:	42b4      	cmp	r4, r6
10002e9e:	d200      	bcs.n	10002ea2 <_ntoa_format+0x11e>
10002ea0:	e789      	b.n	10002db6 <_ntoa_format+0x32>
10002ea2:	e798      	b.n	10002dd6 <_ntoa_format+0x52>
10002ea4:	9b11      	ldr	r3, [sp, #68]	@ 0x44
10002ea6:	2b10      	cmp	r3, #16
10002ea8:	d1b2      	bne.n	10002e10 <_ntoa_format+0x8c>
10002eaa:	06bb      	lsls	r3, r7, #26
10002eac:	d537      	bpl.n	10002f1e <_ntoa_format+0x19a>
10002eae:	2c20      	cmp	r4, #32
10002eb0:	d0ae      	beq.n	10002e10 <_ntoa_format+0x8c>
10002eb2:	2358      	movs	r3, #88	@ 0x58
10002eb4:	9a0e      	ldr	r2, [sp, #56]	@ 0x38
10002eb6:	5513      	strb	r3, [r2, r4]
10002eb8:	3401      	adds	r4, #1
10002eba:	e7a7      	b.n	10002e0c <_ntoa_format+0x88>
10002ebc:	2c20      	cmp	r4, #32
10002ebe:	d0a7      	beq.n	10002e10 <_ntoa_format+0x8c>
10002ec0:	0023      	movs	r3, r4
10002ec2:	3401      	adds	r4, #1
10002ec4:	e007      	b.n	10002ed6 <_ntoa_format+0x152>
10002ec6:	1e63      	subs	r3, r4, #1
10002ec8:	2c01      	cmp	r4, #1
10002eca:	d0c0      	beq.n	10002e4e <_ntoa_format+0xca>
10002ecc:	9a11      	ldr	r2, [sp, #68]	@ 0x44
10002ece:	2a10      	cmp	r2, #16
10002ed0:	d031      	beq.n	10002f36 <_ntoa_format+0x1b2>
10002ed2:	2a02      	cmp	r2, #2
10002ed4:	d1d1      	bne.n	10002e7a <_ntoa_format+0xf6>
10002ed6:	2662      	movs	r6, #98	@ 0x62
10002ed8:	9a0e      	ldr	r2, [sp, #56]	@ 0x38
10002eda:	54d6      	strb	r6, [r2, r3]
10002edc:	e796      	b.n	10002e0c <_ntoa_format+0x88>
10002ede:	06fb      	lsls	r3, r7, #27
10002ee0:	d5ce      	bpl.n	10002e80 <_ntoa_format+0xfc>
10002ee2:	057b      	lsls	r3, r7, #21
10002ee4:	d400      	bmi.n	10002ee8 <_ntoa_format+0x164>
10002ee6:	e788      	b.n	10002dfa <_ntoa_format+0x76>
10002ee8:	e78b      	b.n	10002e02 <_ntoa_format+0x7e>
10002eea:	0023      	movs	r3, r4
10002eec:	073e      	lsls	r6, r7, #28
10002eee:	d590      	bpl.n	10002e12 <_ntoa_format+0x8e>
10002ef0:	2620      	movs	r6, #32
10002ef2:	9a0e      	ldr	r2, [sp, #56]	@ 0x38
10002ef4:	3301      	adds	r3, #1
10002ef6:	5516      	strb	r6, [r2, r4]
10002ef8:	e78b      	b.n	10002e12 <_ntoa_format+0x8e>
10002efa:	230c      	movs	r3, #12
10002efc:	403b      	ands	r3, r7
10002efe:	1e5a      	subs	r2, r3, #1
10002f00:	4193      	sbcs	r3, r2
10002f02:	1aed      	subs	r5, r5, r3
10002f04:	42b4      	cmp	r4, r6
10002f06:	d200      	bcs.n	10002f0a <_ntoa_format+0x186>
10002f08:	e755      	b.n	10002db6 <_ntoa_format+0x32>
10002f0a:	e764      	b.n	10002dd6 <_ntoa_format+0x52>
10002f0c:	06bb      	lsls	r3, r7, #26
10002f0e:	d40e      	bmi.n	10002f2e <_ntoa_format+0x1aa>
10002f10:	2378      	movs	r3, #120	@ 0x78
10002f12:	9a0e      	ldr	r2, [sp, #56]	@ 0x38
10002f14:	2402      	movs	r4, #2
10002f16:	7013      	strb	r3, [r2, #0]
10002f18:	2330      	movs	r3, #48	@ 0x30
10002f1a:	7053      	strb	r3, [r2, #1]
10002f1c:	e7a1      	b.n	10002e62 <_ntoa_format+0xde>
10002f1e:	2c20      	cmp	r4, #32
10002f20:	d100      	bne.n	10002f24 <_ntoa_format+0x1a0>
10002f22:	e775      	b.n	10002e10 <_ntoa_format+0x8c>
10002f24:	2378      	movs	r3, #120	@ 0x78
10002f26:	9a0e      	ldr	r2, [sp, #56]	@ 0x38
10002f28:	5513      	strb	r3, [r2, r4]
10002f2a:	3401      	adds	r4, #1
10002f2c:	e76e      	b.n	10002e0c <_ntoa_format+0x88>
10002f2e:	2358      	movs	r3, #88	@ 0x58
10002f30:	e7ef      	b.n	10002f12 <_ntoa_format+0x18e>
10002f32:	3360      	adds	r3, #96	@ 0x60
10002f34:	e7ed      	b.n	10002f12 <_ntoa_format+0x18e>
10002f36:	9a0e      	ldr	r2, [sp, #56]	@ 0x38
10002f38:	1ea6      	subs	r6, r4, #2
10002f3a:	4691      	mov	r9, r2
10002f3c:	444e      	add	r6, r9
10002f3e:	06ba      	lsls	r2, r7, #26
10002f40:	d502      	bpl.n	10002f48 <_ntoa_format+0x1c4>
10002f42:	2258      	movs	r2, #88	@ 0x58
10002f44:	7032      	strb	r2, [r6, #0]
10002f46:	e798      	b.n	10002e7a <_ntoa_format+0xf6>
10002f48:	2278      	movs	r2, #120	@ 0x78
10002f4a:	7032      	strb	r2, [r6, #0]
10002f4c:	e795      	b.n	10002e7a <_ntoa_format+0xf6>
10002f4e:	46c0      	nop			@ (mov r8, r8)

10002f50 <_out_char>:
10002f50:	b510      	push	{r4, lr}
10002f52:	2800      	cmp	r0, #0
10002f54:	d100      	bne.n	10002f58 <_out_char+0x8>
10002f56:	bd10      	pop	{r4, pc}
10002f58:	f001 fcca 	bl	100048f0 <__wrap_putchar>
10002f5c:	e7fb      	b.n	10002f56 <_out_char+0x6>
10002f5e:	46c0      	nop			@ (mov r8, r8)

10002f60 <_out_fct>:
10002f60:	000b      	movs	r3, r1
10002f62:	b510      	push	{r4, lr}
10002f64:	2800      	cmp	r0, #0
10002f66:	d002      	beq.n	10002f6e <_out_fct+0xe>
10002f68:	6849      	ldr	r1, [r1, #4]
10002f6a:	681b      	ldr	r3, [r3, #0]
10002f6c:	4798      	blx	r3
10002f6e:	bd10      	pop	{r4, pc}

10002f70 <_ftoa>:
10002f70:	b5f0      	push	{r4, r5, r6, r7, lr}
10002f72:	4657      	mov	r7, sl
10002f74:	46de      	mov	lr, fp
10002f76:	464e      	mov	r6, r9
10002f78:	4645      	mov	r5, r8
10002f7a:	b5e0      	push	{r5, r6, r7, lr}
10002f7c:	b095      	sub	sp, #84	@ 0x54
10002f7e:	4683      	mov	fp, r0
10002f80:	000f      	movs	r7, r1
10002f82:	4692      	mov	sl, r2
10002f84:	4698      	mov	r8, r3
10002f86:	9a1e      	ldr	r2, [sp, #120]	@ 0x78
10002f88:	9b1f      	ldr	r3, [sp, #124]	@ 0x7c
10002f8a:	0010      	movs	r0, r2
10002f8c:	0019      	movs	r1, r3
10002f8e:	9e20      	ldr	r6, [sp, #128]	@ 0x80
10002f90:	f7ff fa5b 	bl	1000244a <__wrap___aeabi_dcmpun>
10002f94:	2800      	cmp	r0, #0
10002f96:	d000      	beq.n	10002f9a <_ftoa+0x2a>
10002f98:	e1ea      	b.n	10003370 <_ftoa+0x400>
10002f9a:	981e      	ldr	r0, [sp, #120]	@ 0x78
10002f9c:	991f      	ldr	r1, [sp, #124]	@ 0x7c
10002f9e:	2201      	movs	r2, #1
10002fa0:	4bc5      	ldr	r3, [pc, #788]	@ (100032b8 <_ftoa+0x348>)
10002fa2:	4252      	negs	r2, r2
10002fa4:	f7ff fa36 	bl	10002414 <__wrap___aeabi_dcmplt>
10002fa8:	2800      	cmp	r0, #0
10002faa:	d000      	beq.n	10002fae <_ftoa+0x3e>
10002fac:	e114      	b.n	100031d8 <_ftoa+0x268>
10002fae:	981e      	ldr	r0, [sp, #120]	@ 0x78
10002fb0:	991f      	ldr	r1, [sp, #124]	@ 0x7c
10002fb2:	2201      	movs	r2, #1
10002fb4:	4bc1      	ldr	r3, [pc, #772]	@ (100032bc <_ftoa+0x34c>)
10002fb6:	4252      	negs	r2, r2
10002fb8:	f7ff fa42 	bl	10002440 <__wrap___aeabi_dcmpgt>
10002fbc:	2800      	cmp	r0, #0
10002fbe:	d000      	beq.n	10002fc2 <_ftoa+0x52>
10002fc0:	e0e9      	b.n	10003196 <_ftoa+0x226>
10002fc2:	981e      	ldr	r0, [sp, #120]	@ 0x78
10002fc4:	991f      	ldr	r1, [sp, #124]	@ 0x7c
10002fc6:	2200      	movs	r2, #0
10002fc8:	4bbd      	ldr	r3, [pc, #756]	@ (100032c0 <_ftoa+0x350>)
10002fca:	f7ff fa39 	bl	10002440 <__wrap___aeabi_dcmpgt>
10002fce:	2800      	cmp	r0, #0
10002fd0:	d000      	beq.n	10002fd4 <_ftoa+0x64>
10002fd2:	e0c8      	b.n	10003166 <_ftoa+0x1f6>
10002fd4:	981e      	ldr	r0, [sp, #120]	@ 0x78
10002fd6:	991f      	ldr	r1, [sp, #124]	@ 0x7c
10002fd8:	2200      	movs	r2, #0
10002fda:	4bba      	ldr	r3, [pc, #744]	@ (100032c4 <_ftoa+0x354>)
10002fdc:	f7ff fa1a 	bl	10002414 <__wrap___aeabi_dcmplt>
10002fe0:	2800      	cmp	r0, #0
10002fe2:	d000      	beq.n	10002fe6 <_ftoa+0x76>
10002fe4:	e0bf      	b.n	10003166 <_ftoa+0x1f6>
10002fe6:	981e      	ldr	r0, [sp, #120]	@ 0x78
10002fe8:	991f      	ldr	r1, [sp, #124]	@ 0x7c
10002fea:	2200      	movs	r2, #0
10002fec:	2300      	movs	r3, #0
10002fee:	f7ff fa11 	bl	10002414 <__wrap___aeabi_dcmplt>
10002ff2:	2800      	cmp	r0, #0
10002ff4:	d000      	beq.n	10002ff8 <_ftoa+0x88>
10002ff6:	e0e4      	b.n	100031c2 <_ftoa+0x252>
10002ff8:	2300      	movs	r3, #0
10002ffa:	930b      	str	r3, [sp, #44]	@ 0x2c
10002ffc:	9b22      	ldr	r3, [sp, #136]	@ 0x88
10002ffe:	055b      	lsls	r3, r3, #21
10003000:	d400      	bmi.n	10003004 <_ftoa+0x94>
10003002:	2606      	movs	r6, #6
10003004:	2400      	movs	r4, #0
10003006:	2330      	movs	r3, #48	@ 0x30
10003008:	e007      	b.n	1000301a <_ftoa+0xaa>
1000300a:	2117      	movs	r1, #23
1000300c:	aa06      	add	r2, sp, #24
1000300e:	3401      	adds	r4, #1
10003010:	1852      	adds	r2, r2, r1
10003012:	5513      	strb	r3, [r2, r4]
10003014:	3e01      	subs	r6, #1
10003016:	2c20      	cmp	r4, #32
10003018:	d001      	beq.n	1000301e <_ftoa+0xae>
1000301a:	2e09      	cmp	r6, #9
1000301c:	d8f5      	bhi.n	1000300a <_ftoa+0x9a>
1000301e:	981e      	ldr	r0, [sp, #120]	@ 0x78
10003020:	991f      	ldr	r1, [sp, #124]	@ 0x7c
10003022:	f7ff fa3b 	bl	1000249c <__wrap___aeabi_d2iz>
10003026:	4ba8      	ldr	r3, [pc, #672]	@ (100032c8 <_ftoa+0x358>)
10003028:	00f2      	lsls	r2, r6, #3
1000302a:	189b      	adds	r3, r3, r2
1000302c:	681a      	ldr	r2, [r3, #0]
1000302e:	685b      	ldr	r3, [r3, #4]
10003030:	0005      	movs	r5, r0
10003032:	9208      	str	r2, [sp, #32]
10003034:	9309      	str	r3, [sp, #36]	@ 0x24
10003036:	f7ff fa19 	bl	1000246c <__wrap___aeabi_i2d>
1000303a:	0002      	movs	r2, r0
1000303c:	000b      	movs	r3, r1
1000303e:	981e      	ldr	r0, [sp, #120]	@ 0x78
10003040:	991f      	ldr	r1, [sp, #124]	@ 0x7c
10003042:	f7ff f974 	bl	1000232e <__wrap___aeabi_dsub>
10003046:	9a08      	ldr	r2, [sp, #32]
10003048:	9b09      	ldr	r3, [sp, #36]	@ 0x24
1000304a:	f7ff f9a0 	bl	1000238e <__wrap___aeabi_dmul>
1000304e:	9006      	str	r0, [sp, #24]
10003050:	9107      	str	r1, [sp, #28]
10003052:	f7ff fa47 	bl	100024e4 <__wrap___aeabi_d2uiz>
10003056:	4681      	mov	r9, r0
10003058:	f7ff fa04 	bl	10002464 <__wrap___aeabi_ui2d>
1000305c:	0002      	movs	r2, r0
1000305e:	000b      	movs	r3, r1
10003060:	9806      	ldr	r0, [sp, #24]
10003062:	9907      	ldr	r1, [sp, #28]
10003064:	f7ff f963 	bl	1000232e <__wrap___aeabi_dsub>
10003068:	2200      	movs	r2, #0
1000306a:	4b98      	ldr	r3, [pc, #608]	@ (100032cc <_ftoa+0x35c>)
1000306c:	9006      	str	r0, [sp, #24]
1000306e:	9107      	str	r1, [sp, #28]
10003070:	f7ff f9e6 	bl	10002440 <__wrap___aeabi_dcmpgt>
10003074:	2800      	cmp	r0, #0
10003076:	d100      	bne.n	1000307a <_ftoa+0x10a>
10003078:	e10d      	b.n	10003296 <_ftoa+0x326>
1000307a:	2301      	movs	r3, #1
1000307c:	469c      	mov	ip, r3
1000307e:	44e1      	add	r9, ip
10003080:	4648      	mov	r0, r9
10003082:	f7ff f9ef 	bl	10002464 <__wrap___aeabi_ui2d>
10003086:	0002      	movs	r2, r0
10003088:	000b      	movs	r3, r1
1000308a:	9808      	ldr	r0, [sp, #32]
1000308c:	9909      	ldr	r1, [sp, #36]	@ 0x24
1000308e:	f7ff f9c7 	bl	10002420 <__wrap___aeabi_dcmple>
10003092:	2800      	cmp	r0, #0
10003094:	d002      	beq.n	1000309c <_ftoa+0x12c>
10003096:	2300      	movs	r3, #0
10003098:	4699      	mov	r9, r3
1000309a:	3501      	adds	r5, #1
1000309c:	2e00      	cmp	r6, #0
1000309e:	d100      	bne.n	100030a2 <_ftoa+0x132>
100030a0:	e0d9      	b.n	10003256 <_ftoa+0x2e6>
100030a2:	9506      	str	r5, [sp, #24]
100030a4:	464d      	mov	r5, r9
100030a6:	46b9      	mov	r9, r7
100030a8:	e014      	b.n	100030d4 <_ftoa+0x164>
100030aa:	aa06      	add	r2, sp, #24
100030ac:	4694      	mov	ip, r2
100030ae:	2317      	movs	r3, #23
100030b0:	210a      	movs	r1, #10
100030b2:	4463      	add	r3, ip
100030b4:	0028      	movs	r0, r5
100030b6:	3401      	adds	r4, #1
100030b8:	191f      	adds	r7, r3, r4
100030ba:	f7fe fefd 	bl	10001eb8 <__wrap___aeabi_uidiv>
100030be:	3130      	adds	r1, #48	@ 0x30
100030c0:	7039      	strb	r1, [r7, #0]
100030c2:	0028      	movs	r0, r5
100030c4:	210a      	movs	r1, #10
100030c6:	3e01      	subs	r6, #1
100030c8:	f7fe fef6 	bl	10001eb8 <__wrap___aeabi_uidiv>
100030cc:	2d09      	cmp	r5, #9
100030ce:	d800      	bhi.n	100030d2 <_ftoa+0x162>
100030d0:	e117      	b.n	10003302 <_ftoa+0x392>
100030d2:	0005      	movs	r5, r0
100030d4:	2c20      	cmp	r4, #32
100030d6:	d1e8      	bne.n	100030aa <_ftoa+0x13a>
100030d8:	464f      	mov	r7, r9
100030da:	9d06      	ldr	r5, [sp, #24]
100030dc:	2420      	movs	r4, #32
100030de:	ae0c      	add	r6, sp, #48	@ 0x30
100030e0:	aa06      	add	r2, sp, #24
100030e2:	2317      	movs	r3, #23
100030e4:	4694      	mov	ip, r2
100030e6:	4463      	add	r3, ip
100030e8:	4699      	mov	r9, r3
100030ea:	465b      	mov	r3, fp
100030ec:	46b3      	mov	fp, r6
100030ee:	9306      	str	r3, [sp, #24]
100030f0:	e00f      	b.n	10003112 <_ftoa+0x1a2>
100030f2:	464b      	mov	r3, r9
100030f4:	0028      	movs	r0, r5
100030f6:	210a      	movs	r1, #10
100030f8:	3401      	adds	r4, #1
100030fa:	18e6      	adds	r6, r4, r3
100030fc:	f7fe feb4 	bl	10001e68 <__wrap___aeabi_idiv>
10003100:	3130      	adds	r1, #48	@ 0x30
10003102:	0028      	movs	r0, r5
10003104:	7031      	strb	r1, [r6, #0]
10003106:	210a      	movs	r1, #10
10003108:	f7fe feae 	bl	10001e68 <__wrap___aeabi_idiv>
1000310c:	1e05      	subs	r5, r0, #0
1000310e:	d100      	bne.n	10003112 <_ftoa+0x1a2>
10003110:	e0e4      	b.n	100032dc <_ftoa+0x36c>
10003112:	2c20      	cmp	r4, #32
10003114:	d1ed      	bne.n	100030f2 <_ftoa+0x182>
10003116:	9b06      	ldr	r3, [sp, #24]
10003118:	465e      	mov	r6, fp
1000311a:	469b      	mov	fp, r3
1000311c:	2303      	movs	r3, #3
1000311e:	9a22      	ldr	r2, [sp, #136]	@ 0x88
10003120:	4013      	ands	r3, r2
10003122:	2b01      	cmp	r3, #1
10003124:	d118      	bne.n	10003158 <_ftoa+0x1e8>
10003126:	9b21      	ldr	r3, [sp, #132]	@ 0x84
10003128:	2b00      	cmp	r3, #0
1000312a:	d015      	beq.n	10003158 <_ftoa+0x1e8>
1000312c:	9b0b      	ldr	r3, [sp, #44]	@ 0x2c
1000312e:	2b00      	cmp	r3, #0
10003130:	d100      	bne.n	10003134 <_ftoa+0x1c4>
10003132:	e0fd      	b.n	10003330 <_ftoa+0x3c0>
10003134:	9b21      	ldr	r3, [sp, #132]	@ 0x84
10003136:	3b01      	subs	r3, #1
10003138:	9321      	str	r3, [sp, #132]	@ 0x84
1000313a:	2b20      	cmp	r3, #32
1000313c:	d90c      	bls.n	10003158 <_ftoa+0x1e8>
1000313e:	2330      	movs	r3, #48	@ 0x30
10003140:	9a21      	ldr	r2, [sp, #132]	@ 0x84
10003142:	e007      	b.n	10003154 <_ftoa+0x1e4>
10003144:	2017      	movs	r0, #23
10003146:	a906      	add	r1, sp, #24
10003148:	3401      	adds	r4, #1
1000314a:	1809      	adds	r1, r1, r0
1000314c:	550b      	strb	r3, [r1, r4]
1000314e:	4294      	cmp	r4, r2
10003150:	d300      	bcc.n	10003154 <_ftoa+0x1e4>
10003152:	e0cc      	b.n	100032ee <_ftoa+0x37e>
10003154:	2c20      	cmp	r4, #32
10003156:	d1f5      	bne.n	10003144 <_ftoa+0x1d4>
10003158:	9b22      	ldr	r3, [sp, #136]	@ 0x88
1000315a:	9401      	str	r4, [sp, #4]
1000315c:	9303      	str	r3, [sp, #12]
1000315e:	9b21      	ldr	r3, [sp, #132]	@ 0x84
10003160:	9600      	str	r6, [sp, #0]
10003162:	9302      	str	r3, [sp, #8]
10003164:	e022      	b.n	100031ac <_ftoa+0x23c>
10003166:	9b22      	ldr	r3, [sp, #136]	@ 0x88
10003168:	4652      	mov	r2, sl
1000316a:	9304      	str	r3, [sp, #16]
1000316c:	9b21      	ldr	r3, [sp, #132]	@ 0x84
1000316e:	0039      	movs	r1, r7
10003170:	9303      	str	r3, [sp, #12]
10003172:	4658      	mov	r0, fp
10003174:	9b1e      	ldr	r3, [sp, #120]	@ 0x78
10003176:	9c1f      	ldr	r4, [sp, #124]	@ 0x7c
10003178:	9602      	str	r6, [sp, #8]
1000317a:	9300      	str	r3, [sp, #0]
1000317c:	9401      	str	r4, [sp, #4]
1000317e:	4643      	mov	r3, r8
10003180:	f000 f94a 	bl	10003418 <_etoa>
10003184:	0004      	movs	r4, r0
10003186:	0020      	movs	r0, r4
10003188:	b015      	add	sp, #84	@ 0x54
1000318a:	bcf0      	pop	{r4, r5, r6, r7}
1000318c:	46bb      	mov	fp, r7
1000318e:	46b2      	mov	sl, r6
10003190:	46a9      	mov	r9, r5
10003192:	46a0      	mov	r8, r4
10003194:	bdf0      	pop	{r4, r5, r6, r7, pc}
10003196:	9b22      	ldr	r3, [sp, #136]	@ 0x88
10003198:	075b      	lsls	r3, r3, #29
1000319a:	d40f      	bmi.n	100031bc <_ftoa+0x24c>
1000319c:	2203      	movs	r2, #3
1000319e:	4b4c      	ldr	r3, [pc, #304]	@ (100032d0 <_ftoa+0x360>)
100031a0:	9922      	ldr	r1, [sp, #136]	@ 0x88
100031a2:	9201      	str	r2, [sp, #4]
100031a4:	9103      	str	r1, [sp, #12]
100031a6:	9921      	ldr	r1, [sp, #132]	@ 0x84
100031a8:	9300      	str	r3, [sp, #0]
100031aa:	9102      	str	r1, [sp, #8]
100031ac:	4643      	mov	r3, r8
100031ae:	4652      	mov	r2, sl
100031b0:	0039      	movs	r1, r7
100031b2:	4658      	mov	r0, fp
100031b4:	f7ff fd90 	bl	10002cd8 <_out_rev>
100031b8:	0004      	movs	r4, r0
100031ba:	e7e4      	b.n	10003186 <_ftoa+0x216>
100031bc:	2204      	movs	r2, #4
100031be:	4b45      	ldr	r3, [pc, #276]	@ (100032d4 <_ftoa+0x364>)
100031c0:	e7ee      	b.n	100031a0 <_ftoa+0x230>
100031c2:	9a1e      	ldr	r2, [sp, #120]	@ 0x78
100031c4:	9b1f      	ldr	r3, [sp, #124]	@ 0x7c
100031c6:	2000      	movs	r0, #0
100031c8:	2100      	movs	r1, #0
100031ca:	f7ff f8b0 	bl	1000232e <__wrap___aeabi_dsub>
100031ce:	2301      	movs	r3, #1
100031d0:	901e      	str	r0, [sp, #120]	@ 0x78
100031d2:	911f      	str	r1, [sp, #124]	@ 0x7c
100031d4:	930b      	str	r3, [sp, #44]	@ 0x2c
100031d6:	e711      	b.n	10002ffc <_ftoa+0x8c>
100031d8:	9b22      	ldr	r3, [sp, #136]	@ 0x88
100031da:	4654      	mov	r4, sl
100031dc:	079b      	lsls	r3, r3, #30
100031de:	d111      	bne.n	10003204 <_ftoa+0x294>
100031e0:	9b21      	ldr	r3, [sp, #132]	@ 0x84
100031e2:	2b04      	cmp	r3, #4
100031e4:	d90e      	bls.n	10003204 <_ftoa+0x294>
100031e6:	9b21      	ldr	r3, [sp, #132]	@ 0x84
100031e8:	4655      	mov	r5, sl
100031ea:	469c      	mov	ip, r3
100031ec:	465e      	mov	r6, fp
100031ee:	3c04      	subs	r4, #4
100031f0:	4464      	add	r4, ip
100031f2:	002a      	movs	r2, r5
100031f4:	4643      	mov	r3, r8
100031f6:	3501      	adds	r5, #1
100031f8:	0039      	movs	r1, r7
100031fa:	2020      	movs	r0, #32
100031fc:	47b0      	blx	r6
100031fe:	42a5      	cmp	r5, r4
10003200:	d1f7      	bne.n	100031f2 <_ftoa+0x282>
10003202:	46b3      	mov	fp, r6
10003204:	4d34      	ldr	r5, [pc, #208]	@ (100032d8 <_ftoa+0x368>)
10003206:	0026      	movs	r6, r4
10003208:	1f2b      	subs	r3, r5, #4
1000320a:	4699      	mov	r9, r3
1000320c:	465b      	mov	r3, fp
1000320e:	46a3      	mov	fp, r4
10003210:	001c      	movs	r4, r3
10003212:	0032      	movs	r2, r6
10003214:	78e8      	ldrb	r0, [r5, #3]
10003216:	4643      	mov	r3, r8
10003218:	0039      	movs	r1, r7
1000321a:	3d01      	subs	r5, #1
1000321c:	47a0      	blx	r4
1000321e:	3601      	adds	r6, #1
10003220:	454d      	cmp	r5, r9
10003222:	d1f6      	bne.n	10003212 <_ftoa+0x2a2>
10003224:	0023      	movs	r3, r4
10003226:	465c      	mov	r4, fp
10003228:	469b      	mov	fp, r3
1000322a:	9b22      	ldr	r3, [sp, #136]	@ 0x88
1000322c:	3404      	adds	r4, #4
1000322e:	079b      	lsls	r3, r3, #30
10003230:	d5a9      	bpl.n	10003186 <_ftoa+0x216>
10003232:	4653      	mov	r3, sl
10003234:	9a21      	ldr	r2, [sp, #132]	@ 0x84
10003236:	1ae3      	subs	r3, r4, r3
10003238:	429a      	cmp	r2, r3
1000323a:	d9a4      	bls.n	10003186 <_ftoa+0x216>
1000323c:	465e      	mov	r6, fp
1000323e:	0015      	movs	r5, r2
10003240:	0022      	movs	r2, r4
10003242:	4643      	mov	r3, r8
10003244:	0039      	movs	r1, r7
10003246:	2020      	movs	r0, #32
10003248:	47b0      	blx	r6
1000324a:	4653      	mov	r3, sl
1000324c:	3401      	adds	r4, #1
1000324e:	1ae3      	subs	r3, r4, r3
10003250:	429d      	cmp	r5, r3
10003252:	d8f5      	bhi.n	10003240 <_ftoa+0x2d0>
10003254:	e797      	b.n	10003186 <_ftoa+0x216>
10003256:	0028      	movs	r0, r5
10003258:	f7ff f908 	bl	1000246c <__wrap___aeabi_i2d>
1000325c:	0002      	movs	r2, r0
1000325e:	000b      	movs	r3, r1
10003260:	981e      	ldr	r0, [sp, #120]	@ 0x78
10003262:	991f      	ldr	r1, [sp, #124]	@ 0x7c
10003264:	f7ff f863 	bl	1000232e <__wrap___aeabi_dsub>
10003268:	2200      	movs	r2, #0
1000326a:	4b18      	ldr	r3, [pc, #96]	@ (100032cc <_ftoa+0x35c>)
1000326c:	9006      	str	r0, [sp, #24]
1000326e:	9107      	str	r1, [sp, #28]
10003270:	f7ff f8d0 	bl	10002414 <__wrap___aeabi_dcmplt>
10003274:	ae0c      	add	r6, sp, #48	@ 0x30
10003276:	2800      	cmp	r0, #0
10003278:	d000      	beq.n	1000327c <_ftoa+0x30c>
1000327a:	e731      	b.n	100030e0 <_ftoa+0x170>
1000327c:	9806      	ldr	r0, [sp, #24]
1000327e:	9907      	ldr	r1, [sp, #28]
10003280:	2200      	movs	r2, #0
10003282:	4b12      	ldr	r3, [pc, #72]	@ (100032cc <_ftoa+0x35c>)
10003284:	f7ff f8dc 	bl	10002440 <__wrap___aeabi_dcmpgt>
10003288:	2800      	cmp	r0, #0
1000328a:	d000      	beq.n	1000328e <_ftoa+0x31e>
1000328c:	e728      	b.n	100030e0 <_ftoa+0x170>
1000328e:	2301      	movs	r3, #1
10003290:	3501      	adds	r5, #1
10003292:	439d      	bics	r5, r3
10003294:	e724      	b.n	100030e0 <_ftoa+0x170>
10003296:	2200      	movs	r2, #0
10003298:	9806      	ldr	r0, [sp, #24]
1000329a:	9907      	ldr	r1, [sp, #28]
1000329c:	4b0b      	ldr	r3, [pc, #44]	@ (100032cc <_ftoa+0x35c>)
1000329e:	f7ff f8b9 	bl	10002414 <__wrap___aeabi_dcmplt>
100032a2:	2800      	cmp	r0, #0
100032a4:	d000      	beq.n	100032a8 <_ftoa+0x338>
100032a6:	e6f9      	b.n	1000309c <_ftoa+0x12c>
100032a8:	464b      	mov	r3, r9
100032aa:	2b00      	cmp	r3, #0
100032ac:	d15c      	bne.n	10003368 <_ftoa+0x3f8>
100032ae:	2301      	movs	r3, #1
100032b0:	469c      	mov	ip, r3
100032b2:	44e1      	add	r9, ip
100032b4:	e6f2      	b.n	1000309c <_ftoa+0x12c>
100032b6:	46c0      	nop			@ (mov r8, r8)
100032b8:	ffefffff 	.word	0xffefffff
100032bc:	7fefffff 	.word	0x7fefffff
100032c0:	41cdcd65 	.word	0x41cdcd65
100032c4:	c1cdcd65 	.word	0xc1cdcd65
100032c8:	10007a18 	.word	0x10007a18
100032cc:	3fe00000 	.word	0x3fe00000
100032d0:	1000772c 	.word	0x1000772c
100032d4:	10007724 	.word	0x10007724
100032d8:	10007734 	.word	0x10007734
100032dc:	9b06      	ldr	r3, [sp, #24]
100032de:	465e      	mov	r6, fp
100032e0:	469b      	mov	fp, r3
100032e2:	2303      	movs	r3, #3
100032e4:	9a22      	ldr	r2, [sp, #136]	@ 0x88
100032e6:	4013      	ands	r3, r2
100032e8:	2b01      	cmp	r3, #1
100032ea:	d100      	bne.n	100032ee <_ftoa+0x37e>
100032ec:	e081      	b.n	100033f2 <_ftoa+0x482>
100032ee:	2c20      	cmp	r4, #32
100032f0:	d100      	bne.n	100032f4 <_ftoa+0x384>
100032f2:	e731      	b.n	10003158 <_ftoa+0x1e8>
100032f4:	9b0b      	ldr	r3, [sp, #44]	@ 0x2c
100032f6:	2b00      	cmp	r3, #0
100032f8:	d027      	beq.n	1000334a <_ftoa+0x3da>
100032fa:	232d      	movs	r3, #45	@ 0x2d
100032fc:	5533      	strb	r3, [r6, r4]
100032fe:	3401      	adds	r4, #1
10003300:	e72a      	b.n	10003158 <_ftoa+0x1e8>
10003302:	464f      	mov	r7, r9
10003304:	9d06      	ldr	r5, [sp, #24]
10003306:	2c20      	cmp	r4, #32
10003308:	d100      	bne.n	1000330c <_ftoa+0x39c>
1000330a:	e6e7      	b.n	100030dc <_ftoa+0x16c>
1000330c:	2230      	movs	r2, #48	@ 0x30
1000330e:	1933      	adds	r3, r6, r4
10003310:	e007      	b.n	10003322 <_ftoa+0x3b2>
10003312:	2017      	movs	r0, #23
10003314:	a906      	add	r1, sp, #24
10003316:	3401      	adds	r4, #1
10003318:	1809      	adds	r1, r1, r0
1000331a:	550a      	strb	r2, [r1, r4]
1000331c:	2c20      	cmp	r4, #32
1000331e:	d100      	bne.n	10003322 <_ftoa+0x3b2>
10003320:	e6dc      	b.n	100030dc <_ftoa+0x16c>
10003322:	42a3      	cmp	r3, r4
10003324:	d1f5      	bne.n	10003312 <_ftoa+0x3a2>
10003326:	222e      	movs	r2, #46	@ 0x2e
10003328:	ae0c      	add	r6, sp, #48	@ 0x30
1000332a:	3401      	adds	r4, #1
1000332c:	54f2      	strb	r2, [r6, r3]
1000332e:	e6d7      	b.n	100030e0 <_ftoa+0x170>
10003330:	230c      	movs	r3, #12
10003332:	9a22      	ldr	r2, [sp, #136]	@ 0x88
10003334:	4213      	tst	r3, r2
10003336:	d057      	beq.n	100033e8 <_ftoa+0x478>
10003338:	9b21      	ldr	r3, [sp, #132]	@ 0x84
1000333a:	3b01      	subs	r3, #1
1000333c:	9321      	str	r3, [sp, #132]	@ 0x84
1000333e:	42a3      	cmp	r3, r4
10003340:	d900      	bls.n	10003344 <_ftoa+0x3d4>
10003342:	e6fc      	b.n	1000313e <_ftoa+0x1ce>
10003344:	2c20      	cmp	r4, #32
10003346:	d100      	bne.n	1000334a <_ftoa+0x3da>
10003348:	e706      	b.n	10003158 <_ftoa+0x1e8>
1000334a:	9b22      	ldr	r3, [sp, #136]	@ 0x88
1000334c:	075b      	lsls	r3, r3, #29
1000334e:	d503      	bpl.n	10003358 <_ftoa+0x3e8>
10003350:	232b      	movs	r3, #43	@ 0x2b
10003352:	5533      	strb	r3, [r6, r4]
10003354:	3401      	adds	r4, #1
10003356:	e6ff      	b.n	10003158 <_ftoa+0x1e8>
10003358:	9b22      	ldr	r3, [sp, #136]	@ 0x88
1000335a:	071b      	lsls	r3, r3, #28
1000335c:	d400      	bmi.n	10003360 <_ftoa+0x3f0>
1000335e:	e6fb      	b.n	10003158 <_ftoa+0x1e8>
10003360:	2320      	movs	r3, #32
10003362:	5533      	strb	r3, [r6, r4]
10003364:	3401      	adds	r4, #1
10003366:	e6f7      	b.n	10003158 <_ftoa+0x1e8>
10003368:	07db      	lsls	r3, r3, #31
1000336a:	d400      	bmi.n	1000336e <_ftoa+0x3fe>
1000336c:	e696      	b.n	1000309c <_ftoa+0x12c>
1000336e:	e79e      	b.n	100032ae <_ftoa+0x33e>
10003370:	9b22      	ldr	r3, [sp, #136]	@ 0x88
10003372:	4655      	mov	r5, sl
10003374:	079b      	lsls	r3, r3, #30
10003376:	d111      	bne.n	1000339c <_ftoa+0x42c>
10003378:	9b21      	ldr	r3, [sp, #132]	@ 0x84
1000337a:	2b03      	cmp	r3, #3
1000337c:	d90e      	bls.n	1000339c <_ftoa+0x42c>
1000337e:	9b21      	ldr	r3, [sp, #132]	@ 0x84
10003380:	4654      	mov	r4, sl
10003382:	469c      	mov	ip, r3
10003384:	465e      	mov	r6, fp
10003386:	3d03      	subs	r5, #3
10003388:	4465      	add	r5, ip
1000338a:	0022      	movs	r2, r4
1000338c:	4643      	mov	r3, r8
1000338e:	3401      	adds	r4, #1
10003390:	0039      	movs	r1, r7
10003392:	2020      	movs	r0, #32
10003394:	47b0      	blx	r6
10003396:	42ac      	cmp	r4, r5
10003398:	d1f7      	bne.n	1000338a <_ftoa+0x41a>
1000339a:	46b3      	mov	fp, r6
1000339c:	46b9      	mov	r9, r7
1000339e:	465f      	mov	r7, fp
100033a0:	4e1c      	ldr	r6, [pc, #112]	@ (10003414 <_ftoa+0x4a4>)
100033a2:	1cec      	adds	r4, r5, #3
100033a4:	002a      	movs	r2, r5
100033a6:	78b0      	ldrb	r0, [r6, #2]
100033a8:	4643      	mov	r3, r8
100033aa:	4649      	mov	r1, r9
100033ac:	3501      	adds	r5, #1
100033ae:	47b8      	blx	r7
100033b0:	3e01      	subs	r6, #1
100033b2:	42ac      	cmp	r4, r5
100033b4:	d1f6      	bne.n	100033a4 <_ftoa+0x434>
100033b6:	9b22      	ldr	r3, [sp, #136]	@ 0x88
100033b8:	46bb      	mov	fp, r7
100033ba:	464f      	mov	r7, r9
100033bc:	079b      	lsls	r3, r3, #30
100033be:	d400      	bmi.n	100033c2 <_ftoa+0x452>
100033c0:	e6e1      	b.n	10003186 <_ftoa+0x216>
100033c2:	4653      	mov	r3, sl
100033c4:	9a21      	ldr	r2, [sp, #132]	@ 0x84
100033c6:	1ae3      	subs	r3, r4, r3
100033c8:	429a      	cmp	r2, r3
100033ca:	d800      	bhi.n	100033ce <_ftoa+0x45e>
100033cc:	e6db      	b.n	10003186 <_ftoa+0x216>
100033ce:	465e      	mov	r6, fp
100033d0:	0015      	movs	r5, r2
100033d2:	0022      	movs	r2, r4
100033d4:	4643      	mov	r3, r8
100033d6:	0039      	movs	r1, r7
100033d8:	2020      	movs	r0, #32
100033da:	47b0      	blx	r6
100033dc:	4653      	mov	r3, sl
100033de:	3401      	adds	r4, #1
100033e0:	1ae3      	subs	r3, r4, r3
100033e2:	42ab      	cmp	r3, r5
100033e4:	d3f5      	bcc.n	100033d2 <_ftoa+0x462>
100033e6:	e6ce      	b.n	10003186 <_ftoa+0x216>
100033e8:	9b21      	ldr	r3, [sp, #132]	@ 0x84
100033ea:	42a3      	cmp	r3, r4
100033ec:	d900      	bls.n	100033f0 <_ftoa+0x480>
100033ee:	e6a6      	b.n	1000313e <_ftoa+0x1ce>
100033f0:	e6b2      	b.n	10003158 <_ftoa+0x1e8>
100033f2:	9b21      	ldr	r3, [sp, #132]	@ 0x84
100033f4:	2b00      	cmp	r3, #0
100033f6:	d100      	bne.n	100033fa <_ftoa+0x48a>
100033f8:	e779      	b.n	100032ee <_ftoa+0x37e>
100033fa:	9b0b      	ldr	r3, [sp, #44]	@ 0x2c
100033fc:	2b00      	cmp	r3, #0
100033fe:	d097      	beq.n	10003330 <_ftoa+0x3c0>
10003400:	9b21      	ldr	r3, [sp, #132]	@ 0x84
10003402:	3b01      	subs	r3, #1
10003404:	9321      	str	r3, [sp, #132]	@ 0x84
10003406:	429c      	cmp	r4, r3
10003408:	d200      	bcs.n	1000340c <_ftoa+0x49c>
1000340a:	e698      	b.n	1000313e <_ftoa+0x1ce>
1000340c:	2c20      	cmp	r4, #32
1000340e:	d000      	beq.n	10003412 <_ftoa+0x4a2>
10003410:	e773      	b.n	100032fa <_ftoa+0x38a>
10003412:	e6a1      	b.n	10003158 <_ftoa+0x1e8>
10003414:	10007730 	.word	0x10007730

10003418 <_etoa>:
10003418:	b5f0      	push	{r4, r5, r6, r7, lr}
1000341a:	46de      	mov	lr, fp
1000341c:	4657      	mov	r7, sl
1000341e:	464e      	mov	r6, r9
10003420:	4645      	mov	r5, r8
10003422:	b5e0      	push	{r5, r6, r7, lr}
10003424:	b099      	sub	sp, #100	@ 0x64
10003426:	4681      	mov	r9, r0
10003428:	468b      	mov	fp, r1
1000342a:	4692      	mov	sl, r2
1000342c:	4698      	mov	r8, r3
1000342e:	9a22      	ldr	r2, [sp, #136]	@ 0x88
10003430:	9b23      	ldr	r3, [sp, #140]	@ 0x8c
10003432:	0010      	movs	r0, r2
10003434:	0019      	movs	r1, r3
10003436:	f7ff f808 	bl	1000244a <__wrap___aeabi_dcmpun>
1000343a:	2800      	cmp	r0, #0
1000343c:	d000      	beq.n	10003440 <_etoa+0x28>
1000343e:	e0ca      	b.n	100035d6 <_etoa+0x1be>
10003440:	9822      	ldr	r0, [sp, #136]	@ 0x88
10003442:	9923      	ldr	r1, [sp, #140]	@ 0x8c
10003444:	2201      	movs	r2, #1
10003446:	4b82      	ldr	r3, [pc, #520]	@ (10003650 <_etoa+0x238>)
10003448:	4252      	negs	r2, r2
1000344a:	f7fe fff9 	bl	10002440 <__wrap___aeabi_dcmpgt>
1000344e:	2800      	cmp	r0, #0
10003450:	d000      	beq.n	10003454 <_etoa+0x3c>
10003452:	e0c0      	b.n	100035d6 <_etoa+0x1be>
10003454:	9822      	ldr	r0, [sp, #136]	@ 0x88
10003456:	9923      	ldr	r1, [sp, #140]	@ 0x8c
10003458:	2201      	movs	r2, #1
1000345a:	4b7e      	ldr	r3, [pc, #504]	@ (10003654 <_etoa+0x23c>)
1000345c:	4252      	negs	r2, r2
1000345e:	f7fe ffd9 	bl	10002414 <__wrap___aeabi_dcmplt>
10003462:	2800      	cmp	r0, #0
10003464:	d000      	beq.n	10003468 <_etoa+0x50>
10003466:	e0b6      	b.n	100035d6 <_etoa+0x1be>
10003468:	9822      	ldr	r0, [sp, #136]	@ 0x88
1000346a:	9923      	ldr	r1, [sp, #140]	@ 0x8c
1000346c:	2200      	movs	r2, #0
1000346e:	2300      	movs	r3, #0
10003470:	f7fe ffd0 	bl	10002414 <__wrap___aeabi_dcmplt>
10003474:	2800      	cmp	r0, #0
10003476:	d000      	beq.n	1000347a <_etoa+0x62>
10003478:	e1c9      	b.n	1000380e <_etoa+0x3f6>
1000347a:	9b22      	ldr	r3, [sp, #136]	@ 0x88
1000347c:	9c23      	ldr	r4, [sp, #140]	@ 0x8c
1000347e:	9308      	str	r3, [sp, #32]
10003480:	9409      	str	r4, [sp, #36]	@ 0x24
10003482:	9808      	ldr	r0, [sp, #32]
10003484:	9909      	ldr	r1, [sp, #36]	@ 0x24
10003486:	2380      	movs	r3, #128	@ 0x80
10003488:	9a26      	ldr	r2, [sp, #152]	@ 0x98
1000348a:	00db      	lsls	r3, r3, #3
1000348c:	401a      	ands	r2, r3
1000348e:	920d      	str	r2, [sp, #52]	@ 0x34
10003490:	2280      	movs	r2, #128	@ 0x80
10003492:	9c26      	ldr	r4, [sp, #152]	@ 0x98
10003494:	0112      	lsls	r2, r2, #4
10003496:	4014      	ands	r4, r2
10003498:	0022      	movs	r2, r4
1000349a:	940b      	str	r4, [sp, #44]	@ 0x2c
1000349c:	9c26      	ldr	r4, [sp, #152]	@ 0x98
1000349e:	0007      	movs	r7, r0
100034a0:	000e      	movs	r6, r1
100034a2:	421c      	tst	r4, r3
100034a4:	d000      	beq.n	100034a8 <_etoa+0x90>
100034a6:	e0ad      	b.n	10003604 <_etoa+0x1ec>
100034a8:	000b      	movs	r3, r1
100034aa:	4303      	orrs	r3, r0
100034ac:	d000      	beq.n	100034b0 <_etoa+0x98>
100034ae:	e0d5      	b.n	1000365c <_etoa+0x244>
100034b0:	2a00      	cmp	r2, #0
100034b2:	d000      	beq.n	100034b6 <_etoa+0x9e>
100034b4:	e20a      	b.n	100038cc <_etoa+0x4b4>
100034b6:	0022      	movs	r2, r4
100034b8:	3306      	adds	r3, #6
100034ba:	9324      	str	r3, [sp, #144]	@ 0x90
100034bc:	2302      	movs	r3, #2
100034be:	4013      	ands	r3, r2
100034c0:	930c      	str	r3, [sp, #48]	@ 0x30
100034c2:	2302      	movs	r3, #2
100034c4:	4213      	tst	r3, r2
100034c6:	d000      	beq.n	100034ca <_etoa+0xb2>
100034c8:	e202      	b.n	100038d0 <_etoa+0x4b8>
100034ca:	9b25      	ldr	r3, [sp, #148]	@ 0x94
100034cc:	2b04      	cmp	r3, #4
100034ce:	d200      	bcs.n	100034d2 <_etoa+0xba>
100034d0:	e20f      	b.n	100038f2 <_etoa+0x4da>
100034d2:	3b04      	subs	r3, #4
100034d4:	930b      	str	r3, [sp, #44]	@ 0x2c
100034d6:	2300      	movs	r3, #0
100034d8:	2504      	movs	r5, #4
100034da:	930a      	str	r3, [sp, #40]	@ 0x28
100034dc:	2200      	movs	r2, #0
100034de:	9822      	ldr	r0, [sp, #136]	@ 0x88
100034e0:	9923      	ldr	r1, [sp, #140]	@ 0x8c
100034e2:	2300      	movs	r3, #0
100034e4:	f7fe ff96 	bl	10002414 <__wrap___aeabi_dcmplt>
100034e8:	2800      	cmp	r0, #0
100034ea:	d000      	beq.n	100034ee <_etoa+0xd6>
100034ec:	e203      	b.n	100038f6 <_etoa+0x4de>
100034ee:	4b5a      	ldr	r3, [pc, #360]	@ (10003658 <_etoa+0x240>)
100034f0:	9a26      	ldr	r2, [sp, #152]	@ 0x98
100034f2:	4013      	ands	r3, r2
100034f4:	9304      	str	r3, [sp, #16]
100034f6:	9b0b      	ldr	r3, [sp, #44]	@ 0x2c
100034f8:	9303      	str	r3, [sp, #12]
100034fa:	9b24      	ldr	r3, [sp, #144]	@ 0x90
100034fc:	9302      	str	r3, [sp, #8]
100034fe:	9b08      	ldr	r3, [sp, #32]
10003500:	9c09      	ldr	r4, [sp, #36]	@ 0x24
10003502:	9300      	str	r3, [sp, #0]
10003504:	9401      	str	r4, [sp, #4]
10003506:	4659      	mov	r1, fp
10003508:	4643      	mov	r3, r8
1000350a:	4652      	mov	r2, sl
1000350c:	4648      	mov	r0, r9
1000350e:	f7ff fd2f 	bl	10002f70 <_ftoa>
10003512:	0002      	movs	r2, r0
10003514:	2020      	movs	r0, #32
10003516:	9b26      	ldr	r3, [sp, #152]	@ 0x98
10003518:	271f      	movs	r7, #31
1000351a:	4003      	ands	r3, r0
1000351c:	4259      	negs	r1, r3
1000351e:	414b      	adcs	r3, r1
10003520:	425b      	negs	r3, r3
10003522:	4018      	ands	r0, r3
10003524:	1c53      	adds	r3, r2, #1
10003526:	9308      	str	r3, [sp, #32]
10003528:	4659      	mov	r1, fp
1000352a:	4643      	mov	r3, r8
1000352c:	3045      	adds	r0, #69	@ 0x45
1000352e:	47c8      	blx	r9
10003530:	9a0a      	ldr	r2, [sp, #40]	@ 0x28
10003532:	17d3      	asrs	r3, r2, #31
10003534:	18d4      	adds	r4, r2, r3
10003536:	405c      	eors	r4, r3
10003538:	0fd3      	lsrs	r3, r2, #31
1000353a:	930a      	str	r3, [sp, #40]	@ 0x28
1000353c:	1e6b      	subs	r3, r5, #1
1000353e:	930b      	str	r3, [sp, #44]	@ 0x2c
10003540:	ab08      	add	r3, sp, #32
10003542:	469c      	mov	ip, r3
10003544:	2500      	movs	r5, #0
10003546:	4467      	add	r7, ip
10003548:	e001      	b.n	1000354e <_etoa+0x136>
1000354a:	2d20      	cmp	r5, #32
1000354c:	d00f      	beq.n	1000356e <_etoa+0x156>
1000354e:	0020      	movs	r0, r4
10003550:	210a      	movs	r1, #10
10003552:	f7fe fcb1 	bl	10001eb8 <__wrap___aeabi_uidiv>
10003556:	3501      	adds	r5, #1
10003558:	197e      	adds	r6, r7, r5
1000355a:	3130      	adds	r1, #48	@ 0x30
1000355c:	7031      	strb	r1, [r6, #0]
1000355e:	0020      	movs	r0, r4
10003560:	210a      	movs	r1, #10
10003562:	f7fe fca9 	bl	10001eb8 <__wrap___aeabi_uidiv>
10003566:	0026      	movs	r6, r4
10003568:	0004      	movs	r4, r0
1000356a:	2e09      	cmp	r6, #9
1000356c:	d8ed      	bhi.n	1000354a <_etoa+0x132>
1000356e:	2305      	movs	r3, #5
10003570:	9306      	str	r3, [sp, #24]
10003572:	9b0b      	ldr	r3, [sp, #44]	@ 0x2c
10003574:	4659      	mov	r1, fp
10003576:	9305      	str	r3, [sp, #20]
10003578:	2300      	movs	r3, #0
1000357a:	9304      	str	r3, [sp, #16]
1000357c:	330a      	adds	r3, #10
1000357e:	9303      	str	r3, [sp, #12]
10003580:	9b0a      	ldr	r3, [sp, #40]	@ 0x28
10003582:	4648      	mov	r0, r9
10003584:	9302      	str	r3, [sp, #8]
10003586:	ab10      	add	r3, sp, #64	@ 0x40
10003588:	9300      	str	r3, [sp, #0]
1000358a:	9a08      	ldr	r2, [sp, #32]
1000358c:	4643      	mov	r3, r8
1000358e:	9501      	str	r5, [sp, #4]
10003590:	f7ff fbf8 	bl	10002d84 <_ntoa_format>
10003594:	9b0c      	ldr	r3, [sp, #48]	@ 0x30
10003596:	2b00      	cmp	r3, #0
10003598:	d02d      	beq.n	100035f6 <_etoa+0x1de>
1000359a:	4653      	mov	r3, sl
1000359c:	1ac4      	subs	r4, r0, r3
1000359e:	9b25      	ldr	r3, [sp, #148]	@ 0x94
100035a0:	42a3      	cmp	r3, r4
100035a2:	d928      	bls.n	100035f6 <_etoa+0x1de>
100035a4:	464d      	mov	r5, r9
100035a6:	465f      	mov	r7, fp
100035a8:	4681      	mov	r9, r0
100035aa:	001e      	movs	r6, r3
100035ac:	4653      	mov	r3, sl
100035ae:	0039      	movs	r1, r7
100035b0:	191a      	adds	r2, r3, r4
100035b2:	2020      	movs	r0, #32
100035b4:	4643      	mov	r3, r8
100035b6:	3401      	adds	r4, #1
100035b8:	47a8      	blx	r5
100035ba:	42a6      	cmp	r6, r4
100035bc:	d8f6      	bhi.n	100035ac <_etoa+0x194>
100035be:	4653      	mov	r3, sl
100035c0:	4648      	mov	r0, r9
100035c2:	9925      	ldr	r1, [sp, #148]	@ 0x94
100035c4:	1ac2      	subs	r2, r0, r3
100035c6:	3201      	adds	r2, #1
100035c8:	2300      	movs	r3, #0
100035ca:	4291      	cmp	r1, r2
100035cc:	d300      	bcc.n	100035d0 <_etoa+0x1b8>
100035ce:	e186      	b.n	100038de <_etoa+0x4c6>
100035d0:	3001      	adds	r0, #1
100035d2:	1818      	adds	r0, r3, r0
100035d4:	e00f      	b.n	100035f6 <_etoa+0x1de>
100035d6:	9b26      	ldr	r3, [sp, #152]	@ 0x98
100035d8:	9304      	str	r3, [sp, #16]
100035da:	9b25      	ldr	r3, [sp, #148]	@ 0x94
100035dc:	9303      	str	r3, [sp, #12]
100035de:	9b24      	ldr	r3, [sp, #144]	@ 0x90
100035e0:	9302      	str	r3, [sp, #8]
100035e2:	9b22      	ldr	r3, [sp, #136]	@ 0x88
100035e4:	9c23      	ldr	r4, [sp, #140]	@ 0x8c
100035e6:	9300      	str	r3, [sp, #0]
100035e8:	9401      	str	r4, [sp, #4]
100035ea:	4643      	mov	r3, r8
100035ec:	4652      	mov	r2, sl
100035ee:	4659      	mov	r1, fp
100035f0:	4648      	mov	r0, r9
100035f2:	f7ff fcbd 	bl	10002f70 <_ftoa>
100035f6:	b019      	add	sp, #100	@ 0x64
100035f8:	bcf0      	pop	{r4, r5, r6, r7}
100035fa:	46bb      	mov	fp, r7
100035fc:	46b2      	mov	sl, r6
100035fe:	46a9      	mov	r9, r5
10003600:	46a0      	mov	r8, r4
10003602:	bdf0      	pop	{r4, r5, r6, r7, pc}
10003604:	4301      	orrs	r1, r0
10003606:	d12b      	bne.n	10003660 <_etoa+0x248>
10003608:	9b0b      	ldr	r3, [sp, #44]	@ 0x2c
1000360a:	0022      	movs	r2, r4
1000360c:	2b00      	cmp	r3, #0
1000360e:	d100      	bne.n	10003612 <_etoa+0x1fa>
10003610:	e754      	b.n	100034bc <_etoa+0xa4>
10003612:	2300      	movs	r3, #0
10003614:	930a      	str	r3, [sp, #40]	@ 0x28
10003616:	9b24      	ldr	r3, [sp, #144]	@ 0x90
10003618:	9a0a      	ldr	r2, [sp, #40]	@ 0x28
1000361a:	2400      	movs	r4, #0
1000361c:	4293      	cmp	r3, r2
1000361e:	dd00      	ble.n	10003622 <_etoa+0x20a>
10003620:	e185      	b.n	1000392e <_etoa+0x516>
10003622:	9822      	ldr	r0, [sp, #136]	@ 0x88
10003624:	9923      	ldr	r1, [sp, #140]	@ 0x8c
10003626:	2200      	movs	r2, #0
10003628:	2300      	movs	r3, #0
1000362a:	f7fe fef3 	bl	10002414 <__wrap___aeabi_dcmplt>
1000362e:	2800      	cmp	r0, #0
10003630:	d000      	beq.n	10003634 <_etoa+0x21c>
10003632:	e135      	b.n	100038a0 <_etoa+0x488>
10003634:	9b26      	ldr	r3, [sp, #152]	@ 0x98
10003636:	4a08      	ldr	r2, [pc, #32]	@ (10003658 <_etoa+0x240>)
10003638:	9402      	str	r4, [sp, #8]
1000363a:	401a      	ands	r2, r3
1000363c:	2380      	movs	r3, #128	@ 0x80
1000363e:	00db      	lsls	r3, r3, #3
10003640:	4313      	orrs	r3, r2
10003642:	9304      	str	r3, [sp, #16]
10003644:	9b25      	ldr	r3, [sp, #148]	@ 0x94
10003646:	9303      	str	r3, [sp, #12]
10003648:	9b08      	ldr	r3, [sp, #32]
1000364a:	9c09      	ldr	r4, [sp, #36]	@ 0x24
1000364c:	e7cb      	b.n	100035e6 <_etoa+0x1ce>
1000364e:	46c0      	nop			@ (mov r8, r8)
10003650:	7fefffff 	.word	0x7fefffff
10003654:	ffefffff 	.word	0xffefffff
10003658:	fffff7ff 	.word	0xfffff7ff
1000365c:	2306      	movs	r3, #6
1000365e:	9324      	str	r3, [sp, #144]	@ 0x90
10003660:	4bb4      	ldr	r3, [pc, #720]	@ (10003934 <_etoa+0x51c>)
10003662:	0070      	lsls	r0, r6, #1
10003664:	469c      	mov	ip, r3
10003666:	0d40      	lsrs	r0, r0, #21
10003668:	4460      	add	r0, ip
1000366a:	f7fe feff 	bl	1000246c <__wrap___aeabi_i2d>
1000366e:	4ab2      	ldr	r2, [pc, #712]	@ (10003938 <_etoa+0x520>)
10003670:	4bb2      	ldr	r3, [pc, #712]	@ (1000393c <_etoa+0x524>)
10003672:	f7fe fe8c 	bl	1000238e <__wrap___aeabi_dmul>
10003676:	4ab2      	ldr	r2, [pc, #712]	@ (10003940 <_etoa+0x528>)
10003678:	4bb2      	ldr	r3, [pc, #712]	@ (10003944 <_etoa+0x52c>)
1000367a:	f7fe fe61 	bl	10002340 <__wrap___aeabi_dadd>
1000367e:	0336      	lsls	r6, r6, #12
10003680:	4bb1      	ldr	r3, [pc, #708]	@ (10003948 <_etoa+0x530>)
10003682:	0b36      	lsrs	r6, r6, #12
10003684:	4333      	orrs	r3, r6
10003686:	0004      	movs	r4, r0
10003688:	000d      	movs	r5, r1
1000368a:	0038      	movs	r0, r7
1000368c:	0019      	movs	r1, r3
1000368e:	2200      	movs	r2, #0
10003690:	4bae      	ldr	r3, [pc, #696]	@ (1000394c <_etoa+0x534>)
10003692:	f7fe fe4c 	bl	1000232e <__wrap___aeabi_dsub>
10003696:	4aae      	ldr	r2, [pc, #696]	@ (10003950 <_etoa+0x538>)
10003698:	4bae      	ldr	r3, [pc, #696]	@ (10003954 <_etoa+0x53c>)
1000369a:	f7fe fe78 	bl	1000238e <__wrap___aeabi_dmul>
1000369e:	0002      	movs	r2, r0
100036a0:	000b      	movs	r3, r1
100036a2:	0020      	movs	r0, r4
100036a4:	0029      	movs	r1, r5
100036a6:	f7fe fe4b 	bl	10002340 <__wrap___aeabi_dadd>
100036aa:	f7fe fef7 	bl	1000249c <__wrap___aeabi_d2iz>
100036ae:	900a      	str	r0, [sp, #40]	@ 0x28
100036b0:	f7fe fedc 	bl	1000246c <__wrap___aeabi_i2d>
100036b4:	4aa8      	ldr	r2, [pc, #672]	@ (10003958 <_etoa+0x540>)
100036b6:	4ba9      	ldr	r3, [pc, #676]	@ (1000395c <_etoa+0x544>)
100036b8:	0004      	movs	r4, r0
100036ba:	000d      	movs	r5, r1
100036bc:	f7fe fe67 	bl	1000238e <__wrap___aeabi_dmul>
100036c0:	2200      	movs	r2, #0
100036c2:	4ba7      	ldr	r3, [pc, #668]	@ (10003960 <_etoa+0x548>)
100036c4:	f7fe fe3c 	bl	10002340 <__wrap___aeabi_dadd>
100036c8:	f7fe fee8 	bl	1000249c <__wrap___aeabi_d2iz>
100036cc:	4aa5      	ldr	r2, [pc, #660]	@ (10003964 <_etoa+0x54c>)
100036ce:	0006      	movs	r6, r0
100036d0:	4ba5      	ldr	r3, [pc, #660]	@ (10003968 <_etoa+0x550>)
100036d2:	0020      	movs	r0, r4
100036d4:	0029      	movs	r1, r5
100036d6:	f7fe fe5a 	bl	1000238e <__wrap___aeabi_dmul>
100036da:	0004      	movs	r4, r0
100036dc:	0030      	movs	r0, r6
100036de:	000d      	movs	r5, r1
100036e0:	960c      	str	r6, [sp, #48]	@ 0x30
100036e2:	f7fe fec3 	bl	1000246c <__wrap___aeabi_i2d>
100036e6:	4aa1      	ldr	r2, [pc, #644]	@ (1000396c <_etoa+0x554>)
100036e8:	4ba1      	ldr	r3, [pc, #644]	@ (10003970 <_etoa+0x558>)
100036ea:	f7fe fe50 	bl	1000238e <__wrap___aeabi_dmul>
100036ee:	0002      	movs	r2, r0
100036f0:	000b      	movs	r3, r1
100036f2:	0020      	movs	r0, r4
100036f4:	0029      	movs	r1, r5
100036f6:	f7fe fe1a 	bl	1000232e <__wrap___aeabi_dsub>
100036fa:	0002      	movs	r2, r0
100036fc:	000b      	movs	r3, r1
100036fe:	0006      	movs	r6, r0
10003700:	000f      	movs	r7, r1
10003702:	f7fe fe44 	bl	1000238e <__wrap___aeabi_dmul>
10003706:	0032      	movs	r2, r6
10003708:	0004      	movs	r4, r0
1000370a:	000d      	movs	r5, r1
1000370c:	003b      	movs	r3, r7
1000370e:	0030      	movs	r0, r6
10003710:	0039      	movs	r1, r7
10003712:	f7fe fe15 	bl	10002340 <__wrap___aeabi_dadd>
10003716:	2200      	movs	r2, #0
10003718:	900e      	str	r0, [sp, #56]	@ 0x38
1000371a:	910f      	str	r1, [sp, #60]	@ 0x3c
1000371c:	4b95      	ldr	r3, [pc, #596]	@ (10003974 <_etoa+0x55c>)
1000371e:	0020      	movs	r0, r4
10003720:	0029      	movs	r1, r5
10003722:	f7fe fe16 	bl	10002352 <__wrap___aeabi_ddiv>
10003726:	2200      	movs	r2, #0
10003728:	4b93      	ldr	r3, [pc, #588]	@ (10003978 <_etoa+0x560>)
1000372a:	f7fe fe09 	bl	10002340 <__wrap___aeabi_dadd>
1000372e:	0002      	movs	r2, r0
10003730:	000b      	movs	r3, r1
10003732:	0020      	movs	r0, r4
10003734:	0029      	movs	r1, r5
10003736:	f7fe fe0c 	bl	10002352 <__wrap___aeabi_ddiv>
1000373a:	2200      	movs	r2, #0
1000373c:	4b8f      	ldr	r3, [pc, #572]	@ (1000397c <_etoa+0x564>)
1000373e:	f7fe fdff 	bl	10002340 <__wrap___aeabi_dadd>
10003742:	0002      	movs	r2, r0
10003744:	000b      	movs	r3, r1
10003746:	0020      	movs	r0, r4
10003748:	0029      	movs	r1, r5
1000374a:	f7fe fe02 	bl	10002352 <__wrap___aeabi_ddiv>
1000374e:	000d      	movs	r5, r1
10003750:	2180      	movs	r1, #128	@ 0x80
10003752:	0004      	movs	r4, r0
10003754:	0032      	movs	r2, r6
10003756:	003b      	movs	r3, r7
10003758:	2000      	movs	r0, #0
1000375a:	05c9      	lsls	r1, r1, #23
1000375c:	f7fe fde7 	bl	1000232e <__wrap___aeabi_dsub>
10003760:	0002      	movs	r2, r0
10003762:	000b      	movs	r3, r1
10003764:	0020      	movs	r0, r4
10003766:	0029      	movs	r1, r5
10003768:	f7fe fdea 	bl	10002340 <__wrap___aeabi_dadd>
1000376c:	0002      	movs	r2, r0
1000376e:	000b      	movs	r3, r1
10003770:	980e      	ldr	r0, [sp, #56]	@ 0x38
10003772:	990f      	ldr	r1, [sp, #60]	@ 0x3c
10003774:	f7fe fded 	bl	10002352 <__wrap___aeabi_ddiv>
10003778:	2200      	movs	r2, #0
1000377a:	4b73      	ldr	r3, [pc, #460]	@ (10003948 <_etoa+0x530>)
1000377c:	f7fe fde0 	bl	10002340 <__wrap___aeabi_dadd>
10003780:	4b7f      	ldr	r3, [pc, #508]	@ (10003980 <_etoa+0x568>)
10003782:	9c0c      	ldr	r4, [sp, #48]	@ 0x30
10003784:	469c      	mov	ip, r3
10003786:	4464      	add	r4, ip
10003788:	2200      	movs	r2, #0
1000378a:	0523      	lsls	r3, r4, #20
1000378c:	f7fe fdff 	bl	1000238e <__wrap___aeabi_dmul>
10003790:	0006      	movs	r6, r0
10003792:	000f      	movs	r7, r1
10003794:	0002      	movs	r2, r0
10003796:	000b      	movs	r3, r1
10003798:	9808      	ldr	r0, [sp, #32]
1000379a:	9909      	ldr	r1, [sp, #36]	@ 0x24
1000379c:	f7fe fe3a 	bl	10002414 <__wrap___aeabi_dcmplt>
100037a0:	2800      	cmp	r0, #0
100037a2:	d00a      	beq.n	100037ba <_etoa+0x3a2>
100037a4:	9b0a      	ldr	r3, [sp, #40]	@ 0x28
100037a6:	0030      	movs	r0, r6
100037a8:	3b01      	subs	r3, #1
100037aa:	0039      	movs	r1, r7
100037ac:	930a      	str	r3, [sp, #40]	@ 0x28
100037ae:	2200      	movs	r2, #0
100037b0:	4b71      	ldr	r3, [pc, #452]	@ (10003978 <_etoa+0x560>)
100037b2:	f7fe fdce 	bl	10002352 <__wrap___aeabi_ddiv>
100037b6:	0006      	movs	r6, r0
100037b8:	000f      	movs	r7, r1
100037ba:	9a0a      	ldr	r2, [sp, #40]	@ 0x28
100037bc:	0033      	movs	r3, r6
100037be:	3263      	adds	r2, #99	@ 0x63
100037c0:	0039      	movs	r1, r7
100037c2:	2ac6      	cmp	r2, #198	@ 0xc6
100037c4:	d812      	bhi.n	100037ec <_etoa+0x3d4>
100037c6:	2202      	movs	r2, #2
100037c8:	9826      	ldr	r0, [sp, #152]	@ 0x98
100037ca:	2504      	movs	r5, #4
100037cc:	4010      	ands	r0, r2
100037ce:	9a0b      	ldr	r2, [sp, #44]	@ 0x2c
100037d0:	900c      	str	r0, [sp, #48]	@ 0x30
100037d2:	2a00      	cmp	r2, #0
100037d4:	d125      	bne.n	10003822 <_etoa+0x40a>
100037d6:	9b25      	ldr	r3, [sp, #148]	@ 0x94
100037d8:	2b04      	cmp	r3, #4
100037da:	d905      	bls.n	100037e8 <_etoa+0x3d0>
100037dc:	2800      	cmp	r0, #0
100037de:	d000      	beq.n	100037e2 <_etoa+0x3ca>
100037e0:	e0a1      	b.n	10003926 <_etoa+0x50e>
100037e2:	9b25      	ldr	r3, [sp, #148]	@ 0x94
100037e4:	3b04      	subs	r3, #4
100037e6:	930b      	str	r3, [sp, #44]	@ 0x2c
100037e8:	2504      	movs	r5, #4
100037ea:	e041      	b.n	10003870 <_etoa+0x458>
100037ec:	2202      	movs	r2, #2
100037ee:	9826      	ldr	r0, [sp, #152]	@ 0x98
100037f0:	4010      	ands	r0, r2
100037f2:	9a0b      	ldr	r2, [sp, #44]	@ 0x2c
100037f4:	900c      	str	r0, [sp, #48]	@ 0x30
100037f6:	2a00      	cmp	r2, #0
100037f8:	d112      	bne.n	10003820 <_etoa+0x408>
100037fa:	9b25      	ldr	r3, [sp, #148]	@ 0x94
100037fc:	2b05      	cmp	r3, #5
100037fe:	d976      	bls.n	100038ee <_etoa+0x4d6>
10003800:	2800      	cmp	r0, #0
10003802:	d172      	bne.n	100038ea <_etoa+0x4d2>
10003804:	9b25      	ldr	r3, [sp, #148]	@ 0x94
10003806:	2505      	movs	r5, #5
10003808:	3b05      	subs	r3, #5
1000380a:	930b      	str	r3, [sp, #44]	@ 0x2c
1000380c:	e034      	b.n	10003878 <_etoa+0x460>
1000380e:	2280      	movs	r2, #128	@ 0x80
10003810:	0612      	lsls	r2, r2, #24
10003812:	4694      	mov	ip, r2
10003814:	9b22      	ldr	r3, [sp, #136]	@ 0x88
10003816:	9308      	str	r3, [sp, #32]
10003818:	9b23      	ldr	r3, [sp, #140]	@ 0x8c
1000381a:	4463      	add	r3, ip
1000381c:	9309      	str	r3, [sp, #36]	@ 0x24
1000381e:	e630      	b.n	10003482 <_etoa+0x6a>
10003820:	2505      	movs	r5, #5
10003822:	430b      	orrs	r3, r1
10003824:	d100      	bne.n	10003828 <_etoa+0x410>
10003826:	e6f6      	b.n	10003616 <_etoa+0x1fe>
10003828:	9808      	ldr	r0, [sp, #32]
1000382a:	9909      	ldr	r1, [sp, #36]	@ 0x24
1000382c:	4a55      	ldr	r2, [pc, #340]	@ (10003984 <_etoa+0x56c>)
1000382e:	4b56      	ldr	r3, [pc, #344]	@ (10003988 <_etoa+0x570>)
10003830:	f7fe fdfe 	bl	10002430 <__wrap___aeabi_dcmpge>
10003834:	2800      	cmp	r0, #0
10003836:	d008      	beq.n	1000384a <_etoa+0x432>
10003838:	9808      	ldr	r0, [sp, #32]
1000383a:	9909      	ldr	r1, [sp, #36]	@ 0x24
1000383c:	2200      	movs	r2, #0
1000383e:	4b53      	ldr	r3, [pc, #332]	@ (1000398c <_etoa+0x574>)
10003840:	f7fe fde8 	bl	10002414 <__wrap___aeabi_dcmplt>
10003844:	2800      	cmp	r0, #0
10003846:	d000      	beq.n	1000384a <_etoa+0x432>
10003848:	e6e5      	b.n	10003616 <_etoa+0x1fe>
1000384a:	9b24      	ldr	r3, [sp, #144]	@ 0x90
1000384c:	2b00      	cmp	r3, #0
1000384e:	d01c      	beq.n	1000388a <_etoa+0x472>
10003850:	9b0d      	ldr	r3, [sp, #52]	@ 0x34
10003852:	2b00      	cmp	r3, #0
10003854:	d019      	beq.n	1000388a <_etoa+0x472>
10003856:	9b24      	ldr	r3, [sp, #144]	@ 0x90
10003858:	3b01      	subs	r3, #1
1000385a:	9324      	str	r3, [sp, #144]	@ 0x90
1000385c:	9b25      	ldr	r3, [sp, #148]	@ 0x94
1000385e:	42ab      	cmp	r3, r5
10003860:	d904      	bls.n	1000386c <_etoa+0x454>
10003862:	9b0c      	ldr	r3, [sp, #48]	@ 0x30
10003864:	2b00      	cmp	r3, #0
10003866:	d05a      	beq.n	1000391e <_etoa+0x506>
10003868:	2302      	movs	r3, #2
1000386a:	930c      	str	r3, [sp, #48]	@ 0x30
1000386c:	2300      	movs	r3, #0
1000386e:	930b      	str	r3, [sp, #44]	@ 0x2c
10003870:	9b0a      	ldr	r3, [sp, #40]	@ 0x28
10003872:	2b00      	cmp	r3, #0
10003874:	d100      	bne.n	10003878 <_etoa+0x460>
10003876:	e631      	b.n	100034dc <_etoa+0xc4>
10003878:	9808      	ldr	r0, [sp, #32]
1000387a:	9909      	ldr	r1, [sp, #36]	@ 0x24
1000387c:	0032      	movs	r2, r6
1000387e:	003b      	movs	r3, r7
10003880:	f7fe fd67 	bl	10002352 <__wrap___aeabi_ddiv>
10003884:	9008      	str	r0, [sp, #32]
10003886:	9109      	str	r1, [sp, #36]	@ 0x24
10003888:	e628      	b.n	100034dc <_etoa+0xc4>
1000388a:	9b25      	ldr	r3, [sp, #148]	@ 0x94
1000388c:	42ab      	cmp	r3, r5
1000388e:	d9ed      	bls.n	1000386c <_etoa+0x454>
10003890:	9b0c      	ldr	r3, [sp, #48]	@ 0x30
10003892:	2b00      	cmp	r3, #0
10003894:	d043      	beq.n	1000391e <_etoa+0x506>
10003896:	2300      	movs	r3, #0
10003898:	930b      	str	r3, [sp, #44]	@ 0x2c
1000389a:	3302      	adds	r3, #2
1000389c:	930c      	str	r3, [sp, #48]	@ 0x30
1000389e:	e7e7      	b.n	10003870 <_etoa+0x458>
100038a0:	2080      	movs	r0, #128	@ 0x80
100038a2:	9b26      	ldr	r3, [sp, #152]	@ 0x98
100038a4:	4a3a      	ldr	r2, [pc, #232]	@ (10003990 <_etoa+0x578>)
100038a6:	0600      	lsls	r0, r0, #24
100038a8:	401a      	ands	r2, r3
100038aa:	2380      	movs	r3, #128	@ 0x80
100038ac:	4684      	mov	ip, r0
100038ae:	9402      	str	r4, [sp, #8]
100038b0:	9c08      	ldr	r4, [sp, #32]
100038b2:	9d09      	ldr	r5, [sp, #36]	@ 0x24
100038b4:	0029      	movs	r1, r5
100038b6:	00db      	lsls	r3, r3, #3
100038b8:	4313      	orrs	r3, r2
100038ba:	9304      	str	r3, [sp, #16]
100038bc:	9b25      	ldr	r3, [sp, #148]	@ 0x94
100038be:	4461      	add	r1, ip
100038c0:	0022      	movs	r2, r4
100038c2:	9303      	str	r3, [sp, #12]
100038c4:	000b      	movs	r3, r1
100038c6:	9200      	str	r2, [sp, #0]
100038c8:	9301      	str	r3, [sp, #4]
100038ca:	e68e      	b.n	100035ea <_etoa+0x1d2>
100038cc:	2405      	movs	r4, #5
100038ce:	e6a8      	b.n	10003622 <_etoa+0x20a>
100038d0:	2300      	movs	r3, #0
100038d2:	930b      	str	r3, [sp, #44]	@ 0x2c
100038d4:	930a      	str	r3, [sp, #40]	@ 0x28
100038d6:	3302      	adds	r3, #2
100038d8:	2504      	movs	r5, #4
100038da:	930c      	str	r3, [sp, #48]	@ 0x30
100038dc:	e5fe      	b.n	100034dc <_etoa+0xc4>
100038de:	4653      	mov	r3, sl
100038e0:	468c      	mov	ip, r1
100038e2:	3b01      	subs	r3, #1
100038e4:	4463      	add	r3, ip
100038e6:	1a1b      	subs	r3, r3, r0
100038e8:	e672      	b.n	100035d0 <_etoa+0x1b8>
100038ea:	2302      	movs	r3, #2
100038ec:	930c      	str	r3, [sp, #48]	@ 0x30
100038ee:	2505      	movs	r5, #5
100038f0:	e7c2      	b.n	10003878 <_etoa+0x460>
100038f2:	2304      	movs	r3, #4
100038f4:	e5ed      	b.n	100034d2 <_etoa+0xba>
100038f6:	2080      	movs	r0, #128	@ 0x80
100038f8:	9e08      	ldr	r6, [sp, #32]
100038fa:	9f09      	ldr	r7, [sp, #36]	@ 0x24
100038fc:	0600      	lsls	r0, r0, #24
100038fe:	0039      	movs	r1, r7
10003900:	4684      	mov	ip, r0
10003902:	9a26      	ldr	r2, [sp, #152]	@ 0x98
10003904:	4b22      	ldr	r3, [pc, #136]	@ (10003990 <_etoa+0x578>)
10003906:	4461      	add	r1, ip
10003908:	4013      	ands	r3, r2
1000390a:	9304      	str	r3, [sp, #16]
1000390c:	9b0b      	ldr	r3, [sp, #44]	@ 0x2c
1000390e:	0032      	movs	r2, r6
10003910:	9303      	str	r3, [sp, #12]
10003912:	9b24      	ldr	r3, [sp, #144]	@ 0x90
10003914:	9302      	str	r3, [sp, #8]
10003916:	000b      	movs	r3, r1
10003918:	9200      	str	r2, [sp, #0]
1000391a:	9301      	str	r3, [sp, #4]
1000391c:	e5f3      	b.n	10003506 <_etoa+0xee>
1000391e:	9b25      	ldr	r3, [sp, #148]	@ 0x94
10003920:	1b5b      	subs	r3, r3, r5
10003922:	930b      	str	r3, [sp, #44]	@ 0x2c
10003924:	e7a4      	b.n	10003870 <_etoa+0x458>
10003926:	2302      	movs	r3, #2
10003928:	2504      	movs	r5, #4
1000392a:	930c      	str	r3, [sp, #48]	@ 0x30
1000392c:	e7a0      	b.n	10003870 <_etoa+0x458>
1000392e:	1a9c      	subs	r4, r3, r2
10003930:	3c01      	subs	r4, #1
10003932:	e676      	b.n	10003622 <_etoa+0x20a>
10003934:	fffffc01 	.word	0xfffffc01
10003938:	509f79fb 	.word	0x509f79fb
1000393c:	3fd34413 	.word	0x3fd34413
10003940:	8b60c8b3 	.word	0x8b60c8b3
10003944:	3fc68a28 	.word	0x3fc68a28
10003948:	3ff00000 	.word	0x3ff00000
1000394c:	3ff80000 	.word	0x3ff80000
10003950:	636f4361 	.word	0x636f4361
10003954:	3fd287a7 	.word	0x3fd287a7
10003958:	0979a371 	.word	0x0979a371
1000395c:	400a934f 	.word	0x400a934f
10003960:	3fe00000 	.word	0x3fe00000
10003964:	bbb55516 	.word	0xbbb55516
10003968:	40026bb1 	.word	0x40026bb1
1000396c:	fefa39ef 	.word	0xfefa39ef
10003970:	3fe62e42 	.word	0x3fe62e42
10003974:	402c0000 	.word	0x402c0000
10003978:	40240000 	.word	0x40240000
1000397c:	40180000 	.word	0x40180000
10003980:	000003ff 	.word	0x000003ff
10003984:	eb1c432d 	.word	0xeb1c432d
10003988:	3f1a36e2 	.word	0x3f1a36e2
1000398c:	412e8480 	.word	0x412e8480
10003990:	fffff7ff 	.word	0xfffff7ff

10003994 <_vsnprintf>:
10003994:	b5f0      	push	{r4, r5, r6, r7, lr}
10003996:	46de      	mov	lr, fp
10003998:	4657      	mov	r7, sl
1000399a:	464e      	mov	r6, r9
1000399c:	4645      	mov	r5, r8
1000399e:	b5e0      	push	{r5, r6, r7, lr}
100039a0:	b0a5      	sub	sp, #148	@ 0x94
100039a2:	001e      	movs	r6, r3
100039a4:	9b2e      	ldr	r3, [sp, #184]	@ 0xb8
100039a6:	4692      	mov	sl, r2
100039a8:	930c      	str	r3, [sp, #48]	@ 0x30
100039aa:	4acd      	ldr	r2, [pc, #820]	@ (10003ce0 <_vsnprintf+0x34c>)
100039ac:	4bcd      	ldr	r3, [pc, #820]	@ (10003ce4 <_vsnprintf+0x350>)
100039ae:	4680      	mov	r8, r0
100039b0:	468b      	mov	fp, r1
100039b2:	601a      	str	r2, [r3, #0]
100039b4:	2900      	cmp	r1, #0
100039b6:	d100      	bne.n	100039ba <_vsnprintf+0x26>
100039b8:	e1ea      	b.n	10003d90 <_vsnprintf+0x3fc>
100039ba:	2300      	movs	r3, #0
100039bc:	7830      	ldrb	r0, [r6, #0]
100039be:	4699      	mov	r9, r3
100039c0:	2800      	cmp	r0, #0
100039c2:	d100      	bne.n	100039c6 <_vsnprintf+0x32>
100039c4:	e1ec      	b.n	10003da0 <_vsnprintf+0x40c>
100039c6:	4bc8      	ldr	r3, [pc, #800]	@ (10003ce8 <_vsnprintf+0x354>)
100039c8:	464c      	mov	r4, r9
100039ca:	930b      	str	r3, [sp, #44]	@ 0x2c
100039cc:	4bc7      	ldr	r3, [pc, #796]	@ (10003cec <_vsnprintf+0x358>)
100039ce:	4645      	mov	r5, r8
100039d0:	4657      	mov	r7, sl
100039d2:	930e      	str	r3, [sp, #56]	@ 0x38
100039d4:	e00a      	b.n	100039ec <_vsnprintf+0x58>
100039d6:	1c63      	adds	r3, r4, #1
100039d8:	4698      	mov	r8, r3
100039da:	0022      	movs	r2, r4
100039dc:	003b      	movs	r3, r7
100039de:	4659      	mov	r1, fp
100039e0:	47a8      	blx	r5
100039e2:	4644      	mov	r4, r8
100039e4:	7830      	ldrb	r0, [r6, #0]
100039e6:	2800      	cmp	r0, #0
100039e8:	d100      	bne.n	100039ec <_vsnprintf+0x58>
100039ea:	e087      	b.n	10003afc <_vsnprintf+0x168>
100039ec:	3601      	adds	r6, #1
100039ee:	2825      	cmp	r0, #37	@ 0x25
100039f0:	d1f1      	bne.n	100039d6 <_vsnprintf+0x42>
100039f2:	2308      	movs	r3, #8
100039f4:	469a      	mov	sl, r3
100039f6:	3b04      	subs	r3, #4
100039f8:	4699      	mov	r9, r3
100039fa:	3b02      	subs	r3, #2
100039fc:	4698      	mov	r8, r3
100039fe:	3b01      	subs	r3, #1
10003a00:	2200      	movs	r2, #0
10003a02:	469c      	mov	ip, r3
10003a04:	940d      	str	r4, [sp, #52]	@ 0x34
10003a06:	7830      	ldrb	r0, [r6, #0]
10003a08:	1c71      	adds	r1, r6, #1
10003a0a:	0003      	movs	r3, r0
10003a0c:	3b20      	subs	r3, #32
10003a0e:	b2db      	uxtb	r3, r3
10003a10:	2b10      	cmp	r3, #16
10003a12:	d803      	bhi.n	10003a1c <_vsnprintf+0x88>
10003a14:	9c0b      	ldr	r4, [sp, #44]	@ 0x2c
10003a16:	009b      	lsls	r3, r3, #2
10003a18:	58e3      	ldr	r3, [r4, r3]
10003a1a:	469f      	mov	pc, r3
10003a1c:	0003      	movs	r3, r0
10003a1e:	3b30      	subs	r3, #48	@ 0x30
10003a20:	4689      	mov	r9, r1
10003a22:	9c0d      	ldr	r4, [sp, #52]	@ 0x34
10003a24:	2b09      	cmp	r3, #9
10003a26:	d93a      	bls.n	10003a9e <_vsnprintf+0x10a>
10003a28:	2300      	movs	r3, #0
10003a2a:	4698      	mov	r8, r3
10003a2c:	282a      	cmp	r0, #42	@ 0x2a
10003a2e:	d100      	bne.n	10003a32 <_vsnprintf+0x9e>
10003a30:	e0c1      	b.n	10003bb6 <_vsnprintf+0x222>
10003a32:	2300      	movs	r3, #0
10003a34:	469a      	mov	sl, r3
10003a36:	282e      	cmp	r0, #46	@ 0x2e
10003a38:	d04b      	beq.n	10003ad2 <_vsnprintf+0x13e>
10003a3a:	0003      	movs	r3, r0
10003a3c:	3b68      	subs	r3, #104	@ 0x68
10003a3e:	b2db      	uxtb	r3, r3
10003a40:	2b12      	cmp	r3, #18
10003a42:	d81e      	bhi.n	10003a82 <_vsnprintf+0xee>
10003a44:	990e      	ldr	r1, [sp, #56]	@ 0x38
10003a46:	009b      	lsls	r3, r3, #2
10003a48:	58cb      	ldr	r3, [r1, r3]
10003a4a:	469f      	mov	pc, r3
10003a4c:	4663      	mov	r3, ip
10003a4e:	000e      	movs	r6, r1
10003a50:	431a      	orrs	r2, r3
10003a52:	e7d8      	b.n	10003a06 <_vsnprintf+0x72>
10003a54:	4643      	mov	r3, r8
10003a56:	000e      	movs	r6, r1
10003a58:	431a      	orrs	r2, r3
10003a5a:	e7d4      	b.n	10003a06 <_vsnprintf+0x72>
10003a5c:	464b      	mov	r3, r9
10003a5e:	000e      	movs	r6, r1
10003a60:	431a      	orrs	r2, r3
10003a62:	e7d0      	b.n	10003a06 <_vsnprintf+0x72>
10003a64:	2310      	movs	r3, #16
10003a66:	000e      	movs	r6, r1
10003a68:	431a      	orrs	r2, r3
10003a6a:	e7cc      	b.n	10003a06 <_vsnprintf+0x72>
10003a6c:	4653      	mov	r3, sl
10003a6e:	000e      	movs	r6, r1
10003a70:	431a      	orrs	r2, r3
10003a72:	e7c8      	b.n	10003a06 <_vsnprintf+0x72>
10003a74:	2380      	movs	r3, #128	@ 0x80
10003a76:	005b      	lsls	r3, r3, #1
10003a78:	431a      	orrs	r2, r3
10003a7a:	3bff      	subs	r3, #255	@ 0xff
10003a7c:	469c      	mov	ip, r3
10003a7e:	7870      	ldrb	r0, [r6, #1]
10003a80:	44e1      	add	r9, ip
10003a82:	464e      	mov	r6, r9
10003a84:	2867      	cmp	r0, #103	@ 0x67
10003a86:	d84f      	bhi.n	10003b28 <_vsnprintf+0x194>
10003a88:	2824      	cmp	r0, #36	@ 0x24
10003a8a:	d9a4      	bls.n	100039d6 <_vsnprintf+0x42>
10003a8c:	0003      	movs	r3, r0
10003a8e:	3b25      	subs	r3, #37	@ 0x25
10003a90:	b2db      	uxtb	r3, r3
10003a92:	2b42      	cmp	r3, #66	@ 0x42
10003a94:	d89f      	bhi.n	100039d6 <_vsnprintf+0x42>
10003a96:	4996      	ldr	r1, [pc, #600]	@ (10003cf0 <_vsnprintf+0x35c>)
10003a98:	009b      	lsls	r3, r3, #2
10003a9a:	58cb      	ldr	r3, [r1, r3]
10003a9c:	469f      	mov	pc, r3
10003a9e:	2300      	movs	r3, #0
10003aa0:	4694      	mov	ip, r2
10003aa2:	001e      	movs	r6, r3
10003aa4:	e000      	b.n	10003aa8 <_vsnprintf+0x114>
10003aa6:	3101      	adds	r1, #1
10003aa8:	00b3      	lsls	r3, r6, #2
10003aaa:	199b      	adds	r3, r3, r6
10003aac:	005b      	lsls	r3, r3, #1
10003aae:	181e      	adds	r6, r3, r0
10003ab0:	7808      	ldrb	r0, [r1, #0]
10003ab2:	3e30      	subs	r6, #48	@ 0x30
10003ab4:	0003      	movs	r3, r0
10003ab6:	3b30      	subs	r3, #48	@ 0x30
10003ab8:	2b09      	cmp	r3, #9
10003aba:	d9f4      	bls.n	10003aa6 <_vsnprintf+0x112>
10003abc:	2301      	movs	r3, #1
10003abe:	4662      	mov	r2, ip
10003ac0:	4689      	mov	r9, r1
10003ac2:	469c      	mov	ip, r3
10003ac4:	2300      	movs	r3, #0
10003ac6:	46b0      	mov	r8, r6
10003ac8:	469a      	mov	sl, r3
10003aca:	000e      	movs	r6, r1
10003acc:	44e1      	add	r9, ip
10003ace:	282e      	cmp	r0, #46	@ 0x2e
10003ad0:	d1b3      	bne.n	10003a3a <_vsnprintf+0xa6>
10003ad2:	2130      	movs	r1, #48	@ 0x30
10003ad4:	2080      	movs	r0, #128	@ 0x80
10003ad6:	4249      	negs	r1, r1
10003ad8:	468c      	mov	ip, r1
10003ada:	00c0      	lsls	r0, r0, #3
10003adc:	4302      	orrs	r2, r0
10003ade:	7870      	ldrb	r0, [r6, #1]
10003ae0:	464b      	mov	r3, r9
10003ae2:	4484      	add	ip, r0
10003ae4:	4661      	mov	r1, ip
10003ae6:	2909      	cmp	r1, #9
10003ae8:	d800      	bhi.n	10003aec <_vsnprintf+0x158>
10003aea:	e16c      	b.n	10003dc6 <_vsnprintf+0x432>
10003aec:	282a      	cmp	r0, #42	@ 0x2a
10003aee:	d100      	bne.n	10003af2 <_vsnprintf+0x15e>
10003af0:	e17a      	b.n	10003de8 <_vsnprintf+0x454>
10003af2:	2301      	movs	r3, #1
10003af4:	469c      	mov	ip, r3
10003af6:	464e      	mov	r6, r9
10003af8:	44e1      	add	r9, ip
10003afa:	e79e      	b.n	10003a3a <_vsnprintf+0xa6>
10003afc:	46a1      	mov	r9, r4
10003afe:	46a8      	mov	r8, r5
10003b00:	46ba      	mov	sl, r7
10003b02:	45ca      	cmp	sl, r9
10003b04:	d803      	bhi.n	10003b0e <_vsnprintf+0x17a>
10003b06:	2301      	movs	r3, #1
10003b08:	425b      	negs	r3, r3
10003b0a:	4453      	add	r3, sl
10003b0c:	4699      	mov	r9, r3
10003b0e:	4653      	mov	r3, sl
10003b10:	464a      	mov	r2, r9
10003b12:	4659      	mov	r1, fp
10003b14:	2000      	movs	r0, #0
10003b16:	47c0      	blx	r8
10003b18:	0020      	movs	r0, r4
10003b1a:	b025      	add	sp, #148	@ 0x94
10003b1c:	bcf0      	pop	{r4, r5, r6, r7}
10003b1e:	46bb      	mov	fp, r7
10003b20:	46b2      	mov	sl, r6
10003b22:	46a9      	mov	r9, r5
10003b24:	46a0      	mov	r8, r4
10003b26:	bdf0      	pop	{r4, r5, r6, r7, pc}
10003b28:	0003      	movs	r3, r0
10003b2a:	3b69      	subs	r3, #105	@ 0x69
10003b2c:	b2db      	uxtb	r3, r3
10003b2e:	930d      	str	r3, [sp, #52]	@ 0x34
10003b30:	2b0f      	cmp	r3, #15
10003b32:	d900      	bls.n	10003b36 <_vsnprintf+0x1a2>
10003b34:	e74f      	b.n	100039d6 <_vsnprintf+0x42>
10003b36:	2101      	movs	r1, #1
10003b38:	4099      	lsls	r1, r3
10003b3a:	468c      	mov	ip, r1
10003b3c:	496d      	ldr	r1, [pc, #436]	@ (10003cf4 <_vsnprintf+0x360>)
10003b3e:	4689      	mov	r9, r1
10003b40:	4661      	mov	r1, ip
10003b42:	464b      	mov	r3, r9
10003b44:	4019      	ands	r1, r3
10003b46:	910f      	str	r1, [sp, #60]	@ 0x3c
10003b48:	4663      	mov	r3, ip
10003b4a:	4649      	mov	r1, r9
10003b4c:	420b      	tst	r3, r1
10003b4e:	d000      	beq.n	10003b52 <_vsnprintf+0x1be>
10003b50:	e128      	b.n	10003da4 <_vsnprintf+0x410>
10003b52:	9b0d      	ldr	r3, [sp, #52]	@ 0x34
10003b54:	2b0a      	cmp	r3, #10
10003b56:	d03a      	beq.n	10003bce <_vsnprintf+0x23a>
10003b58:	2b07      	cmp	r3, #7
10003b5a:	d000      	beq.n	10003b5e <_vsnprintf+0x1ca>
10003b5c:	e73b      	b.n	100039d6 <_vsnprintf+0x42>
10003b5e:	9b0c      	ldr	r3, [sp, #48]	@ 0x30
10003b60:	0019      	movs	r1, r3
10003b62:	c908      	ldmia	r1!, {r3}
10003b64:	4688      	mov	r8, r1
10003b66:	2b00      	cmp	r3, #0
10003b68:	d100      	bne.n	10003b6c <_vsnprintf+0x1d8>
10003b6a:	e14b      	b.n	10003e04 <_vsnprintf+0x470>
10003b6c:	2021      	movs	r0, #33	@ 0x21
10003b6e:	4302      	orrs	r2, r0
10003b70:	4691      	mov	r9, r2
10003b72:	a914      	add	r1, sp, #80	@ 0x50
10003b74:	468c      	mov	ip, r1
10003b76:	221f      	movs	r2, #31
10003b78:	210f      	movs	r1, #15
10003b7a:	4462      	add	r2, ip
10003b7c:	468c      	mov	ip, r1
10003b7e:	4651      	mov	r1, sl
10003b80:	950d      	str	r5, [sp, #52]	@ 0x34
10003b82:	910c      	str	r1, [sp, #48]	@ 0x30
10003b84:	46a2      	mov	sl, r4
10003b86:	0015      	movs	r5, r2
10003b88:	990f      	ldr	r1, [sp, #60]	@ 0x3c
10003b8a:	e002      	b.n	10003b92 <_vsnprintf+0x1fe>
10003b8c:	2920      	cmp	r1, #32
10003b8e:	d00c      	beq.n	10003baa <_vsnprintf+0x216>
10003b90:	0013      	movs	r3, r2
10003b92:	4664      	mov	r4, ip
10003b94:	401c      	ands	r4, r3
10003b96:	0020      	movs	r0, r4
10003b98:	3037      	adds	r0, #55	@ 0x37
10003b9a:	2c09      	cmp	r4, #9
10003b9c:	d800      	bhi.n	10003ba0 <_vsnprintf+0x20c>
10003b9e:	3807      	subs	r0, #7
10003ba0:	3101      	adds	r1, #1
10003ba2:	5468      	strb	r0, [r5, r1]
10003ba4:	091a      	lsrs	r2, r3, #4
10003ba6:	2b0f      	cmp	r3, #15
10003ba8:	d8f0      	bhi.n	10003b8c <_vsnprintf+0x1f8>
10003baa:	9b0c      	ldr	r3, [sp, #48]	@ 0x30
10003bac:	4654      	mov	r4, sl
10003bae:	9d0d      	ldr	r5, [sp, #52]	@ 0x34
10003bb0:	469a      	mov	sl, r3
10003bb2:	910f      	str	r1, [sp, #60]	@ 0x3c
10003bb4:	e133      	b.n	10003e1e <_vsnprintf+0x48a>
10003bb6:	9b0c      	ldr	r3, [sp, #48]	@ 0x30
10003bb8:	cb02      	ldmia	r3!, {r1}
10003bba:	4688      	mov	r8, r1
10003bbc:	2900      	cmp	r1, #0
10003bbe:	db47      	blt.n	10003c50 <_vsnprintf+0x2bc>
10003bc0:	930c      	str	r3, [sp, #48]	@ 0x30
10003bc2:	2301      	movs	r3, #1
10003bc4:	469c      	mov	ip, r3
10003bc6:	7870      	ldrb	r0, [r6, #1]
10003bc8:	464e      	mov	r6, r9
10003bca:	44e1      	add	r9, ip
10003bcc:	e731      	b.n	10003a32 <_vsnprintf+0x9e>
10003bce:	9b0c      	ldr	r3, [sp, #48]	@ 0x30
10003bd0:	cb02      	ldmia	r3!, {r1}
10003bd2:	9314      	str	r3, [sp, #80]	@ 0x50
10003bd4:	4653      	mov	r3, sl
10003bd6:	2b00      	cmp	r3, #0
10003bd8:	d100      	bne.n	10003bdc <_vsnprintf+0x248>
10003bda:	e138      	b.n	10003e4e <_vsnprintf+0x4ba>
10003bdc:	469c      	mov	ip, r3
10003bde:	7808      	ldrb	r0, [r1, #0]
10003be0:	000b      	movs	r3, r1
10003be2:	900c      	str	r0, [sp, #48]	@ 0x30
10003be4:	448c      	add	ip, r1
10003be6:	2800      	cmp	r0, #0
10003be8:	d101      	bne.n	10003bee <_vsnprintf+0x25a>
10003bea:	f000 fc98 	bl	1000451e <_vsnprintf+0xb8a>
10003bee:	4689      	mov	r9, r1
10003bf0:	4661      	mov	r1, ip
10003bf2:	4694      	mov	ip, r2
10003bf4:	e003      	b.n	10003bfe <_vsnprintf+0x26a>
10003bf6:	785a      	ldrb	r2, [r3, #1]
10003bf8:	3301      	adds	r3, #1
10003bfa:	2a00      	cmp	r2, #0
10003bfc:	d001      	beq.n	10003c02 <_vsnprintf+0x26e>
10003bfe:	428b      	cmp	r3, r1
10003c00:	d1f9      	bne.n	10003bf6 <_vsnprintf+0x262>
10003c02:	4649      	mov	r1, r9
10003c04:	4662      	mov	r2, ip
10003c06:	1a5b      	subs	r3, r3, r1
10003c08:	900c      	str	r0, [sp, #48]	@ 0x30
10003c0a:	930f      	str	r3, [sp, #60]	@ 0x3c
10003c0c:	0553      	lsls	r3, r2, #21
10003c0e:	d500      	bpl.n	10003c12 <_vsnprintf+0x27e>
10003c10:	e120      	b.n	10003e54 <_vsnprintf+0x4c0>
10003c12:	2302      	movs	r3, #2
10003c14:	0018      	movs	r0, r3
10003c16:	4010      	ands	r0, r2
10003c18:	900d      	str	r0, [sp, #52]	@ 0x34
10003c1a:	4213      	tst	r3, r2
10003c1c:	d100      	bne.n	10003c20 <_vsnprintf+0x28c>
10003c1e:	e3cb      	b.n	100043b8 <_vsnprintf+0xa24>
10003c20:	930d      	str	r3, [sp, #52]	@ 0x34
10003c22:	1b0b      	subs	r3, r1, r4
10003c24:	46b1      	mov	r9, r6
10003c26:	469a      	mov	sl, r3
10003c28:	465e      	mov	r6, fp
10003c2a:	980c      	ldr	r0, [sp, #48]	@ 0x30
10003c2c:	0022      	movs	r2, r4
10003c2e:	003b      	movs	r3, r7
10003c30:	0031      	movs	r1, r6
10003c32:	47a8      	blx	r5
10003c34:	4653      	mov	r3, sl
10003c36:	3401      	adds	r4, #1
10003c38:	5d18      	ldrb	r0, [r3, r4]
10003c3a:	2800      	cmp	r0, #0
10003c3c:	d1f6      	bne.n	10003c2c <_vsnprintf+0x298>
10003c3e:	46b3      	mov	fp, r6
10003c40:	464e      	mov	r6, r9
10003c42:	9b0d      	ldr	r3, [sp, #52]	@ 0x34
10003c44:	2b00      	cmp	r3, #0
10003c46:	d000      	beq.n	10003c4a <_vsnprintf+0x2b6>
10003c48:	e1c7      	b.n	10003fda <_vsnprintf+0x646>
10003c4a:	9b14      	ldr	r3, [sp, #80]	@ 0x50
10003c4c:	930c      	str	r3, [sp, #48]	@ 0x30
10003c4e:	e6c9      	b.n	100039e4 <_vsnprintf+0x50>
10003c50:	930c      	str	r3, [sp, #48]	@ 0x30
10003c52:	2301      	movs	r3, #1
10003c54:	469c      	mov	ip, r3
10003c56:	3828      	subs	r0, #40	@ 0x28
10003c58:	4249      	negs	r1, r1
10003c5a:	4302      	orrs	r2, r0
10003c5c:	4688      	mov	r8, r1
10003c5e:	7870      	ldrb	r0, [r6, #1]
10003c60:	464e      	mov	r6, r9
10003c62:	44e1      	add	r9, ip
10003c64:	e6e5      	b.n	10003a32 <_vsnprintf+0x9e>
10003c66:	7870      	ldrb	r0, [r6, #1]
10003c68:	286c      	cmp	r0, #108	@ 0x6c
10003c6a:	d100      	bne.n	10003c6e <_vsnprintf+0x2da>
10003c6c:	e17f      	b.n	10003f6e <_vsnprintf+0x5da>
10003c6e:	2380      	movs	r3, #128	@ 0x80
10003c70:	005b      	lsls	r3, r3, #1
10003c72:	431a      	orrs	r2, r3
10003c74:	3bff      	subs	r3, #255	@ 0xff
10003c76:	469c      	mov	ip, r3
10003c78:	44e1      	add	r9, ip
10003c7a:	e702      	b.n	10003a82 <_vsnprintf+0xee>
10003c7c:	2380      	movs	r3, #128	@ 0x80
10003c7e:	009b      	lsls	r3, r3, #2
10003c80:	431a      	orrs	r2, r3
10003c82:	2301      	movs	r3, #1
10003c84:	469c      	mov	ip, r3
10003c86:	7870      	ldrb	r0, [r6, #1]
10003c88:	44e1      	add	r9, ip
10003c8a:	e6fa      	b.n	10003a82 <_vsnprintf+0xee>
10003c8c:	7870      	ldrb	r0, [r6, #1]
10003c8e:	2868      	cmp	r0, #104	@ 0x68
10003c90:	d100      	bne.n	10003c94 <_vsnprintf+0x300>
10003c92:	e173      	b.n	10003f7c <_vsnprintf+0x5e8>
10003c94:	2380      	movs	r3, #128	@ 0x80
10003c96:	431a      	orrs	r2, r3
10003c98:	3b7f      	subs	r3, #127	@ 0x7f
10003c9a:	469c      	mov	ip, r3
10003c9c:	44e1      	add	r9, ip
10003c9e:	e6f0      	b.n	10003a82 <_vsnprintf+0xee>
10003ca0:	2867      	cmp	r0, #103	@ 0x67
10003ca2:	d100      	bne.n	10003ca6 <_vsnprintf+0x312>
10003ca4:	e103      	b.n	10003eae <_vsnprintf+0x51a>
10003ca6:	2847      	cmp	r0, #71	@ 0x47
10003ca8:	d100      	bne.n	10003cac <_vsnprintf+0x318>
10003caa:	e15a      	b.n	10003f62 <_vsnprintf+0x5ce>
10003cac:	2845      	cmp	r0, #69	@ 0x45
10003cae:	d100      	bne.n	10003cb2 <_vsnprintf+0x31e>
10003cb0:	e15a      	b.n	10003f68 <_vsnprintf+0x5d4>
10003cb2:	9204      	str	r2, [sp, #16]
10003cb4:	2107      	movs	r1, #7
10003cb6:	4642      	mov	r2, r8
10003cb8:	9b0c      	ldr	r3, [sp, #48]	@ 0x30
10003cba:	9203      	str	r2, [sp, #12]
10003cbc:	3307      	adds	r3, #7
10003cbe:	4652      	mov	r2, sl
10003cc0:	438b      	bics	r3, r1
10003cc2:	0019      	movs	r1, r3
10003cc4:	9202      	str	r2, [sp, #8]
10003cc6:	c90c      	ldmia	r1!, {r2, r3}
10003cc8:	0028      	movs	r0, r5
10003cca:	9200      	str	r2, [sp, #0]
10003ccc:	9301      	str	r3, [sp, #4]
10003cce:	910c      	str	r1, [sp, #48]	@ 0x30
10003cd0:	0022      	movs	r2, r4
10003cd2:	003b      	movs	r3, r7
10003cd4:	4659      	mov	r1, fp
10003cd6:	f7ff fb9f 	bl	10003418 <_etoa>
10003cda:	0004      	movs	r4, r0
10003cdc:	e682      	b.n	100039e4 <_vsnprintf+0x50>
10003cde:	46c0      	nop			@ (mov r8, r8)
10003ce0:	10003995 	.word	0x10003995
10003ce4:	20001f3c 	.word	0x20001f3c
10003ce8:	1000787c 	.word	0x1000787c
10003cec:	100078c0 	.word	0x100078c0
10003cf0:	1000790c 	.word	0x1000790c
10003cf4:	00009041 	.word	0x00009041
10003cf8:	2846      	cmp	r0, #70	@ 0x46
10003cfa:	d100      	bne.n	10003cfe <_vsnprintf+0x36a>
10003cfc:	e0db      	b.n	10003eb6 <_vsnprintf+0x522>
10003cfe:	9204      	str	r2, [sp, #16]
10003d00:	2107      	movs	r1, #7
10003d02:	4642      	mov	r2, r8
10003d04:	9b0c      	ldr	r3, [sp, #48]	@ 0x30
10003d06:	9203      	str	r2, [sp, #12]
10003d08:	3307      	adds	r3, #7
10003d0a:	4652      	mov	r2, sl
10003d0c:	438b      	bics	r3, r1
10003d0e:	0019      	movs	r1, r3
10003d10:	9202      	str	r2, [sp, #8]
10003d12:	c90c      	ldmia	r1!, {r2, r3}
10003d14:	0028      	movs	r0, r5
10003d16:	9200      	str	r2, [sp, #0]
10003d18:	9301      	str	r3, [sp, #4]
10003d1a:	910c      	str	r1, [sp, #48]	@ 0x30
10003d1c:	0022      	movs	r2, r4
10003d1e:	003b      	movs	r3, r7
10003d20:	4659      	mov	r1, fp
10003d22:	f7ff f925 	bl	10002f70 <_ftoa>
10003d26:	0004      	movs	r4, r0
10003d28:	e65c      	b.n	100039e4 <_vsnprintf+0x50>
10003d2a:	1c63      	adds	r3, r4, #1
10003d2c:	4698      	mov	r8, r3
10003d2e:	0022      	movs	r2, r4
10003d30:	003b      	movs	r3, r7
10003d32:	4659      	mov	r1, fp
10003d34:	2025      	movs	r0, #37	@ 0x25
10003d36:	47a8      	blx	r5
10003d38:	4644      	mov	r4, r8
10003d3a:	e653      	b.n	100039e4 <_vsnprintf+0x50>
10003d3c:	9b0c      	ldr	r3, [sp, #48]	@ 0x30
10003d3e:	3304      	adds	r3, #4
10003d40:	930d      	str	r3, [sp, #52]	@ 0x34
10003d42:	1c63      	adds	r3, r4, #1
10003d44:	4699      	mov	r9, r3
10003d46:	0792      	lsls	r2, r2, #30
10003d48:	d400      	bmi.n	10003d4c <_vsnprintf+0x3b8>
10003d4a:	e122      	b.n	10003f92 <_vsnprintf+0x5fe>
10003d4c:	9b0c      	ldr	r3, [sp, #48]	@ 0x30
10003d4e:	0022      	movs	r2, r4
10003d50:	7818      	ldrb	r0, [r3, #0]
10003d52:	4659      	mov	r1, fp
10003d54:	003b      	movs	r3, r7
10003d56:	47a8      	blx	r5
10003d58:	4643      	mov	r3, r8
10003d5a:	4444      	add	r4, r8
10003d5c:	2b01      	cmp	r3, #1
10003d5e:	d800      	bhi.n	10003d62 <_vsnprintf+0x3ce>
10003d60:	e285      	b.n	1000426e <_vsnprintf+0x8da>
10003d62:	0033      	movs	r3, r6
10003d64:	46b8      	mov	r8, r7
10003d66:	002e      	movs	r6, r5
10003d68:	465f      	mov	r7, fp
10003d6a:	0025      	movs	r5, r4
10003d6c:	464c      	mov	r4, r9
10003d6e:	4699      	mov	r9, r3
10003d70:	0022      	movs	r2, r4
10003d72:	4643      	mov	r3, r8
10003d74:	3401      	adds	r4, #1
10003d76:	0039      	movs	r1, r7
10003d78:	2020      	movs	r0, #32
10003d7a:	47b0      	blx	r6
10003d7c:	42ac      	cmp	r4, r5
10003d7e:	d1f7      	bne.n	10003d70 <_vsnprintf+0x3dc>
10003d80:	002c      	movs	r4, r5
10003d82:	46bb      	mov	fp, r7
10003d84:	0035      	movs	r5, r6
10003d86:	4647      	mov	r7, r8
10003d88:	464e      	mov	r6, r9
10003d8a:	9b0d      	ldr	r3, [sp, #52]	@ 0x34
10003d8c:	930c      	str	r3, [sp, #48]	@ 0x30
10003d8e:	e629      	b.n	100039e4 <_vsnprintf+0x50>
10003d90:	4bdb      	ldr	r3, [pc, #876]	@ (10004100 <_vsnprintf+0x76c>)
10003d92:	7830      	ldrb	r0, [r6, #0]
10003d94:	4698      	mov	r8, r3
10003d96:	2300      	movs	r3, #0
10003d98:	4699      	mov	r9, r3
10003d9a:	2800      	cmp	r0, #0
10003d9c:	d000      	beq.n	10003da0 <_vsnprintf+0x40c>
10003d9e:	e612      	b.n	100039c6 <_vsnprintf+0x32>
10003da0:	2400      	movs	r4, #0
10003da2:	e6ae      	b.n	10003b02 <_vsnprintf+0x16e>
10003da4:	286f      	cmp	r0, #111	@ 0x6f
10003da6:	d100      	bne.n	10003daa <_vsnprintf+0x416>
10003da8:	e088      	b.n	10003ebc <_vsnprintf+0x528>
10003daa:	d800      	bhi.n	10003dae <_vsnprintf+0x41a>
10003dac:	e30b      	b.n	100043c6 <_vsnprintf+0xa32>
10003dae:	2310      	movs	r3, #16
10003db0:	2878      	cmp	r0, #120	@ 0x78
10003db2:	d100      	bne.n	10003db6 <_vsnprintf+0x422>
10003db4:	e0cf      	b.n	10003f56 <_vsnprintf+0x5c2>
10003db6:	439a      	bics	r2, r3
10003db8:	230a      	movs	r3, #10
10003dba:	469c      	mov	ip, r3
10003dbc:	2300      	movs	r3, #0
10003dbe:	930f      	str	r3, [sp, #60]	@ 0x3c
10003dc0:	330a      	adds	r3, #10
10003dc2:	930d      	str	r3, [sp, #52]	@ 0x34
10003dc4:	e080      	b.n	10003ec8 <_vsnprintf+0x534>
10003dc6:	4656      	mov	r6, sl
10003dc8:	00b1      	lsls	r1, r6, #2
10003dca:	1989      	adds	r1, r1, r6
10003dcc:	0049      	lsls	r1, r1, #1
10003dce:	3301      	adds	r3, #1
10003dd0:	180e      	adds	r6, r1, r0
10003dd2:	7818      	ldrb	r0, [r3, #0]
10003dd4:	3e30      	subs	r6, #48	@ 0x30
10003dd6:	0001      	movs	r1, r0
10003dd8:	3930      	subs	r1, #48	@ 0x30
10003dda:	2909      	cmp	r1, #9
10003ddc:	d9f4      	bls.n	10003dc8 <_vsnprintf+0x434>
10003dde:	46b2      	mov	sl, r6
10003de0:	001e      	movs	r6, r3
10003de2:	3301      	adds	r3, #1
10003de4:	4699      	mov	r9, r3
10003de6:	e628      	b.n	10003a3a <_vsnprintf+0xa6>
10003de8:	9b0c      	ldr	r3, [sp, #48]	@ 0x30
10003dea:	3602      	adds	r6, #2
10003dec:	cb02      	ldmia	r3!, {r1}
10003dee:	468a      	mov	sl, r1
10003df0:	43c9      	mvns	r1, r1
10003df2:	4650      	mov	r0, sl
10003df4:	17c9      	asrs	r1, r1, #31
10003df6:	4008      	ands	r0, r1
10003df8:	4682      	mov	sl, r0
10003dfa:	930c      	str	r3, [sp, #48]	@ 0x30
10003dfc:	7830      	ldrb	r0, [r6, #0]
10003dfe:	1c73      	adds	r3, r6, #1
10003e00:	4699      	mov	r9, r3
10003e02:	e61a      	b.n	10003a3a <_vsnprintf+0xa6>
10003e04:	2310      	movs	r3, #16
10003e06:	0010      	movs	r0, r2
10003e08:	4398      	bics	r0, r3
10003e0a:	3311      	adds	r3, #17
10003e0c:	4318      	orrs	r0, r3
10003e0e:	4681      	mov	r9, r0
10003e10:	2080      	movs	r0, #128	@ 0x80
10003e12:	0013      	movs	r3, r2
10003e14:	00c0      	lsls	r0, r0, #3
10003e16:	4003      	ands	r3, r0
10003e18:	4202      	tst	r2, r0
10003e1a:	d100      	bne.n	10003e1e <_vsnprintf+0x48a>
10003e1c:	e6a9      	b.n	10003b72 <_vsnprintf+0x1de>
10003e1e:	464b      	mov	r3, r9
10003e20:	9306      	str	r3, [sp, #24]
10003e22:	2308      	movs	r3, #8
10003e24:	9305      	str	r3, [sp, #20]
10003e26:	4653      	mov	r3, sl
10003e28:	9304      	str	r3, [sp, #16]
10003e2a:	2310      	movs	r3, #16
10003e2c:	9303      	str	r3, [sp, #12]
10003e2e:	2300      	movs	r3, #0
10003e30:	9302      	str	r3, [sp, #8]
10003e32:	9b0f      	ldr	r3, [sp, #60]	@ 0x3c
10003e34:	0022      	movs	r2, r4
10003e36:	9301      	str	r3, [sp, #4]
10003e38:	ab1c      	add	r3, sp, #112	@ 0x70
10003e3a:	9300      	str	r3, [sp, #0]
10003e3c:	4659      	mov	r1, fp
10003e3e:	003b      	movs	r3, r7
10003e40:	0028      	movs	r0, r5
10003e42:	f7fe ff9f 	bl	10002d84 <_ntoa_format>
10003e46:	4643      	mov	r3, r8
10003e48:	0004      	movs	r4, r0
10003e4a:	930c      	str	r3, [sp, #48]	@ 0x30
10003e4c:	e5ca      	b.n	100039e4 <_vsnprintf+0x50>
10003e4e:	2301      	movs	r3, #1
10003e50:	425b      	negs	r3, r3
10003e52:	e6c3      	b.n	10003bdc <_vsnprintf+0x248>
10003e54:	9b0f      	ldr	r3, [sp, #60]	@ 0x3c
10003e56:	4553      	cmp	r3, sl
10003e58:	d901      	bls.n	10003e5e <_vsnprintf+0x4ca>
10003e5a:	4653      	mov	r3, sl
10003e5c:	930f      	str	r3, [sp, #60]	@ 0x3c
10003e5e:	2302      	movs	r3, #2
10003e60:	0018      	movs	r0, r3
10003e62:	4010      	ands	r0, r2
10003e64:	900d      	str	r0, [sp, #52]	@ 0x34
10003e66:	4213      	tst	r3, r2
10003e68:	d100      	bne.n	10003e6c <_vsnprintf+0x4d8>
10003e6a:	e1b7      	b.n	100041dc <_vsnprintf+0x848>
10003e6c:	930d      	str	r3, [sp, #52]	@ 0x34
10003e6e:	46d1      	mov	r9, sl
10003e70:	1b0b      	subs	r3, r1, r4
10003e72:	469a      	mov	sl, r3
10003e74:	0033      	movs	r3, r6
10003e76:	44a1      	add	r9, r4
10003e78:	002e      	movs	r6, r5
10003e7a:	0022      	movs	r2, r4
10003e7c:	464d      	mov	r5, r9
10003e7e:	980c      	ldr	r0, [sp, #48]	@ 0x30
10003e80:	46b9      	mov	r9, r7
10003e82:	465f      	mov	r7, fp
10003e84:	469b      	mov	fp, r3
10003e86:	e008      	b.n	10003e9a <_vsnprintf+0x506>
10003e88:	464b      	mov	r3, r9
10003e8a:	0039      	movs	r1, r7
10003e8c:	1c54      	adds	r4, r2, #1
10003e8e:	47b0      	blx	r6
10003e90:	4653      	mov	r3, sl
10003e92:	5d18      	ldrb	r0, [r3, r4]
10003e94:	2800      	cmp	r0, #0
10003e96:	d077      	beq.n	10003f88 <_vsnprintf+0x5f4>
10003e98:	0022      	movs	r2, r4
10003e9a:	4295      	cmp	r5, r2
10003e9c:	d1f4      	bne.n	10003e88 <_vsnprintf+0x4f4>
10003e9e:	465b      	mov	r3, fp
10003ea0:	46bb      	mov	fp, r7
10003ea2:	464f      	mov	r7, r9
10003ea4:	46a9      	mov	r9, r5
10003ea6:	0035      	movs	r5, r6
10003ea8:	464c      	mov	r4, r9
10003eaa:	001e      	movs	r6, r3
10003eac:	e6c9      	b.n	10003c42 <_vsnprintf+0x2ae>
10003eae:	2380      	movs	r3, #128	@ 0x80
10003eb0:	011b      	lsls	r3, r3, #4
10003eb2:	431a      	orrs	r2, r3
10003eb4:	e6fd      	b.n	10003cb2 <_vsnprintf+0x31e>
10003eb6:	2320      	movs	r3, #32
10003eb8:	431a      	orrs	r2, r3
10003eba:	e720      	b.n	10003cfe <_vsnprintf+0x36a>
10003ebc:	2308      	movs	r3, #8
10003ebe:	469c      	mov	ip, r3
10003ec0:	2300      	movs	r3, #0
10003ec2:	930f      	str	r3, [sp, #60]	@ 0x3c
10003ec4:	3308      	adds	r3, #8
10003ec6:	930d      	str	r3, [sp, #52]	@ 0x34
10003ec8:	2380      	movs	r3, #128	@ 0x80
10003eca:	0011      	movs	r1, r2
10003ecc:	00db      	lsls	r3, r3, #3
10003ece:	4019      	ands	r1, r3
10003ed0:	421a      	tst	r2, r3
10003ed2:	d100      	bne.n	10003ed6 <_vsnprintf+0x542>
10003ed4:	e116      	b.n	10004104 <_vsnprintf+0x770>
10003ed6:	230d      	movs	r3, #13
10003ed8:	439a      	bics	r2, r3
10003eda:	0010      	movs	r0, r2
10003edc:	2380      	movs	r3, #128	@ 0x80
10003ede:	0002      	movs	r2, r0
10003ee0:	009b      	lsls	r3, r3, #2
10003ee2:	401a      	ands	r2, r3
10003ee4:	9214      	str	r2, [sp, #80]	@ 0x50
10003ee6:	4218      	tst	r0, r3
10003ee8:	d000      	beq.n	10003eec <_vsnprintf+0x558>
10003eea:	e1c2      	b.n	10004272 <_vsnprintf+0x8de>
10003eec:	2380      	movs	r3, #128	@ 0x80
10003eee:	0002      	movs	r2, r0
10003ef0:	005b      	lsls	r3, r3, #1
10003ef2:	401a      	ands	r2, r3
10003ef4:	4691      	mov	r9, r2
10003ef6:	9a0c      	ldr	r2, [sp, #48]	@ 0x30
10003ef8:	3204      	adds	r2, #4
10003efa:	920f      	str	r2, [sp, #60]	@ 0x3c
10003efc:	4218      	tst	r0, r3
10003efe:	d000      	beq.n	10003f02 <_vsnprintf+0x56e>
10003f00:	e2b7      	b.n	10004472 <_vsnprintf+0xade>
10003f02:	0643      	lsls	r3, r0, #25
10003f04:	d500      	bpl.n	10003f08 <_vsnprintf+0x574>
10003f06:	e19f      	b.n	10004248 <_vsnprintf+0x8b4>
10003f08:	0603      	lsls	r3, r0, #24
10003f0a:	d400      	bmi.n	10003f0e <_vsnprintf+0x57a>
10003f0c:	e319      	b.n	10004542 <_vsnprintf+0xbae>
10003f0e:	9b0c      	ldr	r3, [sp, #48]	@ 0x30
10003f10:	881b      	ldrh	r3, [r3, #0]
10003f12:	9309      	str	r3, [sp, #36]	@ 0x24
10003f14:	2b00      	cmp	r3, #0
10003f16:	d000      	beq.n	10003f1a <_vsnprintf+0x586>
10003f18:	e1fc      	b.n	10004314 <_vsnprintf+0x980>
10003f1a:	3310      	adds	r3, #16
10003f1c:	4398      	bics	r0, r3
10003f1e:	2900      	cmp	r1, #0
10003f20:	d100      	bne.n	10003f24 <_vsnprintf+0x590>
10003f22:	e1f7      	b.n	10004314 <_vsnprintf+0x980>
10003f24:	2300      	movs	r3, #0
10003f26:	4699      	mov	r9, r3
10003f28:	4643      	mov	r3, r8
10003f2a:	9305      	str	r3, [sp, #20]
10003f2c:	4653      	mov	r3, sl
10003f2e:	9304      	str	r3, [sp, #16]
10003f30:	9b0d      	ldr	r3, [sp, #52]	@ 0x34
10003f32:	9006      	str	r0, [sp, #24]
10003f34:	9303      	str	r3, [sp, #12]
10003f36:	2300      	movs	r3, #0
10003f38:	e0d2      	b.n	100040e0 <_vsnprintf+0x74c>
10003f3a:	2858      	cmp	r0, #88	@ 0x58
10003f3c:	d008      	beq.n	10003f50 <_vsnprintf+0x5bc>
10003f3e:	2862      	cmp	r0, #98	@ 0x62
10003f40:	d167      	bne.n	10004012 <_vsnprintf+0x67e>
10003f42:	2302      	movs	r3, #2
10003f44:	469c      	mov	ip, r3
10003f46:	2300      	movs	r3, #0
10003f48:	930f      	str	r3, [sp, #60]	@ 0x3c
10003f4a:	3302      	adds	r3, #2
10003f4c:	930d      	str	r3, [sp, #52]	@ 0x34
10003f4e:	e7bb      	b.n	10003ec8 <_vsnprintf+0x534>
10003f50:	2320      	movs	r3, #32
10003f52:	431a      	orrs	r2, r3
10003f54:	3b10      	subs	r3, #16
10003f56:	469c      	mov	ip, r3
10003f58:	2300      	movs	r3, #0
10003f5a:	930f      	str	r3, [sp, #60]	@ 0x3c
10003f5c:	3310      	adds	r3, #16
10003f5e:	930d      	str	r3, [sp, #52]	@ 0x34
10003f60:	e7b2      	b.n	10003ec8 <_vsnprintf+0x534>
10003f62:	2380      	movs	r3, #128	@ 0x80
10003f64:	011b      	lsls	r3, r3, #4
10003f66:	431a      	orrs	r2, r3
10003f68:	2320      	movs	r3, #32
10003f6a:	431a      	orrs	r2, r3
10003f6c:	e6a1      	b.n	10003cb2 <_vsnprintf+0x31e>
10003f6e:	23c0      	movs	r3, #192	@ 0xc0
10003f70:	009b      	lsls	r3, r3, #2
10003f72:	431a      	orrs	r2, r3
10003f74:	1cf3      	adds	r3, r6, #3
10003f76:	4699      	mov	r9, r3
10003f78:	78b0      	ldrb	r0, [r6, #2]
10003f7a:	e582      	b.n	10003a82 <_vsnprintf+0xee>
10003f7c:	23c0      	movs	r3, #192	@ 0xc0
10003f7e:	431a      	orrs	r2, r3
10003f80:	1cf3      	adds	r3, r6, #3
10003f82:	4699      	mov	r9, r3
10003f84:	78b0      	ldrb	r0, [r6, #2]
10003f86:	e57c      	b.n	10003a82 <_vsnprintf+0xee>
10003f88:	0035      	movs	r5, r6
10003f8a:	465e      	mov	r6, fp
10003f8c:	46bb      	mov	fp, r7
10003f8e:	464f      	mov	r7, r9
10003f90:	e657      	b.n	10003c42 <_vsnprintf+0x2ae>
10003f92:	4643      	mov	r3, r8
10003f94:	2b01      	cmp	r3, #1
10003f96:	d800      	bhi.n	10003f9a <_vsnprintf+0x606>
10003f98:	e163      	b.n	10004262 <_vsnprintf+0x8ce>
10003f9a:	1e63      	subs	r3, r4, #1
10003f9c:	4443      	add	r3, r8
10003f9e:	469a      	mov	sl, r3
10003fa0:	0033      	movs	r3, r6
10003fa2:	46b9      	mov	r9, r7
10003fa4:	002e      	movs	r6, r5
10003fa6:	465f      	mov	r7, fp
10003fa8:	4655      	mov	r5, sl
10003faa:	469b      	mov	fp, r3
10003fac:	46a2      	mov	sl, r4
10003fae:	0022      	movs	r2, r4
10003fb0:	464b      	mov	r3, r9
10003fb2:	3401      	adds	r4, #1
10003fb4:	0039      	movs	r1, r7
10003fb6:	2020      	movs	r0, #32
10003fb8:	47b0      	blx	r6
10003fba:	42ac      	cmp	r4, r5
10003fbc:	d1f7      	bne.n	10003fae <_vsnprintf+0x61a>
10003fbe:	0035      	movs	r5, r6
10003fc0:	465e      	mov	r6, fp
10003fc2:	46bb      	mov	fp, r7
10003fc4:	464f      	mov	r7, r9
10003fc6:	46a1      	mov	r9, r4
10003fc8:	4654      	mov	r4, sl
10003fca:	9b0c      	ldr	r3, [sp, #48]	@ 0x30
10003fcc:	464a      	mov	r2, r9
10003fce:	7818      	ldrb	r0, [r3, #0]
10003fd0:	4659      	mov	r1, fp
10003fd2:	003b      	movs	r3, r7
10003fd4:	4444      	add	r4, r8
10003fd6:	47a8      	blx	r5
10003fd8:	e6d7      	b.n	10003d8a <_vsnprintf+0x3f6>
10003fda:	46a1      	mov	r9, r4
10003fdc:	9b0f      	ldr	r3, [sp, #60]	@ 0x3c
10003fde:	4598      	cmp	r8, r3
10003fe0:	d800      	bhi.n	10003fe4 <_vsnprintf+0x650>
10003fe2:	e632      	b.n	10003c4a <_vsnprintf+0x2b6>
10003fe4:	4444      	add	r4, r8
10003fe6:	1ae4      	subs	r4, r4, r3
10003fe8:	0033      	movs	r3, r6
10003fea:	46b8      	mov	r8, r7
10003fec:	002e      	movs	r6, r5
10003fee:	465f      	mov	r7, fp
10003ff0:	0025      	movs	r5, r4
10003ff2:	464c      	mov	r4, r9
10003ff4:	4699      	mov	r9, r3
10003ff6:	0022      	movs	r2, r4
10003ff8:	4643      	mov	r3, r8
10003ffa:	3401      	adds	r4, #1
10003ffc:	0039      	movs	r1, r7
10003ffe:	2020      	movs	r0, #32
10004000:	47b0      	blx	r6
10004002:	42ac      	cmp	r4, r5
10004004:	d1f7      	bne.n	10003ff6 <_vsnprintf+0x662>
10004006:	002c      	movs	r4, r5
10004008:	46bb      	mov	fp, r7
1000400a:	0035      	movs	r5, r6
1000400c:	4647      	mov	r7, r8
1000400e:	464e      	mov	r6, r9
10004010:	e61b      	b.n	10003c4a <_vsnprintf+0x2b6>
10004012:	2380      	movs	r3, #128	@ 0x80
10004014:	0010      	movs	r0, r2
10004016:	00db      	lsls	r3, r3, #3
10004018:	4018      	ands	r0, r3
1000401a:	421a      	tst	r2, r3
1000401c:	d100      	bne.n	10004020 <_vsnprintf+0x68c>
1000401e:	e10f      	b.n	10004240 <_vsnprintf+0x8ac>
10004020:	2111      	movs	r1, #17
10004022:	0018      	movs	r0, r3
10004024:	438a      	bics	r2, r1
10004026:	920d      	str	r2, [sp, #52]	@ 0x34
10004028:	9a0d      	ldr	r2, [sp, #52]	@ 0x34
1000402a:	2380      	movs	r3, #128	@ 0x80
1000402c:	0011      	movs	r1, r2
1000402e:	009b      	lsls	r3, r3, #2
10004030:	4019      	ands	r1, r3
10004032:	468c      	mov	ip, r1
10004034:	421a      	tst	r2, r3
10004036:	d169      	bne.n	1000410c <_vsnprintf+0x778>
10004038:	2380      	movs	r3, #128	@ 0x80
1000403a:	0011      	movs	r1, r2
1000403c:	005b      	lsls	r3, r3, #1
1000403e:	4019      	ands	r1, r3
10004040:	4689      	mov	r9, r1
10004042:	990c      	ldr	r1, [sp, #48]	@ 0x30
10004044:	3104      	adds	r1, #4
10004046:	910f      	str	r1, [sp, #60]	@ 0x3c
10004048:	421a      	tst	r2, r3
1000404a:	d000      	beq.n	1000404e <_vsnprintf+0x6ba>
1000404c:	e1ca      	b.n	100043e4 <_vsnprintf+0xa50>
1000404e:	0013      	movs	r3, r2
10004050:	065b      	lsls	r3, r3, #25
10004052:	d500      	bpl.n	10004056 <_vsnprintf+0x6c2>
10004054:	e0f0      	b.n	10004238 <_vsnprintf+0x8a4>
10004056:	0013      	movs	r3, r2
10004058:	061b      	lsls	r3, r3, #24
1000405a:	d400      	bmi.n	1000405e <_vsnprintf+0x6ca>
1000405c:	e259      	b.n	10004512 <_vsnprintf+0xb7e>
1000405e:	9b0c      	ldr	r3, [sp, #48]	@ 0x30
10004060:	2200      	movs	r2, #0
10004062:	5e9b      	ldrsh	r3, [r3, r2]
10004064:	17d9      	asrs	r1, r3, #31
10004066:	185a      	adds	r2, r3, r1
10004068:	404a      	eors	r2, r1
1000406a:	b292      	uxth	r2, r2
1000406c:	0fd9      	lsrs	r1, r3, #31
1000406e:	910c      	str	r1, [sp, #48]	@ 0x30
10004070:	2b00      	cmp	r3, #0
10004072:	d100      	bne.n	10004076 <_vsnprintf+0x6e2>
10004074:	e1f9      	b.n	1000446a <_vsnprintf+0xad6>
10004076:	0010      	movs	r0, r2
10004078:	aa14      	add	r2, sp, #80	@ 0x50
1000407a:	4694      	mov	ip, r2
1000407c:	4642      	mov	r2, r8
1000407e:	231f      	movs	r3, #31
10004080:	9214      	str	r2, [sp, #80]	@ 0x50
10004082:	4652      	mov	r2, sl
10004084:	4463      	add	r3, ip
10004086:	46a8      	mov	r8, r5
10004088:	9416      	str	r4, [sp, #88]	@ 0x58
1000408a:	464d      	mov	r5, r9
1000408c:	0004      	movs	r4, r0
1000408e:	46b9      	mov	r9, r7
10004090:	46b2      	mov	sl, r6
10004092:	001f      	movs	r7, r3
10004094:	9215      	str	r2, [sp, #84]	@ 0x54
10004096:	e001      	b.n	1000409c <_vsnprintf+0x708>
10004098:	2d20      	cmp	r5, #32
1000409a:	d00f      	beq.n	100040bc <_vsnprintf+0x728>
1000409c:	0020      	movs	r0, r4
1000409e:	210a      	movs	r1, #10
100040a0:	f7fd ff0a 	bl	10001eb8 <__wrap___aeabi_uidiv>
100040a4:	3501      	adds	r5, #1
100040a6:	197e      	adds	r6, r7, r5
100040a8:	3130      	adds	r1, #48	@ 0x30
100040aa:	7031      	strb	r1, [r6, #0]
100040ac:	0020      	movs	r0, r4
100040ae:	210a      	movs	r1, #10
100040b0:	f7fd ff02 	bl	10001eb8 <__wrap___aeabi_uidiv>
100040b4:	0026      	movs	r6, r4
100040b6:	0004      	movs	r4, r0
100040b8:	2e09      	cmp	r6, #9
100040ba:	d8ed      	bhi.n	10004098 <_vsnprintf+0x704>
100040bc:	9b14      	ldr	r3, [sp, #80]	@ 0x50
100040be:	464f      	mov	r7, r9
100040c0:	46a9      	mov	r9, r5
100040c2:	4645      	mov	r5, r8
100040c4:	4698      	mov	r8, r3
100040c6:	9b15      	ldr	r3, [sp, #84]	@ 0x54
100040c8:	4656      	mov	r6, sl
100040ca:	469a      	mov	sl, r3
100040cc:	9c16      	ldr	r4, [sp, #88]	@ 0x58
100040ce:	9b0d      	ldr	r3, [sp, #52]	@ 0x34
100040d0:	9306      	str	r3, [sp, #24]
100040d2:	4643      	mov	r3, r8
100040d4:	9305      	str	r3, [sp, #20]
100040d6:	4653      	mov	r3, sl
100040d8:	9304      	str	r3, [sp, #16]
100040da:	230a      	movs	r3, #10
100040dc:	9303      	str	r3, [sp, #12]
100040de:	9b0c      	ldr	r3, [sp, #48]	@ 0x30
100040e0:	9302      	str	r3, [sp, #8]
100040e2:	464b      	mov	r3, r9
100040e4:	9301      	str	r3, [sp, #4]
100040e6:	ab1c      	add	r3, sp, #112	@ 0x70
100040e8:	0022      	movs	r2, r4
100040ea:	9300      	str	r3, [sp, #0]
100040ec:	4659      	mov	r1, fp
100040ee:	003b      	movs	r3, r7
100040f0:	0028      	movs	r0, r5
100040f2:	f7fe fe47 	bl	10002d84 <_ntoa_format>
100040f6:	9b0f      	ldr	r3, [sp, #60]	@ 0x3c
100040f8:	0004      	movs	r4, r0
100040fa:	930c      	str	r3, [sp, #48]	@ 0x30
100040fc:	e472      	b.n	100039e4 <_vsnprintf+0x50>
100040fe:	46c0      	nop			@ (mov r8, r8)
10004100:	10002cd5 	.word	0x10002cd5
10004104:	230c      	movs	r3, #12
10004106:	439a      	bics	r2, r3
10004108:	0010      	movs	r0, r2
1000410a:	e6e7      	b.n	10003edc <_vsnprintf+0x548>
1000410c:	2207      	movs	r2, #7
1000410e:	9b0c      	ldr	r3, [sp, #48]	@ 0x30
10004110:	3307      	adds	r3, #7
10004112:	4393      	bics	r3, r2
10004114:	3201      	adds	r2, #1
10004116:	4694      	mov	ip, r2
10004118:	449c      	add	ip, r3
1000411a:	4662      	mov	r2, ip
1000411c:	920c      	str	r2, [sp, #48]	@ 0x30
1000411e:	cb0c      	ldmia	r3, {r2, r3}
10004120:	0fd9      	lsrs	r1, r3, #31
10004122:	910f      	str	r1, [sp, #60]	@ 0x3c
10004124:	0011      	movs	r1, r2
10004126:	4319      	orrs	r1, r3
10004128:	d100      	bne.n	1000412c <_vsnprintf+0x798>
1000412a:	e091      	b.n	10004250 <_vsnprintf+0x8bc>
1000412c:	17d9      	asrs	r1, r3, #31
1000412e:	9113      	str	r1, [sp, #76]	@ 0x4c
10004130:	9112      	str	r1, [sp, #72]	@ 0x48
10004132:	4051      	eors	r1, r2
10004134:	9110      	str	r1, [sp, #64]	@ 0x40
10004136:	9913      	ldr	r1, [sp, #76]	@ 0x4c
10004138:	4059      	eors	r1, r3
1000413a:	9111      	str	r1, [sp, #68]	@ 0x44
1000413c:	9810      	ldr	r0, [sp, #64]	@ 0x40
1000413e:	9911      	ldr	r1, [sp, #68]	@ 0x44
10004140:	9a12      	ldr	r2, [sp, #72]	@ 0x48
10004142:	9b13      	ldr	r3, [sp, #76]	@ 0x4c
10004144:	1a80      	subs	r0, r0, r2
10004146:	4199      	sbcs	r1, r3
10004148:	9010      	str	r0, [sp, #64]	@ 0x40
1000414a:	9111      	str	r1, [sp, #68]	@ 0x44
1000414c:	aa14      	add	r2, sp, #80	@ 0x50
1000414e:	2300      	movs	r3, #0
10004150:	4694      	mov	ip, r2
10004152:	4642      	mov	r2, r8
10004154:	4699      	mov	r9, r3
10004156:	9214      	str	r2, [sp, #80]	@ 0x50
10004158:	4652      	mov	r2, sl
1000415a:	331f      	adds	r3, #31
1000415c:	4463      	add	r3, ip
1000415e:	46a8      	mov	r8, r5
10004160:	46b2      	mov	sl, r6
10004162:	9416      	str	r4, [sp, #88]	@ 0x58
10004164:	464e      	mov	r6, r9
10004166:	9c10      	ldr	r4, [sp, #64]	@ 0x40
10004168:	9d11      	ldr	r5, [sp, #68]	@ 0x44
1000416a:	46b9      	mov	r9, r7
1000416c:	9215      	str	r2, [sp, #84]	@ 0x54
1000416e:	001f      	movs	r7, r3
10004170:	e001      	b.n	10004176 <_vsnprintf+0x7e2>
10004172:	2e20      	cmp	r6, #32
10004174:	d010      	beq.n	10004198 <_vsnprintf+0x804>
10004176:	0020      	movs	r0, r4
10004178:	0029      	movs	r1, r5
1000417a:	220a      	movs	r2, #10
1000417c:	2300      	movs	r3, #0
1000417e:	f7fd fed9 	bl	10001f34 <__wrap___aeabi_uldivmod>
10004182:	3601      	adds	r6, #1
10004184:	3230      	adds	r2, #48	@ 0x30
10004186:	002b      	movs	r3, r5
10004188:	55ba      	strb	r2, [r7, r6]
1000418a:	000d      	movs	r5, r1
1000418c:	0022      	movs	r2, r4
1000418e:	0004      	movs	r4, r0
10004190:	2b00      	cmp	r3, #0
10004192:	d1ee      	bne.n	10004172 <_vsnprintf+0x7de>
10004194:	2a09      	cmp	r2, #9
10004196:	d8ec      	bhi.n	10004172 <_vsnprintf+0x7de>
10004198:	9b14      	ldr	r3, [sp, #80]	@ 0x50
1000419a:	9410      	str	r4, [sp, #64]	@ 0x40
1000419c:	9511      	str	r5, [sp, #68]	@ 0x44
1000419e:	4645      	mov	r5, r8
100041a0:	4698      	mov	r8, r3
100041a2:	9b15      	ldr	r3, [sp, #84]	@ 0x54
100041a4:	464f      	mov	r7, r9
100041a6:	46b1      	mov	r9, r6
100041a8:	4656      	mov	r6, sl
100041aa:	469a      	mov	sl, r3
100041ac:	9c16      	ldr	r4, [sp, #88]	@ 0x58
100041ae:	9b0d      	ldr	r3, [sp, #52]	@ 0x34
100041b0:	9306      	str	r3, [sp, #24]
100041b2:	4643      	mov	r3, r8
100041b4:	9305      	str	r3, [sp, #20]
100041b6:	4653      	mov	r3, sl
100041b8:	9304      	str	r3, [sp, #16]
100041ba:	230a      	movs	r3, #10
100041bc:	9303      	str	r3, [sp, #12]
100041be:	9b0f      	ldr	r3, [sp, #60]	@ 0x3c
100041c0:	9302      	str	r3, [sp, #8]
100041c2:	464b      	mov	r3, r9
100041c4:	9301      	str	r3, [sp, #4]
100041c6:	ab1c      	add	r3, sp, #112	@ 0x70
100041c8:	0022      	movs	r2, r4
100041ca:	9300      	str	r3, [sp, #0]
100041cc:	4659      	mov	r1, fp
100041ce:	003b      	movs	r3, r7
100041d0:	0028      	movs	r0, r5
100041d2:	f7fe fdd7 	bl	10002d84 <_ntoa_format>
100041d6:	0004      	movs	r4, r0
100041d8:	f7ff fc04 	bl	100039e4 <_vsnprintf+0x50>
100041dc:	9b0f      	ldr	r3, [sp, #60]	@ 0x3c
100041de:	4598      	cmp	r8, r3
100041e0:	d800      	bhi.n	100041e4 <_vsnprintf+0x850>
100041e2:	e1c1      	b.n	10004568 <_vsnprintf+0xbd4>
100041e4:	2380      	movs	r3, #128	@ 0x80
100041e6:	00db      	lsls	r3, r3, #3
100041e8:	930d      	str	r3, [sp, #52]	@ 0x34
100041ea:	4643      	mov	r3, r8
100041ec:	9a0f      	ldr	r2, [sp, #60]	@ 0x3c
100041ee:	191b      	adds	r3, r3, r4
100041f0:	1a9b      	subs	r3, r3, r2
100041f2:	4699      	mov	r9, r3
100041f4:	0033      	movs	r3, r6
100041f6:	002e      	movs	r6, r5
100041f8:	464d      	mov	r5, r9
100041fa:	46b9      	mov	r9, r7
100041fc:	465f      	mov	r7, fp
100041fe:	469b      	mov	fp, r3
10004200:	910c      	str	r1, [sp, #48]	@ 0x30
10004202:	0022      	movs	r2, r4
10004204:	464b      	mov	r3, r9
10004206:	3401      	adds	r4, #1
10004208:	0039      	movs	r1, r7
1000420a:	2020      	movs	r0, #32
1000420c:	47b0      	blx	r6
1000420e:	42ac      	cmp	r4, r5
10004210:	d1f7      	bne.n	10004202 <_vsnprintf+0x86e>
10004212:	4643      	mov	r3, r8
10004214:	990c      	ldr	r1, [sp, #48]	@ 0x30
10004216:	3301      	adds	r3, #1
10004218:	930f      	str	r3, [sp, #60]	@ 0x3c
1000421a:	780b      	ldrb	r3, [r1, #0]
1000421c:	0035      	movs	r5, r6
1000421e:	930c      	str	r3, [sp, #48]	@ 0x30
10004220:	465e      	mov	r6, fp
10004222:	46bb      	mov	fp, r7
10004224:	464f      	mov	r7, r9
10004226:	2b00      	cmp	r3, #0
10004228:	d100      	bne.n	1000422c <_vsnprintf+0x898>
1000422a:	e50e      	b.n	10003c4a <_vsnprintf+0x2b6>
1000422c:	9b0d      	ldr	r3, [sp, #52]	@ 0x34
1000422e:	2b00      	cmp	r3, #0
10004230:	d100      	bne.n	10004234 <_vsnprintf+0x8a0>
10004232:	e4f6      	b.n	10003c22 <_vsnprintf+0x28e>
10004234:	2300      	movs	r3, #0
10004236:	e619      	b.n	10003e6c <_vsnprintf+0x4d8>
10004238:	9b0c      	ldr	r3, [sp, #48]	@ 0x30
1000423a:	781b      	ldrb	r3, [r3, #0]
1000423c:	001a      	movs	r2, r3
1000423e:	e715      	b.n	1000406c <_vsnprintf+0x6d8>
10004240:	2310      	movs	r3, #16
10004242:	439a      	bics	r2, r3
10004244:	920d      	str	r2, [sp, #52]	@ 0x34
10004246:	e6ef      	b.n	10004028 <_vsnprintf+0x694>
10004248:	9b0c      	ldr	r3, [sp, #48]	@ 0x30
1000424a:	781b      	ldrb	r3, [r3, #0]
1000424c:	9309      	str	r3, [sp, #36]	@ 0x24
1000424e:	e661      	b.n	10003f14 <_vsnprintf+0x580>
10004250:	2300      	movs	r3, #0
10004252:	4699      	mov	r9, r3
10004254:	2800      	cmp	r0, #0
10004256:	d1aa      	bne.n	100041ae <_vsnprintf+0x81a>
10004258:	2200      	movs	r2, #0
1000425a:	2300      	movs	r3, #0
1000425c:	9210      	str	r2, [sp, #64]	@ 0x40
1000425e:	9311      	str	r3, [sp, #68]	@ 0x44
10004260:	e774      	b.n	1000414c <_vsnprintf+0x7b8>
10004262:	9b0c      	ldr	r3, [sp, #48]	@ 0x30
10004264:	0022      	movs	r2, r4
10004266:	7818      	ldrb	r0, [r3, #0]
10004268:	4659      	mov	r1, fp
1000426a:	003b      	movs	r3, r7
1000426c:	47a8      	blx	r5
1000426e:	464c      	mov	r4, r9
10004270:	e58b      	b.n	10003d8a <_vsnprintf+0x3f6>
10004272:	9a0c      	ldr	r2, [sp, #48]	@ 0x30
10004274:	3bfa      	subs	r3, #250	@ 0xfa
10004276:	3bff      	subs	r3, #255	@ 0xff
10004278:	3207      	adds	r2, #7
1000427a:	439a      	bics	r2, r3
1000427c:	3301      	adds	r3, #1
1000427e:	4699      	mov	r9, r3
10004280:	4491      	add	r9, r2
10004282:	464b      	mov	r3, r9
10004284:	930c      	str	r3, [sp, #48]	@ 0x30
10004286:	6813      	ldr	r3, [r2, #0]
10004288:	6852      	ldr	r2, [r2, #4]
1000428a:	9215      	str	r2, [sp, #84]	@ 0x54
1000428c:	431a      	orrs	r2, r3
1000428e:	d106      	bne.n	1000429e <_vsnprintf+0x90a>
10004290:	3210      	adds	r2, #16
10004292:	4390      	bics	r0, r2
10004294:	2200      	movs	r2, #0
10004296:	9209      	str	r2, [sp, #36]	@ 0x24
10004298:	2900      	cmp	r1, #0
1000429a:	d000      	beq.n	1000429e <_vsnprintf+0x90a>
1000429c:	e081      	b.n	100043a2 <_vsnprintf+0xa0e>
1000429e:	2261      	movs	r2, #97	@ 0x61
100042a0:	0681      	lsls	r1, r0, #26
100042a2:	d500      	bpl.n	100042a6 <_vsnprintf+0x912>
100042a4:	2241      	movs	r2, #65	@ 0x41
100042a6:	b2d2      	uxtb	r2, r2
100042a8:	920a      	str	r2, [sp, #40]	@ 0x28
100042aa:	aa14      	add	r2, sp, #80	@ 0x50
100042ac:	4691      	mov	r9, r2
100042ae:	9a0a      	ldr	r2, [sp, #40]	@ 0x28
100042b0:	2100      	movs	r1, #0
100042b2:	3a0a      	subs	r2, #10
100042b4:	9214      	str	r2, [sp, #80]	@ 0x50
100042b6:	4642      	mov	r2, r8
100042b8:	9217      	str	r2, [sp, #92]	@ 0x5c
100042ba:	4652      	mov	r2, sl
100042bc:	9218      	str	r2, [sp, #96]	@ 0x60
100042be:	465a      	mov	r2, fp
100042c0:	9109      	str	r1, [sp, #36]	@ 0x24
100042c2:	46b3      	mov	fp, r6
100042c4:	311f      	adds	r1, #31
100042c6:	001e      	movs	r6, r3
100042c8:	9b0f      	ldr	r3, [sp, #60]	@ 0x3c
100042ca:	4449      	add	r1, r9
100042cc:	46ba      	mov	sl, r7
100042ce:	9419      	str	r4, [sp, #100]	@ 0x64
100042d0:	951a      	str	r5, [sp, #104]	@ 0x68
100042d2:	2400      	movs	r4, #0
100042d4:	4667      	mov	r7, ip
100042d6:	4698      	mov	r8, r3
100042d8:	4689      	mov	r9, r1
100042da:	9d15      	ldr	r5, [sp, #84]	@ 0x54
100042dc:	9016      	str	r0, [sp, #88]	@ 0x58
100042de:	921b      	str	r2, [sp, #108]	@ 0x6c
100042e0:	e00a      	b.n	100042f8 <_vsnprintf+0x964>
100042e2:	3230      	adds	r2, #48	@ 0x30
100042e4:	b2d2      	uxtb	r2, r2
100042e6:	464b      	mov	r3, r9
100042e8:	3401      	adds	r4, #1
100042ea:	551a      	strb	r2, [r3, r4]
100042ec:	45a8      	cmp	r8, r5
100042ee:	d04a      	beq.n	10004386 <_vsnprintf+0x9f2>
100042f0:	2c20      	cmp	r4, #32
100042f2:	d04a      	beq.n	1000438a <_vsnprintf+0x9f6>
100042f4:	0006      	movs	r6, r0
100042f6:	000d      	movs	r5, r1
100042f8:	003a      	movs	r2, r7
100042fa:	2300      	movs	r3, #0
100042fc:	0030      	movs	r0, r6
100042fe:	0029      	movs	r1, r5
10004300:	f7fd fe18 	bl	10001f34 <__wrap___aeabi_uldivmod>
10004304:	b2d2      	uxtb	r2, r2
10004306:	2a09      	cmp	r2, #9
10004308:	d9eb      	bls.n	100042e2 <_vsnprintf+0x94e>
1000430a:	9b14      	ldr	r3, [sp, #80]	@ 0x50
1000430c:	469c      	mov	ip, r3
1000430e:	4462      	add	r2, ip
10004310:	b2d2      	uxtb	r2, r2
10004312:	e7e8      	b.n	100042e6 <_vsnprintf+0x952>
10004314:	2361      	movs	r3, #97	@ 0x61
10004316:	0682      	lsls	r2, r0, #26
10004318:	d500      	bpl.n	1000431c <_vsnprintf+0x988>
1000431a:	2341      	movs	r3, #65	@ 0x41
1000431c:	b2db      	uxtb	r3, r3
1000431e:	3b0a      	subs	r3, #10
10004320:	930c      	str	r3, [sp, #48]	@ 0x30
10004322:	4643      	mov	r3, r8
10004324:	a914      	add	r1, sp, #80	@ 0x50
10004326:	221f      	movs	r2, #31
10004328:	468c      	mov	ip, r1
1000432a:	9315      	str	r3, [sp, #84]	@ 0x54
1000432c:	4653      	mov	r3, sl
1000432e:	4462      	add	r2, ip
10004330:	46a0      	mov	r8, r4
10004332:	46b2      	mov	sl, r6
10004334:	464c      	mov	r4, r9
10004336:	9717      	str	r7, [sp, #92]	@ 0x5c
10004338:	46a9      	mov	r9, r5
1000433a:	0017      	movs	r7, r2
1000433c:	9d09      	ldr	r5, [sp, #36]	@ 0x24
1000433e:	9e0d      	ldr	r6, [sp, #52]	@ 0x34
10004340:	9014      	str	r0, [sp, #80]	@ 0x50
10004342:	9316      	str	r3, [sp, #88]	@ 0x58
10004344:	e008      	b.n	10004358 <_vsnprintf+0x9c4>
10004346:	3330      	adds	r3, #48	@ 0x30
10004348:	b2db      	uxtb	r3, r3
1000434a:	3401      	adds	r4, #1
1000434c:	553b      	strb	r3, [r7, r4]
1000434e:	42b5      	cmp	r5, r6
10004350:	d30e      	bcc.n	10004370 <_vsnprintf+0x9dc>
10004352:	2c20      	cmp	r4, #32
10004354:	d00c      	beq.n	10004370 <_vsnprintf+0x9dc>
10004356:	0005      	movs	r5, r0
10004358:	0031      	movs	r1, r6
1000435a:	0028      	movs	r0, r5
1000435c:	f7fd fdac 	bl	10001eb8 <__wrap___aeabi_uidiv>
10004360:	b2cb      	uxtb	r3, r1
10004362:	2909      	cmp	r1, #9
10004364:	d9ef      	bls.n	10004346 <_vsnprintf+0x9b2>
10004366:	9a0c      	ldr	r2, [sp, #48]	@ 0x30
10004368:	4694      	mov	ip, r2
1000436a:	4463      	add	r3, ip
1000436c:	b2db      	uxtb	r3, r3
1000436e:	e7ec      	b.n	1000434a <_vsnprintf+0x9b6>
10004370:	9b15      	ldr	r3, [sp, #84]	@ 0x54
10004372:	464d      	mov	r5, r9
10004374:	46a1      	mov	r9, r4
10004376:	4644      	mov	r4, r8
10004378:	4698      	mov	r8, r3
1000437a:	9b16      	ldr	r3, [sp, #88]	@ 0x58
1000437c:	4656      	mov	r6, sl
1000437e:	9814      	ldr	r0, [sp, #80]	@ 0x50
10004380:	469a      	mov	sl, r3
10004382:	9f17      	ldr	r7, [sp, #92]	@ 0x5c
10004384:	e5d0      	b.n	10003f28 <_vsnprintf+0x594>
10004386:	42b7      	cmp	r7, r6
10004388:	d9b2      	bls.n	100042f0 <_vsnprintf+0x95c>
1000438a:	9b17      	ldr	r3, [sp, #92]	@ 0x5c
1000438c:	4657      	mov	r7, sl
1000438e:	4698      	mov	r8, r3
10004390:	9b18      	ldr	r3, [sp, #96]	@ 0x60
10004392:	465e      	mov	r6, fp
10004394:	469a      	mov	sl, r3
10004396:	9b1b      	ldr	r3, [sp, #108]	@ 0x6c
10004398:	9409      	str	r4, [sp, #36]	@ 0x24
1000439a:	469b      	mov	fp, r3
1000439c:	9816      	ldr	r0, [sp, #88]	@ 0x58
1000439e:	9c19      	ldr	r4, [sp, #100]	@ 0x64
100043a0:	9d1a      	ldr	r5, [sp, #104]	@ 0x68
100043a2:	4643      	mov	r3, r8
100043a4:	9305      	str	r3, [sp, #20]
100043a6:	4653      	mov	r3, sl
100043a8:	9304      	str	r3, [sp, #16]
100043aa:	9b0d      	ldr	r3, [sp, #52]	@ 0x34
100043ac:	9006      	str	r0, [sp, #24]
100043ae:	9303      	str	r3, [sp, #12]
100043b0:	2300      	movs	r3, #0
100043b2:	9302      	str	r3, [sp, #8]
100043b4:	9b09      	ldr	r3, [sp, #36]	@ 0x24
100043b6:	e705      	b.n	100041c4 <_vsnprintf+0x830>
100043b8:	9b0f      	ldr	r3, [sp, #60]	@ 0x3c
100043ba:	4598      	cmp	r8, r3
100043bc:	d900      	bls.n	100043c0 <_vsnprintf+0xa2c>
100043be:	e714      	b.n	100041ea <_vsnprintf+0x856>
100043c0:	3301      	adds	r3, #1
100043c2:	930f      	str	r3, [sp, #60]	@ 0x3c
100043c4:	e42d      	b.n	10003c22 <_vsnprintf+0x28e>
100043c6:	2310      	movs	r3, #16
100043c8:	0011      	movs	r1, r2
100043ca:	4399      	bics	r1, r3
100043cc:	910d      	str	r1, [sp, #52]	@ 0x34
100043ce:	2869      	cmp	r0, #105	@ 0x69
100043d0:	d000      	beq.n	100043d4 <_vsnprintf+0xa40>
100043d2:	e0ba      	b.n	1000454a <_vsnprintf+0xbb6>
100043d4:	2380      	movs	r3, #128	@ 0x80
100043d6:	0010      	movs	r0, r2
100043d8:	00db      	lsls	r3, r3, #3
100043da:	4018      	ands	r0, r3
100043dc:	421a      	tst	r2, r3
100043de:	d100      	bne.n	100043e2 <_vsnprintf+0xa4e>
100043e0:	e622      	b.n	10004028 <_vsnprintf+0x694>
100043e2:	e61d      	b.n	10004020 <_vsnprintf+0x68c>
100043e4:	9b0c      	ldr	r3, [sp, #48]	@ 0x30
100043e6:	681b      	ldr	r3, [r3, #0]
100043e8:	0fda      	lsrs	r2, r3, #31
100043ea:	0011      	movs	r1, r2
100043ec:	2b00      	cmp	r3, #0
100043ee:	d100      	bne.n	100043f2 <_vsnprintf+0xa5e>
100043f0:	e08c      	b.n	1000450c <_vsnprintf+0xb78>
100043f2:	17da      	asrs	r2, r3, #31
100043f4:	1898      	adds	r0, r3, r2
100043f6:	4050      	eors	r0, r2
100043f8:	aa14      	add	r2, sp, #80	@ 0x50
100043fa:	4691      	mov	r9, r2
100043fc:	4642      	mov	r2, r8
100043fe:	231f      	movs	r3, #31
10004400:	9214      	str	r2, [sp, #80]	@ 0x50
10004402:	4652      	mov	r2, sl
10004404:	444b      	add	r3, r9
10004406:	46a0      	mov	r8, r4
10004408:	46a9      	mov	r9, r5
1000440a:	9716      	str	r7, [sp, #88]	@ 0x58
1000440c:	0004      	movs	r4, r0
1000440e:	4665      	mov	r5, ip
10004410:	46b2      	mov	sl, r6
10004412:	001f      	movs	r7, r3
10004414:	910c      	str	r1, [sp, #48]	@ 0x30
10004416:	9215      	str	r2, [sp, #84]	@ 0x54
10004418:	e001      	b.n	1000441e <_vsnprintf+0xa8a>
1000441a:	2d20      	cmp	r5, #32
1000441c:	d00f      	beq.n	1000443e <_vsnprintf+0xaaa>
1000441e:	0020      	movs	r0, r4
10004420:	210a      	movs	r1, #10
10004422:	f7fd fd49 	bl	10001eb8 <__wrap___aeabi_uidiv>
10004426:	3501      	adds	r5, #1
10004428:	197e      	adds	r6, r7, r5
1000442a:	3130      	adds	r1, #48	@ 0x30
1000442c:	7031      	strb	r1, [r6, #0]
1000442e:	0020      	movs	r0, r4
10004430:	210a      	movs	r1, #10
10004432:	f7fd fd41 	bl	10001eb8 <__wrap___aeabi_uidiv>
10004436:	0026      	movs	r6, r4
10004438:	0004      	movs	r4, r0
1000443a:	2e09      	cmp	r6, #9
1000443c:	d8ed      	bhi.n	1000441a <_vsnprintf+0xa86>
1000443e:	9b14      	ldr	r3, [sp, #80]	@ 0x50
10004440:	4644      	mov	r4, r8
10004442:	4698      	mov	r8, r3
10004444:	9b0c      	ldr	r3, [sp, #48]	@ 0x30
10004446:	46ac      	mov	ip, r5
10004448:	0019      	movs	r1, r3
1000444a:	9b15      	ldr	r3, [sp, #84]	@ 0x54
1000444c:	4656      	mov	r6, sl
1000444e:	464d      	mov	r5, r9
10004450:	469a      	mov	sl, r3
10004452:	9f16      	ldr	r7, [sp, #88]	@ 0x58
10004454:	9b0d      	ldr	r3, [sp, #52]	@ 0x34
10004456:	9102      	str	r1, [sp, #8]
10004458:	9306      	str	r3, [sp, #24]
1000445a:	4643      	mov	r3, r8
1000445c:	9305      	str	r3, [sp, #20]
1000445e:	4653      	mov	r3, sl
10004460:	9304      	str	r3, [sp, #16]
10004462:	230a      	movs	r3, #10
10004464:	9303      	str	r3, [sp, #12]
10004466:	4663      	mov	r3, ip
10004468:	e63c      	b.n	100040e4 <_vsnprintf+0x750>
1000446a:	2800      	cmp	r0, #0
1000446c:	d000      	beq.n	10004470 <_vsnprintf+0xadc>
1000446e:	e62e      	b.n	100040ce <_vsnprintf+0x73a>
10004470:	e602      	b.n	10004078 <_vsnprintf+0x6e4>
10004472:	9b0c      	ldr	r3, [sp, #48]	@ 0x30
10004474:	681b      	ldr	r3, [r3, #0]
10004476:	4699      	mov	r9, r3
10004478:	2b00      	cmp	r3, #0
1000447a:	d103      	bne.n	10004484 <_vsnprintf+0xaf0>
1000447c:	3310      	adds	r3, #16
1000447e:	4398      	bics	r0, r3
10004480:	2900      	cmp	r1, #0
10004482:	d138      	bne.n	100044f6 <_vsnprintf+0xb62>
10004484:	2361      	movs	r3, #97	@ 0x61
10004486:	0682      	lsls	r2, r0, #26
10004488:	d500      	bpl.n	1000448c <_vsnprintf+0xaf8>
1000448a:	2341      	movs	r3, #65	@ 0x41
1000448c:	b2db      	uxtb	r3, r3
1000448e:	3b0a      	subs	r3, #10
10004490:	930c      	str	r3, [sp, #48]	@ 0x30
10004492:	4643      	mov	r3, r8
10004494:	9316      	str	r3, [sp, #88]	@ 0x58
10004496:	4653      	mov	r3, sl
10004498:	a914      	add	r1, sp, #80	@ 0x50
1000449a:	221f      	movs	r2, #31
1000449c:	468c      	mov	ip, r1
1000449e:	9317      	str	r3, [sp, #92]	@ 0x5c
100044a0:	002b      	movs	r3, r5
100044a2:	4462      	add	r2, ip
100044a4:	46a0      	mov	r8, r4
100044a6:	464d      	mov	r5, r9
100044a8:	46b2      	mov	sl, r6
100044aa:	9718      	str	r7, [sp, #96]	@ 0x60
100044ac:	4699      	mov	r9, r3
100044ae:	0017      	movs	r7, r2
100044b0:	9c14      	ldr	r4, [sp, #80]	@ 0x50
100044b2:	9e0d      	ldr	r6, [sp, #52]	@ 0x34
100044b4:	9015      	str	r0, [sp, #84]	@ 0x54
100044b6:	e008      	b.n	100044ca <_vsnprintf+0xb36>
100044b8:	3330      	adds	r3, #48	@ 0x30
100044ba:	b2db      	uxtb	r3, r3
100044bc:	3401      	adds	r4, #1
100044be:	553b      	strb	r3, [r7, r4]
100044c0:	42b5      	cmp	r5, r6
100044c2:	d30e      	bcc.n	100044e2 <_vsnprintf+0xb4e>
100044c4:	2c20      	cmp	r4, #32
100044c6:	d00c      	beq.n	100044e2 <_vsnprintf+0xb4e>
100044c8:	0005      	movs	r5, r0
100044ca:	0031      	movs	r1, r6
100044cc:	0028      	movs	r0, r5
100044ce:	f7fd fcf3 	bl	10001eb8 <__wrap___aeabi_uidiv>
100044d2:	b2cb      	uxtb	r3, r1
100044d4:	2909      	cmp	r1, #9
100044d6:	d9ef      	bls.n	100044b8 <_vsnprintf+0xb24>
100044d8:	9a0c      	ldr	r2, [sp, #48]	@ 0x30
100044da:	4694      	mov	ip, r2
100044dc:	4463      	add	r3, ip
100044de:	b2db      	uxtb	r3, r3
100044e0:	e7ec      	b.n	100044bc <_vsnprintf+0xb28>
100044e2:	9b16      	ldr	r3, [sp, #88]	@ 0x58
100044e4:	9414      	str	r4, [sp, #80]	@ 0x50
100044e6:	4644      	mov	r4, r8
100044e8:	4698      	mov	r8, r3
100044ea:	9b17      	ldr	r3, [sp, #92]	@ 0x5c
100044ec:	4656      	mov	r6, sl
100044ee:	464d      	mov	r5, r9
100044f0:	469a      	mov	sl, r3
100044f2:	9815      	ldr	r0, [sp, #84]	@ 0x54
100044f4:	9f18      	ldr	r7, [sp, #96]	@ 0x60
100044f6:	4643      	mov	r3, r8
100044f8:	9305      	str	r3, [sp, #20]
100044fa:	4653      	mov	r3, sl
100044fc:	9304      	str	r3, [sp, #16]
100044fe:	9b0d      	ldr	r3, [sp, #52]	@ 0x34
10004500:	9006      	str	r0, [sp, #24]
10004502:	9303      	str	r3, [sp, #12]
10004504:	2300      	movs	r3, #0
10004506:	9302      	str	r3, [sp, #8]
10004508:	9b14      	ldr	r3, [sp, #80]	@ 0x50
1000450a:	e5eb      	b.n	100040e4 <_vsnprintf+0x750>
1000450c:	2800      	cmp	r0, #0
1000450e:	d1a1      	bne.n	10004454 <_vsnprintf+0xac0>
10004510:	e772      	b.n	100043f8 <_vsnprintf+0xa64>
10004512:	9b0c      	ldr	r3, [sp, #48]	@ 0x30
10004514:	681b      	ldr	r3, [r3, #0]
10004516:	17d9      	asrs	r1, r3, #31
10004518:	185a      	adds	r2, r3, r1
1000451a:	404a      	eors	r2, r1
1000451c:	e5a6      	b.n	1000406c <_vsnprintf+0x6d8>
1000451e:	2380      	movs	r3, #128	@ 0x80
10004520:	0010      	movs	r0, r2
10004522:	00db      	lsls	r3, r3, #3
10004524:	4018      	ands	r0, r3
10004526:	469c      	mov	ip, r3
10004528:	900f      	str	r0, [sp, #60]	@ 0x3c
1000452a:	421a      	tst	r2, r3
1000452c:	d00f      	beq.n	1000454e <_vsnprintf+0xbba>
1000452e:	2002      	movs	r0, #2
10004530:	0003      	movs	r3, r0
10004532:	4013      	ands	r3, r2
10004534:	930f      	str	r3, [sp, #60]	@ 0x3c
10004536:	4210      	tst	r0, r2
10004538:	d019      	beq.n	1000456e <_vsnprintf+0xbda>
1000453a:	2300      	movs	r3, #0
1000453c:	46a1      	mov	r9, r4
1000453e:	930f      	str	r3, [sp, #60]	@ 0x3c
10004540:	e54c      	b.n	10003fdc <_vsnprintf+0x648>
10004542:	9b0c      	ldr	r3, [sp, #48]	@ 0x30
10004544:	681b      	ldr	r3, [r3, #0]
10004546:	9309      	str	r3, [sp, #36]	@ 0x24
10004548:	e4e4      	b.n	10003f14 <_vsnprintf+0x580>
1000454a:	000a      	movs	r2, r1
1000454c:	e434      	b.n	10003db8 <_vsnprintf+0x424>
1000454e:	2302      	movs	r3, #2
10004550:	0018      	movs	r0, r3
10004552:	4010      	ands	r0, r2
10004554:	900d      	str	r0, [sp, #52]	@ 0x34
10004556:	4213      	tst	r3, r2
10004558:	d000      	beq.n	1000455c <_vsnprintf+0xbc8>
1000455a:	e53e      	b.n	10003fda <_vsnprintf+0x646>
1000455c:	4643      	mov	r3, r8
1000455e:	2b00      	cmp	r3, #0
10004560:	d000      	beq.n	10004564 <_vsnprintf+0xbd0>
10004562:	e642      	b.n	100041ea <_vsnprintf+0x856>
10004564:	f7ff fb71 	bl	10003c4a <_vsnprintf+0x2b6>
10004568:	3301      	adds	r3, #1
1000456a:	930f      	str	r3, [sp, #60]	@ 0x3c
1000456c:	e47f      	b.n	10003e6e <_vsnprintf+0x4da>
1000456e:	4663      	mov	r3, ip
10004570:	930d      	str	r3, [sp, #52]	@ 0x34
10004572:	e7f3      	b.n	1000455c <_vsnprintf+0xbc8>

10004574 <vfctprintf>:
10004574:	b510      	push	{r4, lr}
10004576:	000c      	movs	r4, r1
10004578:	b084      	sub	sp, #16
1000457a:	9403      	str	r4, [sp, #12]
1000457c:	2401      	movs	r4, #1
1000457e:	a902      	add	r1, sp, #8
10004580:	9002      	str	r0, [sp, #8]
10004582:	9300      	str	r3, [sp, #0]
10004584:	4803      	ldr	r0, [pc, #12]	@ (10004594 <vfctprintf+0x20>)
10004586:	0013      	movs	r3, r2
10004588:	4262      	negs	r2, r4
1000458a:	f7ff fa03 	bl	10003994 <_vsnprintf>
1000458e:	b004      	add	sp, #16
10004590:	bd10      	pop	{r4, pc}
10004592:	46c0      	nop			@ (mov r8, r8)
10004594:	10002f61 	.word	0x10002f61

10004598 <weak_raw_vprintf>:
10004598:	b510      	push	{r4, lr}
1000459a:	4a09      	ldr	r2, [pc, #36]	@ (100045c0 <weak_raw_vprintf+0x28>)
1000459c:	0003      	movs	r3, r0
1000459e:	6814      	ldr	r4, [r2, #0]
100045a0:	b084      	sub	sp, #16
100045a2:	2c00      	cmp	r4, #0
100045a4:	d008      	beq.n	100045b8 <weak_raw_vprintf+0x20>
100045a6:	2201      	movs	r2, #1
100045a8:	9100      	str	r1, [sp, #0]
100045aa:	4806      	ldr	r0, [pc, #24]	@ (100045c4 <weak_raw_vprintf+0x2c>)
100045ac:	4252      	negs	r2, r2
100045ae:	a903      	add	r1, sp, #12
100045b0:	47a0      	blx	r4
100045b2:	2001      	movs	r0, #1
100045b4:	b004      	add	sp, #16
100045b6:	bd10      	pop	{r4, pc}
100045b8:	f000 f9e4 	bl	10004984 <__wrap_puts>
100045bc:	2000      	movs	r0, #0
100045be:	e7f9      	b.n	100045b4 <weak_raw_vprintf+0x1c>
100045c0:	20001f3c 	.word	0x20001f3c
100045c4:	10002f51 	.word	0x10002f51

100045c8 <_exit>:
100045c8:	be00      	bkpt	0x0000
100045ca:	e7fd      	b.n	100045c8 <_exit>

100045cc <exit>:
100045cc:	b510      	push	{r4, lr}
100045ce:	f7ff fffb 	bl	100045c8 <_exit>
100045d2:	46c0      	nop			@ (mov r8, r8)

100045d4 <runtime_init>:
100045d4:	b570      	push	{r4, r5, r6, lr}
100045d6:	f7fd fb23 	bl	10001c20 <runtime_run_initializers>
100045da:	4d07      	ldr	r5, [pc, #28]	@ (100045f8 <runtime_init+0x24>)
100045dc:	4e07      	ldr	r6, [pc, #28]	@ (100045fc <runtime_init+0x28>)
100045de:	42b5      	cmp	r5, r6
100045e0:	d209      	bcs.n	100045f6 <runtime_init+0x22>
100045e2:	2400      	movs	r4, #0
100045e4:	3e01      	subs	r6, #1
100045e6:	1b76      	subs	r6, r6, r5
100045e8:	08b6      	lsrs	r6, r6, #2
100045ea:	cd08      	ldmia	r5!, {r3}
100045ec:	4798      	blx	r3
100045ee:	0023      	movs	r3, r4
100045f0:	3401      	adds	r4, #1
100045f2:	42b3      	cmp	r3, r6
100045f4:	d1f9      	bne.n	100045ea <runtime_init+0x16>
100045f6:	bd70      	pop	{r4, r5, r6, pc}
100045f8:	100073ac 	.word	0x100073ac
100045fc:	100073b4 	.word	0x100073b4

10004600 <stdio_out_chars_no_crlf>:
10004600:	0003      	movs	r3, r0
10004602:	b510      	push	{r4, lr}
10004604:	0008      	movs	r0, r1
10004606:	0011      	movs	r1, r2
10004608:	681b      	ldr	r3, [r3, #0]
1000460a:	4798      	blx	r3
1000460c:	bd10      	pop	{r4, pc}
1000460e:	46c0      	nop			@ (mov r8, r8)

10004610 <stdio_out_chars_crlf>:
10004610:	b5f0      	push	{r4, r5, r6, r7, lr}
10004612:	46c6      	mov	lr, r8
10004614:	b500      	push	{lr}
10004616:	7d43      	ldrb	r3, [r0, #21]
10004618:	0007      	movs	r7, r0
1000461a:	000c      	movs	r4, r1
1000461c:	0016      	movs	r6, r2
1000461e:	2b00      	cmp	r3, #0
10004620:	d046      	beq.n	100046b0 <stdio_out_chars_crlf+0xa0>
10004622:	2a00      	cmp	r2, #0
10004624:	dd17      	ble.n	10004656 <stdio_out_chars_crlf+0x46>
10004626:	780b      	ldrb	r3, [r1, #0]
10004628:	2b0a      	cmp	r3, #10
1000462a:	d024      	beq.n	10004676 <stdio_out_chars_crlf+0x66>
1000462c:	2300      	movs	r3, #0
1000462e:	4698      	mov	r8, r3
10004630:	2e01      	cmp	r6, #1
10004632:	d013      	beq.n	1000465c <stdio_out_chars_crlf+0x4c>
10004634:	2501      	movs	r5, #1
10004636:	0029      	movs	r1, r5
10004638:	5c63      	ldrb	r3, [r4, r1]
1000463a:	3501      	adds	r5, #1
1000463c:	2b0a      	cmp	r3, #10
1000463e:	d026      	beq.n	1000468e <stdio_out_chars_crlf+0x7e>
10004640:	42b5      	cmp	r5, r6
10004642:	d1f8      	bne.n	10004636 <stdio_out_chars_crlf+0x26>
10004644:	4546      	cmp	r6, r8
10004646:	dc09      	bgt.n	1000465c <stdio_out_chars_crlf+0x4c>
10004648:	19a4      	adds	r4, r4, r6
1000464a:	3c01      	subs	r4, #1
1000464c:	7823      	ldrb	r3, [r4, #0]
1000464e:	3b0d      	subs	r3, #13
10004650:	425a      	negs	r2, r3
10004652:	4153      	adcs	r3, r2
10004654:	753b      	strb	r3, [r7, #20]
10004656:	bc80      	pop	{r7}
10004658:	46b8      	mov	r8, r7
1000465a:	bdf0      	pop	{r4, r5, r6, r7, pc}
1000465c:	4643      	mov	r3, r8
1000465e:	18e0      	adds	r0, r4, r3
10004660:	19a4      	adds	r4, r4, r6
10004662:	1af1      	subs	r1, r6, r3
10004664:	3c01      	subs	r4, #1
10004666:	683b      	ldr	r3, [r7, #0]
10004668:	4798      	blx	r3
1000466a:	7823      	ldrb	r3, [r4, #0]
1000466c:	3b0d      	subs	r3, #13
1000466e:	425a      	negs	r2, r3
10004670:	4153      	adcs	r3, r2
10004672:	753b      	strb	r3, [r7, #20]
10004674:	e7ef      	b.n	10004656 <stdio_out_chars_crlf+0x46>
10004676:	7d03      	ldrb	r3, [r0, #20]
10004678:	2b00      	cmp	r3, #0
1000467a:	d1d7      	bne.n	1000462c <stdio_out_chars_crlf+0x1c>
1000467c:	2102      	movs	r1, #2
1000467e:	480f      	ldr	r0, [pc, #60]	@ (100046bc <stdio_out_chars_crlf+0xac>)
10004680:	683b      	ldr	r3, [r7, #0]
10004682:	4798      	blx	r3
10004684:	2e01      	cmp	r6, #1
10004686:	d0df      	beq.n	10004648 <stdio_out_chars_crlf+0x38>
10004688:	2301      	movs	r3, #1
1000468a:	4698      	mov	r8, r3
1000468c:	e7d2      	b.n	10004634 <stdio_out_chars_crlf+0x24>
1000468e:	1e63      	subs	r3, r4, #1
10004690:	5c5b      	ldrb	r3, [r3, r1]
10004692:	2b0d      	cmp	r3, #13
10004694:	d0d4      	beq.n	10004640 <stdio_out_chars_crlf+0x30>
10004696:	4588      	cmp	r8, r1
10004698:	da04      	bge.n	100046a4 <stdio_out_chars_crlf+0x94>
1000469a:	4643      	mov	r3, r8
1000469c:	1ac9      	subs	r1, r1, r3
1000469e:	18e0      	adds	r0, r4, r3
100046a0:	683b      	ldr	r3, [r7, #0]
100046a2:	4798      	blx	r3
100046a4:	2102      	movs	r1, #2
100046a6:	4805      	ldr	r0, [pc, #20]	@ (100046bc <stdio_out_chars_crlf+0xac>)
100046a8:	683b      	ldr	r3, [r7, #0]
100046aa:	46a8      	mov	r8, r5
100046ac:	4798      	blx	r3
100046ae:	e7c7      	b.n	10004640 <stdio_out_chars_crlf+0x30>
100046b0:	6803      	ldr	r3, [r0, #0]
100046b2:	0011      	movs	r1, r2
100046b4:	0020      	movs	r0, r4
100046b6:	4798      	blx	r3
100046b8:	e7cd      	b.n	10004656 <stdio_out_chars_crlf+0x46>
100046ba:	46c0      	nop			@ (mov r8, r8)
100046bc:	10007a68 	.word	0x10007a68

100046c0 <stdio_buffered_printer>:
100046c0:	b5f0      	push	{r4, r5, r6, r7, lr}
100046c2:	46c6      	mov	lr, r8
100046c4:	680b      	ldr	r3, [r1, #0]
100046c6:	0006      	movs	r6, r0
100046c8:	000c      	movs	r4, r1
100046ca:	b500      	push	{lr}
100046cc:	2b80      	cmp	r3, #128	@ 0x80
100046ce:	d006      	beq.n	100046de <stdio_buffered_printer+0x1e>
100046d0:	1c5a      	adds	r2, r3, #1
100046d2:	6022      	str	r2, [r4, #0]
100046d4:	18e4      	adds	r4, r4, r3
100046d6:	7126      	strb	r6, [r4, #4]
100046d8:	bc80      	pop	{r7}
100046da:	46b8      	mov	r8, r7
100046dc:	bdf0      	pop	{r4, r5, r6, r7, pc}
100046de:	4b0f      	ldr	r3, [pc, #60]	@ (1000471c <stdio_buffered_printer+0x5c>)
100046e0:	681d      	ldr	r5, [r3, #0]
100046e2:	2d00      	cmp	r5, #0
100046e4:	d016      	beq.n	10004714 <stdio_buffered_printer+0x54>
100046e6:	1d0b      	adds	r3, r1, #4
100046e8:	4698      	mov	r8, r3
100046ea:	4f0d      	ldr	r7, [pc, #52]	@ (10004720 <stdio_buffered_printer+0x60>)
100046ec:	e002      	b.n	100046f4 <stdio_buffered_printer+0x34>
100046ee:	692d      	ldr	r5, [r5, #16]
100046f0:	2d00      	cmp	r5, #0
100046f2:	d00f      	beq.n	10004714 <stdio_buffered_printer+0x54>
100046f4:	682b      	ldr	r3, [r5, #0]
100046f6:	2b00      	cmp	r3, #0
100046f8:	d0f9      	beq.n	100046ee <stdio_buffered_printer+0x2e>
100046fa:	683b      	ldr	r3, [r7, #0]
100046fc:	2b00      	cmp	r3, #0
100046fe:	d001      	beq.n	10004704 <stdio_buffered_printer+0x44>
10004700:	42ab      	cmp	r3, r5
10004702:	d1f4      	bne.n	100046ee <stdio_buffered_printer+0x2e>
10004704:	0028      	movs	r0, r5
10004706:	4641      	mov	r1, r8
10004708:	6822      	ldr	r2, [r4, #0]
1000470a:	f7ff ff81 	bl	10004610 <stdio_out_chars_crlf>
1000470e:	692d      	ldr	r5, [r5, #16]
10004710:	2d00      	cmp	r5, #0
10004712:	d1ef      	bne.n	100046f4 <stdio_buffered_printer+0x34>
10004714:	2201      	movs	r2, #1
10004716:	2300      	movs	r3, #0
10004718:	e7db      	b.n	100046d2 <stdio_buffered_printer+0x12>
1000471a:	46c0      	nop			@ (mov r8, r8)
1000471c:	20001b30 	.word	0x20001b30
10004720:	20001b38 	.word	0x20001b38

10004724 <stdio_put_string>:
10004724:	b5f0      	push	{r4, r5, r6, r7, lr}
10004726:	4645      	mov	r5, r8
10004728:	46de      	mov	lr, fp
1000472a:	464e      	mov	r6, r9
1000472c:	4657      	mov	r7, sl
1000472e:	b5e0      	push	{r5, r6, r7, lr}
10004730:	b083      	sub	sp, #12
10004732:	4691      	mov	r9, r2
10004734:	001c      	movs	r4, r3
10004736:	4680      	mov	r8, r0
10004738:	000d      	movs	r5, r1
1000473a:	f7fd f827 	bl	1000178c <time_us_64>
1000473e:	2300      	movs	r3, #0
10004740:	4a30      	ldr	r2, [pc, #192]	@ (10004804 <stdio_put_string+0xe0>)
10004742:	1812      	adds	r2, r2, r0
10004744:	414b      	adcs	r3, r1
10004746:	2b00      	cmp	r3, #0
10004748:	da02      	bge.n	10004750 <stdio_put_string+0x2c>
1000474a:	2201      	movs	r2, #1
1000474c:	4b2e      	ldr	r3, [pc, #184]	@ (10004808 <stdio_put_string+0xe4>)
1000474e:	4252      	negs	r2, r2
10004750:	492e      	ldr	r1, [pc, #184]	@ (1000480c <stdio_put_string+0xe8>)
10004752:	0008      	movs	r0, r1
10004754:	468a      	mov	sl, r1
10004756:	f002 fde3 	bl	10007320 <__mutex_try_enter_block_until_veneer>
1000475a:	0007      	movs	r7, r0
1000475c:	1c6b      	adds	r3, r5, #1
1000475e:	d103      	bne.n	10004768 <stdio_put_string+0x44>
10004760:	4640      	mov	r0, r8
10004762:	f002 fd73 	bl	1000724c <strlen>
10004766:	0005      	movs	r5, r0
10004768:	2c00      	cmp	r4, #0
1000476a:	d027      	beq.n	100047bc <stdio_put_string+0x98>
1000476c:	4e28      	ldr	r6, [pc, #160]	@ (10004810 <stdio_put_string+0xec>)
1000476e:	4b29      	ldr	r3, [pc, #164]	@ (10004814 <stdio_put_string+0xf0>)
10004770:	681c      	ldr	r4, [r3, #0]
10004772:	2c00      	cmp	r4, #0
10004774:	d018      	beq.n	100047a8 <stdio_put_string+0x84>
10004776:	464b      	mov	r3, r9
10004778:	2b00      	cmp	r3, #0
1000477a:	d121      	bne.n	100047c0 <stdio_put_string+0x9c>
1000477c:	4b26      	ldr	r3, [pc, #152]	@ (10004818 <stdio_put_string+0xf4>)
1000477e:	4699      	mov	r9, r3
10004780:	e002      	b.n	10004788 <stdio_put_string+0x64>
10004782:	6924      	ldr	r4, [r4, #16]
10004784:	2c00      	cmp	r4, #0
10004786:	d00f      	beq.n	100047a8 <stdio_put_string+0x84>
10004788:	6823      	ldr	r3, [r4, #0]
1000478a:	2b00      	cmp	r3, #0
1000478c:	d0f9      	beq.n	10004782 <stdio_put_string+0x5e>
1000478e:	464b      	mov	r3, r9
10004790:	681b      	ldr	r3, [r3, #0]
10004792:	2b00      	cmp	r3, #0
10004794:	d001      	beq.n	1000479a <stdio_put_string+0x76>
10004796:	429c      	cmp	r4, r3
10004798:	d1f3      	bne.n	10004782 <stdio_put_string+0x5e>
1000479a:	0020      	movs	r0, r4
1000479c:	002a      	movs	r2, r5
1000479e:	4641      	mov	r1, r8
100047a0:	47b0      	blx	r6
100047a2:	6924      	ldr	r4, [r4, #16]
100047a4:	2c00      	cmp	r4, #0
100047a6:	d1ef      	bne.n	10004788 <stdio_put_string+0x64>
100047a8:	2f00      	cmp	r7, #0
100047aa:	d126      	bne.n	100047fa <stdio_put_string+0xd6>
100047ac:	0028      	movs	r0, r5
100047ae:	b003      	add	sp, #12
100047b0:	bcf0      	pop	{r4, r5, r6, r7}
100047b2:	46bb      	mov	fp, r7
100047b4:	46b2      	mov	sl, r6
100047b6:	46a9      	mov	r9, r5
100047b8:	46a0      	mov	r8, r4
100047ba:	bdf0      	pop	{r4, r5, r6, r7, pc}
100047bc:	4e17      	ldr	r6, [pc, #92]	@ (1000481c <stdio_put_string+0xf8>)
100047be:	e7d6      	b.n	1000476e <stdio_put_string+0x4a>
100047c0:	4b15      	ldr	r3, [pc, #84]	@ (10004818 <stdio_put_string+0xf4>)
100047c2:	4699      	mov	r9, r3
100047c4:	230a      	movs	r3, #10
100047c6:	469b      	mov	fp, r3
100047c8:	e002      	b.n	100047d0 <stdio_put_string+0xac>
100047ca:	6924      	ldr	r4, [r4, #16]
100047cc:	2c00      	cmp	r4, #0
100047ce:	d0eb      	beq.n	100047a8 <stdio_put_string+0x84>
100047d0:	6823      	ldr	r3, [r4, #0]
100047d2:	2b00      	cmp	r3, #0
100047d4:	d0f9      	beq.n	100047ca <stdio_put_string+0xa6>
100047d6:	464b      	mov	r3, r9
100047d8:	681b      	ldr	r3, [r3, #0]
100047da:	2b00      	cmp	r3, #0
100047dc:	d001      	beq.n	100047e2 <stdio_put_string+0xbe>
100047de:	42a3      	cmp	r3, r4
100047e0:	d1f3      	bne.n	100047ca <stdio_put_string+0xa6>
100047e2:	002a      	movs	r2, r5
100047e4:	4641      	mov	r1, r8
100047e6:	0020      	movs	r0, r4
100047e8:	47b0      	blx	r6
100047ea:	466b      	mov	r3, sp
100047ec:	465a      	mov	r2, fp
100047ee:	0020      	movs	r0, r4
100047f0:	71da      	strb	r2, [r3, #7]
100047f2:	1dd9      	adds	r1, r3, #7
100047f4:	2201      	movs	r2, #1
100047f6:	47b0      	blx	r6
100047f8:	e7e7      	b.n	100047ca <stdio_put_string+0xa6>
100047fa:	4650      	mov	r0, sl
100047fc:	f002 fd68 	bl	100072d0 <__mutex_exit_veneer>
10004800:	e7d4      	b.n	100047ac <stdio_put_string+0x88>
10004802:	46c0      	nop			@ (mov r8, r8)
10004804:	000f4240 	.word	0x000f4240
10004808:	7fffffff 	.word	0x7fffffff
1000480c:	200010a8 	.word	0x200010a8
10004810:	10004611 	.word	0x10004611
10004814:	20001b30 	.word	0x20001b30
10004818:	20001b38 	.word	0x20001b38
1000481c:	10004601 	.word	0x10004601

10004820 <stdio_set_driver_enabled>:
10004820:	4a0a      	ldr	r2, [pc, #40]	@ (1000484c <stdio_set_driver_enabled+0x2c>)
10004822:	6813      	ldr	r3, [r2, #0]
10004824:	2b00      	cmp	r3, #0
10004826:	d105      	bne.n	10004834 <stdio_set_driver_enabled+0x14>
10004828:	e00c      	b.n	10004844 <stdio_set_driver_enabled+0x24>
1000482a:	001a      	movs	r2, r3
1000482c:	691b      	ldr	r3, [r3, #16]
1000482e:	3210      	adds	r2, #16
10004830:	2b00      	cmp	r3, #0
10004832:	d007      	beq.n	10004844 <stdio_set_driver_enabled+0x24>
10004834:	4283      	cmp	r3, r0
10004836:	d1f8      	bne.n	1000482a <stdio_set_driver_enabled+0xa>
10004838:	2900      	cmp	r1, #0
1000483a:	d102      	bne.n	10004842 <stdio_set_driver_enabled+0x22>
1000483c:	6918      	ldr	r0, [r3, #16]
1000483e:	6010      	str	r0, [r2, #0]
10004840:	6119      	str	r1, [r3, #16]
10004842:	4770      	bx	lr
10004844:	2900      	cmp	r1, #0
10004846:	d0fc      	beq.n	10004842 <stdio_set_driver_enabled+0x22>
10004848:	6010      	str	r0, [r2, #0]
1000484a:	e7fa      	b.n	10004842 <stdio_set_driver_enabled+0x22>
1000484c:	20001b30 	.word	0x20001b30

10004850 <stdio_init_all>:
10004850:	b510      	push	{r4, lr}
10004852:	f000 fb3d 	bl	10004ed0 <stdio_usb_init>
10004856:	bd10      	pop	{r4, pc}

10004858 <stdio_getchar_timeout_us>:
10004858:	b5f0      	push	{r4, r5, r6, r7, lr}
1000485a:	46ce      	mov	lr, r9
1000485c:	4647      	mov	r7, r8
1000485e:	0004      	movs	r4, r0
10004860:	b580      	push	{r7, lr}
10004862:	b083      	sub	sp, #12
10004864:	f7fc ff92 	bl	1000178c <time_us_64>
10004868:	0026      	movs	r6, r4
1000486a:	2700      	movs	r7, #0
1000486c:	1836      	adds	r6, r6, r0
1000486e:	414f      	adcs	r7, r1
10004870:	2f00      	cmp	r7, #0
10004872:	da02      	bge.n	1000487a <stdio_getchar_timeout_us+0x22>
10004874:	2601      	movs	r6, #1
10004876:	4f1a      	ldr	r7, [pc, #104]	@ (100048e0 <stdio_getchar_timeout_us+0x88>)
10004878:	4276      	negs	r6, r6
1000487a:	4b1a      	ldr	r3, [pc, #104]	@ (100048e4 <stdio_getchar_timeout_us+0x8c>)
1000487c:	4d1a      	ldr	r5, [pc, #104]	@ (100048e8 <stdio_getchar_timeout_us+0x90>)
1000487e:	4699      	mov	r9, r3
10004880:	ab01      	add	r3, sp, #4
10004882:	4698      	mov	r8, r3
10004884:	464b      	mov	r3, r9
10004886:	681c      	ldr	r4, [r3, #0]
10004888:	2c00      	cmp	r4, #0
1000488a:	d103      	bne.n	10004894 <stdio_getchar_timeout_us+0x3c>
1000488c:	e016      	b.n	100048bc <stdio_getchar_timeout_us+0x64>
1000488e:	6924      	ldr	r4, [r4, #16]
10004890:	2c00      	cmp	r4, #0
10004892:	d013      	beq.n	100048bc <stdio_getchar_timeout_us+0x64>
10004894:	682b      	ldr	r3, [r5, #0]
10004896:	2b00      	cmp	r3, #0
10004898:	d001      	beq.n	1000489e <stdio_getchar_timeout_us+0x46>
1000489a:	429c      	cmp	r4, r3
1000489c:	d1f7      	bne.n	1000488e <stdio_getchar_timeout_us+0x36>
1000489e:	68a3      	ldr	r3, [r4, #8]
100048a0:	2b00      	cmp	r3, #0
100048a2:	d0f4      	beq.n	1000488e <stdio_getchar_timeout_us+0x36>
100048a4:	2101      	movs	r1, #1
100048a6:	4640      	mov	r0, r8
100048a8:	4798      	blx	r3
100048aa:	2800      	cmp	r0, #0
100048ac:	ddef      	ble.n	1000488e <stdio_getchar_timeout_us+0x36>
100048ae:	4643      	mov	r3, r8
100048b0:	7818      	ldrb	r0, [r3, #0]
100048b2:	b003      	add	sp, #12
100048b4:	bcc0      	pop	{r6, r7}
100048b6:	46b9      	mov	r9, r7
100048b8:	46b0      	mov	r8, r6
100048ba:	bdf0      	pop	{r4, r5, r6, r7, pc}
100048bc:	4b0b      	ldr	r3, [pc, #44]	@ (100048ec <stdio_getchar_timeout_us+0x94>)
100048be:	6a5a      	ldr	r2, [r3, #36]	@ 0x24
100048c0:	4297      	cmp	r7, r2
100048c2:	d807      	bhi.n	100048d4 <stdio_getchar_timeout_us+0x7c>
100048c4:	6a9b      	ldr	r3, [r3, #40]	@ 0x28
100048c6:	42b3      	cmp	r3, r6
100048c8:	d302      	bcc.n	100048d0 <stdio_getchar_timeout_us+0x78>
100048ca:	2002      	movs	r0, #2
100048cc:	4240      	negs	r0, r0
100048ce:	e7f0      	b.n	100048b2 <stdio_getchar_timeout_us+0x5a>
100048d0:	4297      	cmp	r7, r2
100048d2:	d1fa      	bne.n	100048ca <stdio_getchar_timeout_us+0x72>
100048d4:	2001      	movs	r0, #1
100048d6:	2100      	movs	r1, #0
100048d8:	f7fc ff62 	bl	100017a0 <busy_wait_us>
100048dc:	e7d2      	b.n	10004884 <stdio_getchar_timeout_us+0x2c>
100048de:	46c0      	nop			@ (mov r8, r8)
100048e0:	7fffffff 	.word	0x7fffffff
100048e4:	20001b30 	.word	0x20001b30
100048e8:	20001b38 	.word	0x20001b38
100048ec:	40054000 	.word	0x40054000

100048f0 <__wrap_putchar>:
100048f0:	b5f0      	push	{r4, r5, r6, r7, lr}
100048f2:	46ce      	mov	lr, r9
100048f4:	4647      	mov	r7, r8
100048f6:	b580      	push	{r7, lr}
100048f8:	b083      	sub	sp, #12
100048fa:	466b      	mov	r3, sp
100048fc:	0006      	movs	r6, r0
100048fe:	1ddd      	adds	r5, r3, #7
10004900:	7028      	strb	r0, [r5, #0]
10004902:	f7fc ff43 	bl	1000178c <time_us_64>
10004906:	2300      	movs	r3, #0
10004908:	4a19      	ldr	r2, [pc, #100]	@ (10004970 <__wrap_putchar+0x80>)
1000490a:	1812      	adds	r2, r2, r0
1000490c:	414b      	adcs	r3, r1
1000490e:	2b00      	cmp	r3, #0
10004910:	da02      	bge.n	10004918 <__wrap_putchar+0x28>
10004912:	2201      	movs	r2, #1
10004914:	4b17      	ldr	r3, [pc, #92]	@ (10004974 <__wrap_putchar+0x84>)
10004916:	4252      	negs	r2, r2
10004918:	4917      	ldr	r1, [pc, #92]	@ (10004978 <__wrap_putchar+0x88>)
1000491a:	0008      	movs	r0, r1
1000491c:	4688      	mov	r8, r1
1000491e:	f002 fcff 	bl	10007320 <__mutex_try_enter_block_until_veneer>
10004922:	4b16      	ldr	r3, [pc, #88]	@ (1000497c <__wrap_putchar+0x8c>)
10004924:	4681      	mov	r9, r0
10004926:	681c      	ldr	r4, [r3, #0]
10004928:	2c00      	cmp	r4, #0
1000492a:	d014      	beq.n	10004956 <__wrap_putchar+0x66>
1000492c:	4f14      	ldr	r7, [pc, #80]	@ (10004980 <__wrap_putchar+0x90>)
1000492e:	e002      	b.n	10004936 <__wrap_putchar+0x46>
10004930:	6924      	ldr	r4, [r4, #16]
10004932:	2c00      	cmp	r4, #0
10004934:	d00f      	beq.n	10004956 <__wrap_putchar+0x66>
10004936:	6823      	ldr	r3, [r4, #0]
10004938:	2b00      	cmp	r3, #0
1000493a:	d0f9      	beq.n	10004930 <__wrap_putchar+0x40>
1000493c:	683b      	ldr	r3, [r7, #0]
1000493e:	2b00      	cmp	r3, #0
10004940:	d001      	beq.n	10004946 <__wrap_putchar+0x56>
10004942:	429c      	cmp	r4, r3
10004944:	d1f4      	bne.n	10004930 <__wrap_putchar+0x40>
10004946:	0020      	movs	r0, r4
10004948:	2201      	movs	r2, #1
1000494a:	0029      	movs	r1, r5
1000494c:	f7ff fe60 	bl	10004610 <stdio_out_chars_crlf>
10004950:	6924      	ldr	r4, [r4, #16]
10004952:	2c00      	cmp	r4, #0
10004954:	d1ef      	bne.n	10004936 <__wrap_putchar+0x46>
10004956:	464b      	mov	r3, r9
10004958:	2b00      	cmp	r3, #0
1000495a:	d105      	bne.n	10004968 <__wrap_putchar+0x78>
1000495c:	0030      	movs	r0, r6
1000495e:	b003      	add	sp, #12
10004960:	bcc0      	pop	{r6, r7}
10004962:	46b9      	mov	r9, r7
10004964:	46b0      	mov	r8, r6
10004966:	bdf0      	pop	{r4, r5, r6, r7, pc}
10004968:	4640      	mov	r0, r8
1000496a:	f002 fcb1 	bl	100072d0 <__mutex_exit_veneer>
1000496e:	e7f5      	b.n	1000495c <__wrap_putchar+0x6c>
10004970:	000f4240 	.word	0x000f4240
10004974:	7fffffff 	.word	0x7fffffff
10004978:	200010a8 	.word	0x200010a8
1000497c:	20001b30 	.word	0x20001b30
10004980:	20001b38 	.word	0x20001b38

10004984 <__wrap_puts>:
10004984:	b570      	push	{r4, r5, r6, lr}
10004986:	0004      	movs	r4, r0
10004988:	f002 fc60 	bl	1000724c <strlen>
1000498c:	2301      	movs	r3, #1
1000498e:	0001      	movs	r1, r0
10004990:	0005      	movs	r5, r0
10004992:	2201      	movs	r2, #1
10004994:	0020      	movs	r0, r4
10004996:	f7ff fec5 	bl	10004724 <stdio_put_string>
1000499a:	4b08      	ldr	r3, [pc, #32]	@ (100049bc <__wrap_puts+0x38>)
1000499c:	681c      	ldr	r4, [r3, #0]
1000499e:	2c00      	cmp	r4, #0
100049a0:	d006      	beq.n	100049b0 <__wrap_puts+0x2c>
100049a2:	6863      	ldr	r3, [r4, #4]
100049a4:	2b00      	cmp	r3, #0
100049a6:	d005      	beq.n	100049b4 <__wrap_puts+0x30>
100049a8:	4798      	blx	r3
100049aa:	6924      	ldr	r4, [r4, #16]
100049ac:	2c00      	cmp	r4, #0
100049ae:	d1f8      	bne.n	100049a2 <__wrap_puts+0x1e>
100049b0:	0028      	movs	r0, r5
100049b2:	bd70      	pop	{r4, r5, r6, pc}
100049b4:	6924      	ldr	r4, [r4, #16]
100049b6:	2c00      	cmp	r4, #0
100049b8:	d1f3      	bne.n	100049a2 <__wrap_puts+0x1e>
100049ba:	e7f9      	b.n	100049b0 <__wrap_puts+0x2c>
100049bc:	20001b30 	.word	0x20001b30

100049c0 <__wrap_vprintf>:
100049c0:	b5f0      	push	{r4, r5, r6, r7, lr}
100049c2:	46ce      	mov	lr, r9
100049c4:	4647      	mov	r7, r8
100049c6:	b580      	push	{r7, lr}
100049c8:	b0a3      	sub	sp, #140	@ 0x8c
100049ca:	0004      	movs	r4, r0
100049cc:	000d      	movs	r5, r1
100049ce:	f7fc fedd 	bl	1000178c <time_us_64>
100049d2:	2300      	movs	r3, #0
100049d4:	4a27      	ldr	r2, [pc, #156]	@ (10004a74 <__wrap_vprintf+0xb4>)
100049d6:	1812      	adds	r2, r2, r0
100049d8:	414b      	adcs	r3, r1
100049da:	2b00      	cmp	r3, #0
100049dc:	da02      	bge.n	100049e4 <__wrap_vprintf+0x24>
100049de:	2201      	movs	r2, #1
100049e0:	4b25      	ldr	r3, [pc, #148]	@ (10004a78 <__wrap_vprintf+0xb8>)
100049e2:	4252      	negs	r2, r2
100049e4:	4e25      	ldr	r6, [pc, #148]	@ (10004a7c <__wrap_vprintf+0xbc>)
100049e6:	0030      	movs	r0, r6
100049e8:	f002 fc9a 	bl	10007320 <__mutex_try_enter_block_until_veneer>
100049ec:	2300      	movs	r3, #0
100049ee:	0022      	movs	r2, r4
100049f0:	9301      	str	r3, [sp, #4]
100049f2:	0007      	movs	r7, r0
100049f4:	002b      	movs	r3, r5
100049f6:	4822      	ldr	r0, [pc, #136]	@ (10004a80 <__wrap_vprintf+0xc0>)
100049f8:	a901      	add	r1, sp, #4
100049fa:	f7ff fdbb 	bl	10004574 <vfctprintf>
100049fe:	4b21      	ldr	r3, [pc, #132]	@ (10004a84 <__wrap_vprintf+0xc4>)
10004a00:	4680      	mov	r8, r0
10004a02:	4699      	mov	r9, r3
10004a04:	681c      	ldr	r4, [r3, #0]
10004a06:	9b01      	ldr	r3, [sp, #4]
10004a08:	2b00      	cmp	r3, #0
10004a0a:	d01a      	beq.n	10004a42 <__wrap_vprintf+0x82>
10004a0c:	2c00      	cmp	r4, #0
10004a0e:	d02f      	beq.n	10004a70 <__wrap_vprintf+0xb0>
10004a10:	4d1d      	ldr	r5, [pc, #116]	@ (10004a88 <__wrap_vprintf+0xc8>)
10004a12:	e002      	b.n	10004a1a <__wrap_vprintf+0x5a>
10004a14:	6924      	ldr	r4, [r4, #16]
10004a16:	2c00      	cmp	r4, #0
10004a18:	d00f      	beq.n	10004a3a <__wrap_vprintf+0x7a>
10004a1a:	6823      	ldr	r3, [r4, #0]
10004a1c:	2b00      	cmp	r3, #0
10004a1e:	d0f9      	beq.n	10004a14 <__wrap_vprintf+0x54>
10004a20:	682b      	ldr	r3, [r5, #0]
10004a22:	2b00      	cmp	r3, #0
10004a24:	d001      	beq.n	10004a2a <__wrap_vprintf+0x6a>
10004a26:	42a3      	cmp	r3, r4
10004a28:	d1f4      	bne.n	10004a14 <__wrap_vprintf+0x54>
10004a2a:	0020      	movs	r0, r4
10004a2c:	9a01      	ldr	r2, [sp, #4]
10004a2e:	a902      	add	r1, sp, #8
10004a30:	f7ff fdee 	bl	10004610 <stdio_out_chars_crlf>
10004a34:	6924      	ldr	r4, [r4, #16]
10004a36:	2c00      	cmp	r4, #0
10004a38:	d1ef      	bne.n	10004a1a <__wrap_vprintf+0x5a>
10004a3a:	464b      	mov	r3, r9
10004a3c:	681c      	ldr	r4, [r3, #0]
10004a3e:	2300      	movs	r3, #0
10004a40:	9301      	str	r3, [sp, #4]
10004a42:	2c00      	cmp	r4, #0
10004a44:	d006      	beq.n	10004a54 <__wrap_vprintf+0x94>
10004a46:	6863      	ldr	r3, [r4, #4]
10004a48:	2b00      	cmp	r3, #0
10004a4a:	d00b      	beq.n	10004a64 <__wrap_vprintf+0xa4>
10004a4c:	4798      	blx	r3
10004a4e:	6924      	ldr	r4, [r4, #16]
10004a50:	2c00      	cmp	r4, #0
10004a52:	d1f8      	bne.n	10004a46 <__wrap_vprintf+0x86>
10004a54:	2f00      	cmp	r7, #0
10004a56:	d107      	bne.n	10004a68 <__wrap_vprintf+0xa8>
10004a58:	4640      	mov	r0, r8
10004a5a:	b023      	add	sp, #140	@ 0x8c
10004a5c:	bcc0      	pop	{r6, r7}
10004a5e:	46b9      	mov	r9, r7
10004a60:	46b0      	mov	r8, r6
10004a62:	bdf0      	pop	{r4, r5, r6, r7, pc}
10004a64:	6924      	ldr	r4, [r4, #16]
10004a66:	e7ec      	b.n	10004a42 <__wrap_vprintf+0x82>
10004a68:	0030      	movs	r0, r6
10004a6a:	f002 fc31 	bl	100072d0 <__mutex_exit_veneer>
10004a6e:	e7f3      	b.n	10004a58 <__wrap_vprintf+0x98>
10004a70:	9401      	str	r4, [sp, #4]
10004a72:	e7ef      	b.n	10004a54 <__wrap_vprintf+0x94>
10004a74:	000f4240 	.word	0x000f4240
10004a78:	7fffffff 	.word	0x7fffffff
10004a7c:	200010a8 	.word	0x200010a8
10004a80:	100046c1 	.word	0x100046c1
10004a84:	20001b30 	.word	0x20001b30
10004a88:	20001b38 	.word	0x20001b38

10004a8c <__wrap_printf>:
10004a8c:	b40f      	push	{r0, r1, r2, r3}
10004a8e:	b500      	push	{lr}
10004a90:	b083      	sub	sp, #12
10004a92:	a904      	add	r1, sp, #16
10004a94:	c901      	ldmia	r1!, {r0}
10004a96:	9101      	str	r1, [sp, #4]
10004a98:	f7ff ff92 	bl	100049c0 <__wrap_vprintf>
10004a9c:	b003      	add	sp, #12
10004a9e:	bc08      	pop	{r3}
10004aa0:	b004      	add	sp, #16
10004aa2:	4718      	bx	r3

10004aa4 <resetd_init>:
10004aa4:	4770      	bx	lr
10004aa6:	46c0      	nop			@ (mov r8, r8)

10004aa8 <resetd_reset>:
10004aa8:	2200      	movs	r2, #0
10004aaa:	4b01      	ldr	r3, [pc, #4]	@ (10004ab0 <resetd_reset+0x8>)
10004aac:	701a      	strb	r2, [r3, #0]
10004aae:	4770      	bx	lr
10004ab0:	20001fae 	.word	0x20001fae

10004ab4 <resetd_open>:
10004ab4:	794b      	ldrb	r3, [r1, #5]
10004ab6:	2000      	movs	r0, #0
10004ab8:	2bff      	cmp	r3, #255	@ 0xff
10004aba:	d10b      	bne.n	10004ad4 <resetd_open+0x20>
10004abc:	798b      	ldrb	r3, [r1, #6]
10004abe:	2b00      	cmp	r3, #0
10004ac0:	d108      	bne.n	10004ad4 <resetd_open+0x20>
10004ac2:	79cb      	ldrb	r3, [r1, #7]
10004ac4:	2b01      	cmp	r3, #1
10004ac6:	d105      	bne.n	10004ad4 <resetd_open+0x20>
10004ac8:	2a08      	cmp	r2, #8
10004aca:	d903      	bls.n	10004ad4 <resetd_open+0x20>
10004acc:	4b02      	ldr	r3, [pc, #8]	@ (10004ad8 <resetd_open+0x24>)
10004ace:	788a      	ldrb	r2, [r1, #2]
10004ad0:	3009      	adds	r0, #9
10004ad2:	701a      	strb	r2, [r3, #0]
10004ad4:	4770      	bx	lr
10004ad6:	46c0      	nop			@ (mov r8, r8)
10004ad8:	20001fae 	.word	0x20001fae

10004adc <resetd_xfer_cb>:
10004adc:	2001      	movs	r0, #1
10004ade:	4770      	bx	lr

10004ae0 <resetd_control_xfer_cb>:
10004ae0:	b510      	push	{r4, lr}
10004ae2:	2901      	cmp	r1, #1
10004ae4:	d113      	bne.n	10004b0e <resetd_control_xfer_cb+0x2e>
10004ae6:	4912      	ldr	r1, [pc, #72]	@ (10004b30 <resetd_control_xfer_cb+0x50>)
10004ae8:	7953      	ldrb	r3, [r2, #5]
10004aea:	7910      	ldrb	r0, [r2, #4]
10004aec:	7809      	ldrb	r1, [r1, #0]
10004aee:	021b      	lsls	r3, r3, #8
10004af0:	4303      	orrs	r3, r0
10004af2:	2000      	movs	r0, #0
10004af4:	4299      	cmp	r1, r3
10004af6:	d000      	beq.n	10004afa <resetd_control_xfer_cb+0x1a>
10004af8:	bd10      	pop	{r4, pc}
10004afa:	7853      	ldrb	r3, [r2, #1]
10004afc:	2b01      	cmp	r3, #1
10004afe:	d008      	beq.n	10004b12 <resetd_control_xfer_cb+0x32>
10004b00:	2b02      	cmp	r3, #2
10004b02:	d1f9      	bne.n	10004af8 <resetd_control_xfer_cb+0x18>
10004b04:	2264      	movs	r2, #100	@ 0x64
10004b06:	2100      	movs	r1, #0
10004b08:	2000      	movs	r0, #0
10004b0a:	f7fc ffd3 	bl	10001ab4 <watchdog_reboot>
10004b0e:	2001      	movs	r0, #1
10004b10:	e7f2      	b.n	10004af8 <resetd_control_xfer_cb+0x18>
10004b12:	78d3      	ldrb	r3, [r2, #3]
10004b14:	7891      	ldrb	r1, [r2, #2]
10004b16:	021b      	lsls	r3, r3, #8
10004b18:	4319      	orrs	r1, r3
10004b1a:	0a48      	lsrs	r0, r1, #9
10004b1c:	05db      	lsls	r3, r3, #23
10004b1e:	d401      	bmi.n	10004b24 <resetd_control_xfer_cb+0x44>
10004b20:	2001      	movs	r0, #1
10004b22:	4240      	negs	r0, r0
10004b24:	237f      	movs	r3, #127	@ 0x7f
10004b26:	058a      	lsls	r2, r1, #22
10004b28:	0fd2      	lsrs	r2, r2, #31
10004b2a:	4019      	ands	r1, r3
10004b2c:	f7fd f84a 	bl	10001bc4 <rom_reset_usb_boot_extra>
10004b30:	20001fae 	.word	0x20001fae

10004b34 <tud_descriptor_bos_cb>:
10004b34:	4800      	ldr	r0, [pc, #0]	@ (10004b38 <tud_descriptor_bos_cb+0x4>)
10004b36:	4770      	bx	lr
10004b38:	10007b34 	.word	0x10007b34

10004b3c <tud_vendor_control_xfer_cb>:
10004b3c:	b570      	push	{r4, r5, r6, lr}
10004b3e:	0005      	movs	r5, r0
10004b40:	0014      	movs	r4, r2
10004b42:	2001      	movs	r0, #1
10004b44:	2901      	cmp	r1, #1
10004b46:	d109      	bne.n	10004b5c <tud_vendor_control_xfer_cb+0x20>
10004b48:	7853      	ldrb	r3, [r2, #1]
10004b4a:	2000      	movs	r0, #0
10004b4c:	2b01      	cmp	r3, #1
10004b4e:	d105      	bne.n	10004b5c <tud_vendor_control_xfer_cb+0x20>
10004b50:	7963      	ldrb	r3, [r4, #5]
10004b52:	7912      	ldrb	r2, [r2, #4]
10004b54:	021b      	lsls	r3, r3, #8
10004b56:	4313      	orrs	r3, r2
10004b58:	2b07      	cmp	r3, #7
10004b5a:	d000      	beq.n	10004b5e <tud_vendor_control_xfer_cb+0x22>
10004b5c:	bd70      	pop	{r4, r5, r6, pc}
10004b5e:	0021      	movs	r1, r4
10004b60:	0028      	movs	r0, r5
10004b62:	4a02      	ldr	r2, [pc, #8]	@ (10004b6c <tud_vendor_control_xfer_cb+0x30>)
10004b64:	339f      	adds	r3, #159	@ 0x9f
10004b66:	f001 fa55 	bl	10006014 <tud_control_xfer>
10004b6a:	e7f7      	b.n	10004b5c <tud_vendor_control_xfer_cb+0x20>
10004b6c:	10007a8c 	.word	0x10007a8c

10004b70 <usbd_app_driver_get_cb>:
10004b70:	2301      	movs	r3, #1
10004b72:	7003      	strb	r3, [r0, #0]
10004b74:	4800      	ldr	r0, [pc, #0]	@ (10004b78 <usbd_app_driver_get_cb+0x8>)
10004b76:	4770      	bx	lr
10004b78:	10007a6c 	.word	0x10007a6c

10004b7c <tud_cdc_line_coding_cb>:
10004b7c:	784b      	ldrb	r3, [r1, #1]
10004b7e:	780a      	ldrb	r2, [r1, #0]
10004b80:	021b      	lsls	r3, r3, #8
10004b82:	4313      	orrs	r3, r2
10004b84:	788a      	ldrb	r2, [r1, #2]
10004b86:	b510      	push	{r4, lr}
10004b88:	0412      	lsls	r2, r2, #16
10004b8a:	431a      	orrs	r2, r3
10004b8c:	78cb      	ldrb	r3, [r1, #3]
10004b8e:	061b      	lsls	r3, r3, #24
10004b90:	4313      	orrs	r3, r2
10004b92:	2296      	movs	r2, #150	@ 0x96
10004b94:	00d2      	lsls	r2, r2, #3
10004b96:	4293      	cmp	r3, r2
10004b98:	d000      	beq.n	10004b9c <tud_cdc_line_coding_cb+0x20>
10004b9a:	bd10      	pop	{r4, pc}
10004b9c:	2200      	movs	r2, #0
10004b9e:	2001      	movs	r0, #1
10004ba0:	0011      	movs	r1, r2
10004ba2:	4240      	negs	r0, r0
10004ba4:	f7fd f80e 	bl	10001bc4 <rom_reset_usb_boot_extra>

10004ba8 <stdio_usb_set_chars_available_callback>:
10004ba8:	4b02      	ldr	r3, [pc, #8]	@ (10004bb4 <stdio_usb_set_chars_available_callback+0xc>)
10004baa:	6018      	str	r0, [r3, #0]
10004bac:	4b02      	ldr	r3, [pc, #8]	@ (10004bb8 <stdio_usb_set_chars_available_callback+0x10>)
10004bae:	6019      	str	r1, [r3, #0]
10004bb0:	4770      	bx	lr
10004bb2:	46c0      	nop			@ (mov r8, r8)
10004bb4:	20001ad0 	.word	0x20001ad0
10004bb8:	20001ad4 	.word	0x20001ad4

10004bbc <usb_irq>:
10004bbc:	b510      	push	{r4, lr}
10004bbe:	4b02      	ldr	r3, [pc, #8]	@ (10004bc8 <usb_irq+0xc>)
10004bc0:	7818      	ldrb	r0, [r3, #0]
10004bc2:	f7fb ffc3 	bl	10000b4c <irq_set_pending>
10004bc6:	bd10      	pop	{r4, pc}
10004bc8:	20001faf 	.word	0x20001faf

10004bcc <timer_task>:
10004bcc:	4b15      	ldr	r3, [pc, #84]	@ (10004c24 <timer_task+0x58>)
10004bce:	b570      	push	{r4, r5, r6, lr}
10004bd0:	681a      	ldr	r2, [r3, #0]
10004bd2:	2a00      	cmp	r2, #0
10004bd4:	d022      	beq.n	10004c1c <timer_task+0x50>
10004bd6:	f3ef 8110 	mrs	r1, PRIMASK
10004bda:	b672      	cpsid	i
10004bdc:	6810      	ldr	r0, [r2, #0]
10004bde:	2800      	cmp	r0, #0
10004be0:	d0fc      	beq.n	10004bdc <timer_task+0x10>
10004be2:	f3bf 8f5f 	dmb	sy
10004be6:	2000      	movs	r0, #0
10004be8:	4a0f      	ldr	r2, [pc, #60]	@ (10004c28 <timer_task+0x5c>)
10004bea:	6059      	str	r1, [r3, #4]
10004bec:	7010      	strb	r0, [r2, #0]
10004bee:	681b      	ldr	r3, [r3, #0]
10004bf0:	f3bf 8f5f 	dmb	sy
10004bf4:	6018      	str	r0, [r3, #0]
10004bf6:	f381 8810 	msr	PRIMASK, r1
10004bfa:	2400      	movs	r4, #0
10004bfc:	2500      	movs	r5, #0
10004bfe:	4e0b      	ldr	r6, [pc, #44]	@ (10004c2c <timer_task+0x60>)
10004c00:	7830      	ldrb	r0, [r6, #0]
10004c02:	f7fb ff97 	bl	10000b34 <irq_is_enabled>
10004c06:	2800      	cmp	r0, #0
10004c08:	d104      	bne.n	10004c14 <timer_task+0x48>
10004c0a:	2400      	movs	r4, #0
10004c0c:	2500      	movs	r5, #0
10004c0e:	0029      	movs	r1, r5
10004c10:	0020      	movs	r0, r4
10004c12:	bd70      	pop	{r4, r5, r6, pc}
10004c14:	7830      	ldrb	r0, [r6, #0]
10004c16:	f7fb ff99 	bl	10000b4c <irq_set_pending>
10004c1a:	e7f8      	b.n	10004c0e <timer_task+0x42>
10004c1c:	24fa      	movs	r4, #250	@ 0xfa
10004c1e:	2500      	movs	r5, #0
10004c20:	00a4      	lsls	r4, r4, #2
10004c22:	e7ec      	b.n	10004bfe <timer_task+0x32>
10004c24:	20001f60 	.word	0x20001f60
10004c28:	20001fb0 	.word	0x20001fb0
10004c2c:	20001faf 	.word	0x20001faf

10004c30 <stdio_usb_in_chars>:
10004c30:	b570      	push	{r4, r5, r6, lr}
10004c32:	0004      	movs	r4, r0
10004c34:	2000      	movs	r0, #0
10004c36:	000e      	movs	r6, r1
10004c38:	f001 fb0a 	bl	10006250 <tud_cdc_n_connected>
10004c3c:	2800      	cmp	r0, #0
10004c3e:	d034      	beq.n	10004caa <stdio_usb_in_chars+0x7a>
10004c40:	2000      	movs	r0, #0
10004c42:	f001 fb1b 	bl	1000627c <tud_cdc_n_available>
10004c46:	2800      	cmp	r0, #0
10004c48:	d02f      	beq.n	10004caa <stdio_usb_in_chars+0x7a>
10004c4a:	f7fc fd9f 	bl	1000178c <time_us_64>
10004c4e:	2300      	movs	r3, #0
10004c50:	4a17      	ldr	r2, [pc, #92]	@ (10004cb0 <stdio_usb_in_chars+0x80>)
10004c52:	1812      	adds	r2, r2, r0
10004c54:	414b      	adcs	r3, r1
10004c56:	2b00      	cmp	r3, #0
10004c58:	db16      	blt.n	10004c88 <stdio_usb_in_chars+0x58>
10004c5a:	4d16      	ldr	r5, [pc, #88]	@ (10004cb4 <stdio_usb_in_chars+0x84>)
10004c5c:	0028      	movs	r0, r5
10004c5e:	f002 fb5f 	bl	10007320 <__mutex_try_enter_block_until_veneer>
10004c62:	2800      	cmp	r0, #0
10004c64:	d021      	beq.n	10004caa <stdio_usb_in_chars+0x7a>
10004c66:	2000      	movs	r0, #0
10004c68:	f001 faf2 	bl	10006250 <tud_cdc_n_connected>
10004c6c:	2800      	cmp	r0, #0
10004c6e:	d10f      	bne.n	10004c90 <stdio_usb_in_chars+0x60>
10004c70:	2001      	movs	r0, #1
10004c72:	2100      	movs	r1, #0
10004c74:	4240      	negs	r0, r0
10004c76:	f000 fd01 	bl	1000567c <tud_task_ext>
10004c7a:	2403      	movs	r4, #3
10004c7c:	4264      	negs	r4, r4
10004c7e:	0028      	movs	r0, r5
10004c80:	f002 fb26 	bl	100072d0 <__mutex_exit_veneer>
10004c84:	0020      	movs	r0, r4
10004c86:	bd70      	pop	{r4, r5, r6, pc}
10004c88:	2201      	movs	r2, #1
10004c8a:	4b0b      	ldr	r3, [pc, #44]	@ (10004cb8 <stdio_usb_in_chars+0x88>)
10004c8c:	4252      	negs	r2, r2
10004c8e:	e7e4      	b.n	10004c5a <stdio_usb_in_chars+0x2a>
10004c90:	2000      	movs	r0, #0
10004c92:	f001 faf3 	bl	1000627c <tud_cdc_n_available>
10004c96:	2800      	cmp	r0, #0
10004c98:	d0ea      	beq.n	10004c70 <stdio_usb_in_chars+0x40>
10004c9a:	0021      	movs	r1, r4
10004c9c:	0032      	movs	r2, r6
10004c9e:	2000      	movs	r0, #0
10004ca0:	f001 faf6 	bl	10006290 <tud_cdc_n_read>
10004ca4:	1e04      	subs	r4, r0, #0
10004ca6:	d1ea      	bne.n	10004c7e <stdio_usb_in_chars+0x4e>
10004ca8:	e7e7      	b.n	10004c7a <stdio_usb_in_chars+0x4a>
10004caa:	2403      	movs	r4, #3
10004cac:	4264      	negs	r4, r4
10004cae:	e7e9      	b.n	10004c84 <stdio_usb_in_chars+0x54>
10004cb0:	000f4240 	.word	0x000f4240
10004cb4:	20001f90 	.word	0x20001f90
10004cb8:	7fffffff 	.word	0x7fffffff

10004cbc <stdio_usb_out_flush>:
10004cbc:	b510      	push	{r4, lr}
10004cbe:	f7fc fd65 	bl	1000178c <time_us_64>
10004cc2:	2300      	movs	r3, #0
10004cc4:	4a0d      	ldr	r2, [pc, #52]	@ (10004cfc <stdio_usb_out_flush+0x40>)
10004cc6:	1812      	adds	r2, r2, r0
10004cc8:	414b      	adcs	r3, r1
10004cca:	2b00      	cmp	r3, #0
10004ccc:	da02      	bge.n	10004cd4 <stdio_usb_out_flush+0x18>
10004cce:	2201      	movs	r2, #1
10004cd0:	4b0b      	ldr	r3, [pc, #44]	@ (10004d00 <stdio_usb_out_flush+0x44>)
10004cd2:	4252      	negs	r2, r2
10004cd4:	4c0b      	ldr	r4, [pc, #44]	@ (10004d04 <stdio_usb_out_flush+0x48>)
10004cd6:	0020      	movs	r0, r4
10004cd8:	f002 fb22 	bl	10007320 <__mutex_try_enter_block_until_veneer>
10004cdc:	2800      	cmp	r0, #0
10004cde:	d00c      	beq.n	10004cfa <stdio_usb_out_flush+0x3e>
10004ce0:	2001      	movs	r0, #1
10004ce2:	2100      	movs	r1, #0
10004ce4:	4240      	negs	r0, r0
10004ce6:	f000 fcc9 	bl	1000567c <tud_task_ext>
10004cea:	2000      	movs	r0, #0
10004cec:	f001 fb14 	bl	10006318 <tud_cdc_n_write_flush>
10004cf0:	2800      	cmp	r0, #0
10004cf2:	d1f5      	bne.n	10004ce0 <stdio_usb_out_flush+0x24>
10004cf4:	0020      	movs	r0, r4
10004cf6:	f002 faeb 	bl	100072d0 <__mutex_exit_veneer>
10004cfa:	bd10      	pop	{r4, pc}
10004cfc:	000f4240 	.word	0x000f4240
10004d00:	7fffffff 	.word	0x7fffffff
10004d04:	20001f90 	.word	0x20001f90

10004d08 <stdio_usb_out_chars>:
10004d08:	b5f8      	push	{r3, r4, r5, r6, r7, lr}
10004d0a:	46de      	mov	lr, fp
10004d0c:	4657      	mov	r7, sl
10004d0e:	b580      	push	{r7, lr}
10004d10:	0005      	movs	r5, r0
10004d12:	000c      	movs	r4, r1
10004d14:	f7fc fd3a 	bl	1000178c <time_us_64>
10004d18:	2300      	movs	r3, #0
10004d1a:	4a36      	ldr	r2, [pc, #216]	@ (10004df4 <stdio_usb_out_chars+0xec>)
10004d1c:	1812      	adds	r2, r2, r0
10004d1e:	414b      	adcs	r3, r1
10004d20:	2b00      	cmp	r3, #0
10004d22:	da02      	bge.n	10004d2a <stdio_usb_out_chars+0x22>
10004d24:	2201      	movs	r2, #1
10004d26:	4b34      	ldr	r3, [pc, #208]	@ (10004df8 <stdio_usb_out_chars+0xf0>)
10004d28:	4252      	negs	r2, r2
10004d2a:	4934      	ldr	r1, [pc, #208]	@ (10004dfc <stdio_usb_out_chars+0xf4>)
10004d2c:	0008      	movs	r0, r1
10004d2e:	468a      	mov	sl, r1
10004d30:	f002 faf6 	bl	10007320 <__mutex_try_enter_block_until_veneer>
10004d34:	2800      	cmp	r0, #0
10004d36:	d103      	bne.n	10004d40 <stdio_usb_out_chars+0x38>
10004d38:	bcc0      	pop	{r6, r7}
10004d3a:	46bb      	mov	fp, r7
10004d3c:	46b2      	mov	sl, r6
10004d3e:	bdf8      	pop	{r3, r4, r5, r6, r7, pc}
10004d40:	2000      	movs	r0, #0
10004d42:	f001 fa85 	bl	10006250 <tud_cdc_n_connected>
10004d46:	2800      	cmp	r0, #0
10004d48:	d04a      	beq.n	10004de0 <stdio_usb_out_chars+0xd8>
10004d4a:	2600      	movs	r6, #0
10004d4c:	2c00      	cmp	r4, #0
10004d4e:	dd43      	ble.n	10004dd8 <stdio_usb_out_chars+0xd0>
10004d50:	4b2b      	ldr	r3, [pc, #172]	@ (10004e00 <stdio_usb_out_chars+0xf8>)
10004d52:	469b      	mov	fp, r3
10004d54:	e014      	b.n	10004d80 <stdio_usb_out_chars+0x78>
10004d56:	19a9      	adds	r1, r5, r6
10004d58:	2000      	movs	r0, #0
10004d5a:	f001 fb17 	bl	1000638c <tud_cdc_n_write>
10004d5e:	0007      	movs	r7, r0
10004d60:	2001      	movs	r0, #1
10004d62:	2100      	movs	r1, #0
10004d64:	4240      	negs	r0, r0
10004d66:	f000 fc89 	bl	1000567c <tud_task_ext>
10004d6a:	2000      	movs	r0, #0
10004d6c:	f001 fad4 	bl	10006318 <tud_cdc_n_write_flush>
10004d70:	f7fc fd0c 	bl	1000178c <time_us_64>
10004d74:	4b22      	ldr	r3, [pc, #136]	@ (10004e00 <stdio_usb_out_chars+0xf8>)
10004d76:	19f6      	adds	r6, r6, r7
10004d78:	6018      	str	r0, [r3, #0]
10004d7a:	6059      	str	r1, [r3, #4]
10004d7c:	42b4      	cmp	r4, r6
10004d7e:	dd2b      	ble.n	10004dd8 <stdio_usb_out_chars+0xd0>
10004d80:	2000      	movs	r0, #0
10004d82:	f001 fb23 	bl	100063cc <tud_cdc_n_write_available>
10004d86:	1ba7      	subs	r7, r4, r6
10004d88:	0002      	movs	r2, r0
10004d8a:	42b8      	cmp	r0, r7
10004d8c:	dd00      	ble.n	10004d90 <stdio_usb_out_chars+0x88>
10004d8e:	003a      	movs	r2, r7
10004d90:	2a00      	cmp	r2, #0
10004d92:	d1e0      	bne.n	10004d56 <stdio_usb_out_chars+0x4e>
10004d94:	2001      	movs	r0, #1
10004d96:	2100      	movs	r1, #0
10004d98:	4240      	negs	r0, r0
10004d9a:	f000 fc6f 	bl	1000567c <tud_task_ext>
10004d9e:	2000      	movs	r0, #0
10004da0:	f001 faba 	bl	10006318 <tud_cdc_n_write_flush>
10004da4:	2000      	movs	r0, #0
10004da6:	f001 fa53 	bl	10006250 <tud_cdc_n_connected>
10004daa:	2800      	cmp	r0, #0
10004dac:	d014      	beq.n	10004dd8 <stdio_usb_out_chars+0xd0>
10004dae:	2000      	movs	r0, #0
10004db0:	f001 fb0c 	bl	100063cc <tud_cdc_n_write_available>
10004db4:	2800      	cmp	r0, #0
10004db6:	d1e1      	bne.n	10004d7c <stdio_usb_out_chars+0x74>
10004db8:	f7fc fce8 	bl	1000178c <time_us_64>
10004dbc:	465b      	mov	r3, fp
10004dbe:	000f      	movs	r7, r1
10004dc0:	681a      	ldr	r2, [r3, #0]
10004dc2:	685b      	ldr	r3, [r3, #4]
10004dc4:	2100      	movs	r1, #0
10004dc6:	4684      	mov	ip, r0
10004dc8:	480e      	ldr	r0, [pc, #56]	@ (10004e04 <stdio_usb_out_chars+0xfc>)
10004dca:	1812      	adds	r2, r2, r0
10004dcc:	414b      	adcs	r3, r1
10004dce:	429f      	cmp	r7, r3
10004dd0:	d802      	bhi.n	10004dd8 <stdio_usb_out_chars+0xd0>
10004dd2:	d1d3      	bne.n	10004d7c <stdio_usb_out_chars+0x74>
10004dd4:	4594      	cmp	ip, r2
10004dd6:	d9d1      	bls.n	10004d7c <stdio_usb_out_chars+0x74>
10004dd8:	4650      	mov	r0, sl
10004dda:	f002 fa79 	bl	100072d0 <__mutex_exit_veneer>
10004dde:	e7ab      	b.n	10004d38 <stdio_usb_out_chars+0x30>
10004de0:	2000      	movs	r0, #0
10004de2:	2100      	movs	r1, #0
10004de4:	4b06      	ldr	r3, [pc, #24]	@ (10004e00 <stdio_usb_out_chars+0xf8>)
10004de6:	6018      	str	r0, [r3, #0]
10004de8:	6059      	str	r1, [r3, #4]
10004dea:	4650      	mov	r0, sl
10004dec:	f002 fa70 	bl	100072d0 <__mutex_exit_veneer>
10004df0:	e7a2      	b.n	10004d38 <stdio_usb_out_chars+0x30>
10004df2:	46c0      	nop			@ (mov r8, r8)
10004df4:	000f4240 	.word	0x000f4240
10004df8:	7fffffff 	.word	0x7fffffff
10004dfc:	20001f90 	.word	0x20001f90
10004e00:	20001230 	.word	0x20001230
10004e04:	0007a120 	.word	0x0007a120

10004e08 <low_priority_worker_irq>:
10004e08:	b530      	push	{r4, r5, lr}
10004e0a:	4c2a      	ldr	r4, [pc, #168]	@ (10004eb4 <low_priority_worker_irq+0xac>)
10004e0c:	b085      	sub	sp, #20
10004e0e:	2100      	movs	r1, #0
10004e10:	0020      	movs	r0, r4
10004e12:	f002 fa75 	bl	10007300 <__mutex_try_enter_veneer>
10004e16:	2800      	cmp	r0, #0
10004e18:	d11c      	bne.n	10004e54 <low_priority_worker_irq+0x4c>
10004e1a:	4b27      	ldr	r3, [pc, #156]	@ (10004eb8 <low_priority_worker_irq+0xb0>)
10004e1c:	681a      	ldr	r2, [r3, #0]
10004e1e:	2a00      	cmp	r2, #0
10004e20:	d016      	beq.n	10004e50 <low_priority_worker_irq+0x48>
10004e22:	f3ef 8110 	mrs	r1, PRIMASK
10004e26:	b672      	cpsid	i
10004e28:	6810      	ldr	r0, [r2, #0]
10004e2a:	2800      	cmp	r0, #0
10004e2c:	d0fc      	beq.n	10004e28 <low_priority_worker_irq+0x20>
10004e2e:	f3bf 8f5f 	dmb	sy
10004e32:	2401      	movs	r4, #1
10004e34:	4821      	ldr	r0, [pc, #132]	@ (10004ebc <low_priority_worker_irq+0xb4>)
10004e36:	6059      	str	r1, [r3, #4]
10004e38:	7802      	ldrb	r2, [r0, #0]
10004e3a:	681b      	ldr	r3, [r3, #0]
10004e3c:	b2d2      	uxtb	r2, r2
10004e3e:	7004      	strb	r4, [r0, #0]
10004e40:	f3bf 8f5f 	dmb	sy
10004e44:	2000      	movs	r0, #0
10004e46:	6018      	str	r0, [r3, #0]
10004e48:	f381 8810 	msr	PRIMASK, r1
10004e4c:	2a00      	cmp	r2, #0
10004e4e:	d017      	beq.n	10004e80 <low_priority_worker_irq+0x78>
10004e50:	b005      	add	sp, #20
10004e52:	bd30      	pop	{r4, r5, pc}
10004e54:	2001      	movs	r0, #1
10004e56:	2100      	movs	r1, #0
10004e58:	4240      	negs	r0, r0
10004e5a:	f000 fc0f 	bl	1000567c <tud_task_ext>
10004e5e:	2000      	movs	r0, #0
10004e60:	f001 fa0c 	bl	1000627c <tud_cdc_n_available>
10004e64:	0005      	movs	r5, r0
10004e66:	0020      	movs	r0, r4
10004e68:	f002 fa32 	bl	100072d0 <__mutex_exit_veneer>
10004e6c:	2d00      	cmp	r5, #0
10004e6e:	d0ef      	beq.n	10004e50 <low_priority_worker_irq+0x48>
10004e70:	4b13      	ldr	r3, [pc, #76]	@ (10004ec0 <low_priority_worker_irq+0xb8>)
10004e72:	681b      	ldr	r3, [r3, #0]
10004e74:	2b00      	cmp	r3, #0
10004e76:	d0eb      	beq.n	10004e50 <low_priority_worker_irq+0x48>
10004e78:	4a12      	ldr	r2, [pc, #72]	@ (10004ec4 <low_priority_worker_irq+0xbc>)
10004e7a:	6810      	ldr	r0, [r2, #0]
10004e7c:	4798      	blx	r3
10004e7e:	e7e7      	b.n	10004e50 <low_priority_worker_irq+0x48>
10004e80:	f7fc fa6e 	bl	10001360 <alarm_pool_get_default>
10004e84:	0004      	movs	r4, r0
10004e86:	f7fc fc81 	bl	1000178c <time_us_64>
10004e8a:	22fa      	movs	r2, #250	@ 0xfa
10004e8c:	2300      	movs	r3, #0
10004e8e:	0092      	lsls	r2, r2, #2
10004e90:	1812      	adds	r2, r2, r0
10004e92:	414b      	adcs	r3, r1
10004e94:	2b00      	cmp	r3, #0
10004e96:	da02      	bge.n	10004e9e <low_priority_worker_irq+0x96>
10004e98:	2201      	movs	r2, #1
10004e9a:	4b0b      	ldr	r3, [pc, #44]	@ (10004ec8 <low_priority_worker_irq+0xc0>)
10004e9c:	4252      	negs	r2, r2
10004e9e:	2101      	movs	r1, #1
10004ea0:	9102      	str	r1, [sp, #8]
10004ea2:	2100      	movs	r1, #0
10004ea4:	9101      	str	r1, [sp, #4]
10004ea6:	4909      	ldr	r1, [pc, #36]	@ (10004ecc <low_priority_worker_irq+0xc4>)
10004ea8:	0020      	movs	r0, r4
10004eaa:	9100      	str	r1, [sp, #0]
10004eac:	f7fc fa5c 	bl	10001368 <alarm_pool_add_alarm_at>
10004eb0:	e7ce      	b.n	10004e50 <low_priority_worker_irq+0x48>
10004eb2:	46c0      	nop			@ (mov r8, r8)
10004eb4:	20001f90 	.word	0x20001f90
10004eb8:	20001f60 	.word	0x20001f60
10004ebc:	20001fb0 	.word	0x20001fb0
10004ec0:	20001ad0 	.word	0x20001ad0
10004ec4:	20001ad4 	.word	0x20001ad4
10004ec8:	7fffffff 	.word	0x7fffffff
10004ecc:	10004bcd 	.word	0x10004bcd

10004ed0 <stdio_usb_init>:
10004ed0:	23d0      	movs	r3, #208	@ 0xd0
10004ed2:	b510      	push	{r4, lr}
10004ed4:	061b      	lsls	r3, r3, #24
10004ed6:	b084      	sub	sp, #16
10004ed8:	681c      	ldr	r4, [r3, #0]
10004eda:	f7fc fa41 	bl	10001360 <alarm_pool_get_default>
10004ede:	f7fc fb3d 	bl	1000155c <alarm_pool_core_num>
10004ee2:	42a0      	cmp	r0, r4
10004ee4:	d002      	beq.n	10004eec <stdio_usb_init+0x1c>
10004ee6:	2000      	movs	r0, #0
10004ee8:	b004      	add	sp, #16
10004eea:	bd10      	pop	{r4, pc}
10004eec:	4b29      	ldr	r3, [pc, #164]	@ (10004f94 <stdio_usb_init+0xc4>)
10004eee:	2100      	movs	r1, #0
10004ef0:	2000      	movs	r0, #0
10004ef2:	781b      	ldrb	r3, [r3, #0]
10004ef4:	f001 fd5e 	bl	100069b4 <tusb_rhport_init>
10004ef8:	4827      	ldr	r0, [pc, #156]	@ (10004f98 <stdio_usb_init+0xc8>)
10004efa:	6803      	ldr	r3, [r0, #0]
10004efc:	2b00      	cmp	r3, #0
10004efe:	d045      	beq.n	10004f8c <stdio_usb_init+0xbc>
10004f00:	2001      	movs	r0, #1
10004f02:	f7fb ffbb 	bl	10000e7c <user_irq_claim_unused>
10004f06:	23ff      	movs	r3, #255	@ 0xff
10004f08:	4c24      	ldr	r4, [pc, #144]	@ (10004f9c <stdio_usb_init+0xcc>)
10004f0a:	4925      	ldr	r1, [pc, #148]	@ (10004fa0 <stdio_usb_init+0xd0>)
10004f0c:	7020      	strb	r0, [r4, #0]
10004f0e:	4018      	ands	r0, r3
10004f10:	f7fb fe36 	bl	10000b80 <irq_set_exclusive_handler>
10004f14:	7820      	ldrb	r0, [r4, #0]
10004f16:	2101      	movs	r1, #1
10004f18:	f7fb fdfa 	bl	10000b10 <irq_set_enabled>
10004f1c:	2005      	movs	r0, #5
10004f1e:	f7fb fe1d 	bl	10000b5c <irq_has_shared_handler>
10004f22:	2800      	cmp	r0, #0
10004f24:	d124      	bne.n	10004f70 <stdio_usb_init+0xa0>
10004f26:	2208      	movs	r2, #8
10004f28:	2100      	movs	r1, #0
10004f2a:	481e      	ldr	r0, [pc, #120]	@ (10004fa4 <stdio_usb_init+0xd4>)
10004f2c:	f7fd fec6 	bl	10002cbc <__wrap_memset>
10004f30:	f7fc fa16 	bl	10001360 <alarm_pool_get_default>
10004f34:	0004      	movs	r4, r0
10004f36:	f7fc fc29 	bl	1000178c <time_us_64>
10004f3a:	22fa      	movs	r2, #250	@ 0xfa
10004f3c:	2300      	movs	r3, #0
10004f3e:	0092      	lsls	r2, r2, #2
10004f40:	1812      	adds	r2, r2, r0
10004f42:	414b      	adcs	r3, r1
10004f44:	2b00      	cmp	r3, #0
10004f46:	da02      	bge.n	10004f4e <stdio_usb_init+0x7e>
10004f48:	2201      	movs	r2, #1
10004f4a:	4b17      	ldr	r3, [pc, #92]	@ (10004fa8 <stdio_usb_init+0xd8>)
10004f4c:	4252      	negs	r2, r2
10004f4e:	2101      	movs	r1, #1
10004f50:	9102      	str	r1, [sp, #8]
10004f52:	2100      	movs	r1, #0
10004f54:	9101      	str	r1, [sp, #4]
10004f56:	4915      	ldr	r1, [pc, #84]	@ (10004fac <stdio_usb_init+0xdc>)
10004f58:	0020      	movs	r0, r4
10004f5a:	9100      	str	r1, [sp, #0]
10004f5c:	f7fc fa04 	bl	10001368 <alarm_pool_add_alarm_at>
10004f60:	2800      	cmp	r0, #0
10004f62:	dbc0      	blt.n	10004ee6 <stdio_usb_init+0x16>
10004f64:	4812      	ldr	r0, [pc, #72]	@ (10004fb0 <stdio_usb_init+0xe0>)
10004f66:	2101      	movs	r1, #1
10004f68:	f7ff fc5a 	bl	10004820 <stdio_set_driver_enabled>
10004f6c:	2001      	movs	r0, #1
10004f6e:	e7bb      	b.n	10004ee8 <stdio_usb_init+0x18>
10004f70:	2001      	movs	r0, #1
10004f72:	f7fb fd9b 	bl	10000aac <spin_lock_claim_unused>
10004f76:	4b0b      	ldr	r3, [pc, #44]	@ (10004fa4 <stdio_usb_init+0xd4>)
10004f78:	0001      	movs	r1, r0
10004f7a:	0018      	movs	r0, r3
10004f7c:	f7fb ffe0 	bl	10000f40 <critical_section_init_with_lock_num>
10004f80:	2200      	movs	r2, #0
10004f82:	2005      	movs	r0, #5
10004f84:	490b      	ldr	r1, [pc, #44]	@ (10004fb4 <stdio_usb_init+0xe4>)
10004f86:	f7fb fe25 	bl	10000bd4 <irq_add_shared_handler>
10004f8a:	e7eb      	b.n	10004f64 <stdio_usb_init+0x94>
10004f8c:	f7fb ffbc 	bl	10000f08 <mutex_init>
10004f90:	e7b6      	b.n	10004f00 <stdio_usb_init+0x30>
10004f92:	46c0      	nop			@ (mov r8, r8)
10004f94:	10007cec 	.word	0x10007cec
10004f98:	20001f90 	.word	0x20001f90
10004f9c:	20001faf 	.word	0x20001faf
10004fa0:	10004e09 	.word	0x10004e09
10004fa4:	20001f60 	.word	0x20001f60
10004fa8:	7fffffff 	.word	0x7fffffff
10004fac:	10004bcd 	.word	0x10004bcd
10004fb0:	20001070 	.word	0x20001070
10004fb4:	10004bbd 	.word	0x10004bbd

10004fb8 <tud_descriptor_device_cb>:
10004fb8:	4800      	ldr	r0, [pc, #0]	@ (10004fbc <tud_descriptor_device_cb+0x4>)
10004fba:	4770      	bx	lr
10004fbc:	10007bd0 	.word	0x10007bd0

10004fc0 <tud_descriptor_configuration_cb>:
10004fc0:	4800      	ldr	r0, [pc, #0]	@ (10004fc4 <tud_descriptor_configuration_cb+0x4>)
10004fc2:	4770      	bx	lr
10004fc4:	10007b7c 	.word	0x10007b7c

10004fc8 <tud_descriptor_string_cb>:
10004fc8:	b510      	push	{r4, lr}
10004fca:	0004      	movs	r4, r0
10004fcc:	4817      	ldr	r0, [pc, #92]	@ (1000502c <tud_descriptor_string_cb+0x64>)
10004fce:	7803      	ldrb	r3, [r0, #0]
10004fd0:	2b00      	cmp	r3, #0
10004fd2:	d020      	beq.n	10005016 <tud_descriptor_string_cb+0x4e>
10004fd4:	2c00      	cmp	r4, #0
10004fd6:	d106      	bne.n	10004fe6 <tud_descriptor_string_cb+0x1e>
10004fd8:	4b15      	ldr	r3, [pc, #84]	@ (10005030 <tud_descriptor_string_cb+0x68>)
10004fda:	4816      	ldr	r0, [pc, #88]	@ (10005034 <tud_descriptor_string_cb+0x6c>)
10004fdc:	8043      	strh	r3, [r0, #2]
10004fde:	3b06      	subs	r3, #6
10004fe0:	3bff      	subs	r3, #255	@ 0xff
10004fe2:	8003      	strh	r3, [r0, #0]
10004fe4:	bd10      	pop	{r4, pc}
10004fe6:	2c05      	cmp	r4, #5
10004fe8:	d81d      	bhi.n	10005026 <tud_descriptor_string_cb+0x5e>
10004fea:	4b13      	ldr	r3, [pc, #76]	@ (10005038 <tud_descriptor_string_cb+0x70>)
10004fec:	00a4      	lsls	r4, r4, #2
10004fee:	58e0      	ldr	r0, [r4, r3]
10004ff0:	4912      	ldr	r1, [pc, #72]	@ (1000503c <tud_descriptor_string_cb+0x74>)
10004ff2:	2301      	movs	r3, #1
10004ff4:	3801      	subs	r0, #1
10004ff6:	e004      	b.n	10005002 <tud_descriptor_string_cb+0x3a>
10004ff8:	3301      	adds	r3, #1
10004ffa:	800a      	strh	r2, [r1, #0]
10004ffc:	3102      	adds	r1, #2
10004ffe:	2b14      	cmp	r3, #20
10005000:	d00d      	beq.n	1000501e <tud_descriptor_string_cb+0x56>
10005002:	5cc2      	ldrb	r2, [r0, r3]
10005004:	2a00      	cmp	r2, #0
10005006:	d1f7      	bne.n	10004ff8 <tud_descriptor_string_cb+0x30>
10005008:	22c0      	movs	r2, #192	@ 0xc0
1000500a:	b2db      	uxtb	r3, r3
1000500c:	005b      	lsls	r3, r3, #1
1000500e:	0092      	lsls	r2, r2, #2
10005010:	4808      	ldr	r0, [pc, #32]	@ (10005034 <tud_descriptor_string_cb+0x6c>)
10005012:	4313      	orrs	r3, r2
10005014:	e7e5      	b.n	10004fe2 <tud_descriptor_string_cb+0x1a>
10005016:	2111      	movs	r1, #17
10005018:	f000 f81a 	bl	10005050 <pico_get_unique_board_id_string>
1000501c:	e7da      	b.n	10004fd4 <tud_descriptor_string_cb+0xc>
1000501e:	23ca      	movs	r3, #202	@ 0xca
10005020:	4804      	ldr	r0, [pc, #16]	@ (10005034 <tud_descriptor_string_cb+0x6c>)
10005022:	009b      	lsls	r3, r3, #2
10005024:	e7dd      	b.n	10004fe2 <tud_descriptor_string_cb+0x1a>
10005026:	2000      	movs	r0, #0
10005028:	e7dc      	b.n	10004fe4 <tud_descriptor_string_cb+0x1c>
1000502a:	46c0      	nop			@ (mov r8, r8)
1000502c:	20001f98 	.word	0x20001f98
10005030:	00000409 	.word	0x00000409
10005034:	20001b08 	.word	0x20001b08
10005038:	10007b64 	.word	0x10007b64
1000503c:	20001b0a 	.word	0x20001b0a

10005040 <_retrieve_unique_id_on_boot>:
10005040:	b510      	push	{r4, lr}
10005042:	4802      	ldr	r0, [pc, #8]	@ (1000504c <_retrieve_unique_id_on_boot+0xc>)
10005044:	f000 f8d8 	bl	100051f8 <flash_get_unique_id>
10005048:	bd10      	pop	{r4, pc}
1000504a:	46c0      	nop			@ (mov r8, r8)
1000504c:	20001f78 	.word	0x20001f78

10005050 <pico_get_unique_board_id_string>:
10005050:	b530      	push	{r4, r5, lr}
10005052:	1e4b      	subs	r3, r1, #1
10005054:	2901      	cmp	r1, #1
10005056:	d100      	bne.n	1000505a <pico_get_unique_board_id_string+0xa>
10005058:	e0a7      	b.n	100051aa <pico_get_unique_board_id_string+0x15a>
1000505a:	4a66      	ldr	r2, [pc, #408]	@ (100051f4 <pico_get_unique_board_id_string+0x1a4>)
1000505c:	7811      	ldrb	r1, [r2, #0]
1000505e:	090d      	lsrs	r5, r1, #4
10005060:	002c      	movs	r4, r5
10005062:	3430      	adds	r4, #48	@ 0x30
10005064:	299f      	cmp	r1, #159	@ 0x9f
10005066:	d900      	bls.n	1000506a <pico_get_unique_board_id_string+0x1a>
10005068:	e0a2      	b.n	100051b0 <pico_get_unique_board_id_string+0x160>
1000506a:	7004      	strb	r4, [r0, #0]
1000506c:	2b01      	cmp	r3, #1
1000506e:	d100      	bne.n	10005072 <pico_get_unique_board_id_string+0x22>
10005070:	e0be      	b.n	100051f0 <pico_get_unique_board_id_string+0x1a0>
10005072:	210f      	movs	r1, #15
10005074:	7814      	ldrb	r4, [r2, #0]
10005076:	4021      	ands	r1, r4
10005078:	000c      	movs	r4, r1
1000507a:	3430      	adds	r4, #48	@ 0x30
1000507c:	2909      	cmp	r1, #9
1000507e:	d900      	bls.n	10005082 <pico_get_unique_board_id_string+0x32>
10005080:	e098      	b.n	100051b4 <pico_get_unique_board_id_string+0x164>
10005082:	7044      	strb	r4, [r0, #1]
10005084:	2b02      	cmp	r3, #2
10005086:	d100      	bne.n	1000508a <pico_get_unique_board_id_string+0x3a>
10005088:	e0b2      	b.n	100051f0 <pico_get_unique_board_id_string+0x1a0>
1000508a:	7854      	ldrb	r4, [r2, #1]
1000508c:	0925      	lsrs	r5, r4, #4
1000508e:	0029      	movs	r1, r5
10005090:	3130      	adds	r1, #48	@ 0x30
10005092:	2c9f      	cmp	r4, #159	@ 0x9f
10005094:	d900      	bls.n	10005098 <pico_get_unique_board_id_string+0x48>
10005096:	e090      	b.n	100051ba <pico_get_unique_board_id_string+0x16a>
10005098:	7081      	strb	r1, [r0, #2]
1000509a:	2b03      	cmp	r3, #3
1000509c:	d100      	bne.n	100050a0 <pico_get_unique_board_id_string+0x50>
1000509e:	e0a7      	b.n	100051f0 <pico_get_unique_board_id_string+0x1a0>
100050a0:	210f      	movs	r1, #15
100050a2:	4021      	ands	r1, r4
100050a4:	000c      	movs	r4, r1
100050a6:	3430      	adds	r4, #48	@ 0x30
100050a8:	2909      	cmp	r1, #9
100050aa:	d900      	bls.n	100050ae <pico_get_unique_board_id_string+0x5e>
100050ac:	e087      	b.n	100051be <pico_get_unique_board_id_string+0x16e>
100050ae:	70c4      	strb	r4, [r0, #3]
100050b0:	2b04      	cmp	r3, #4
100050b2:	d100      	bne.n	100050b6 <pico_get_unique_board_id_string+0x66>
100050b4:	e09c      	b.n	100051f0 <pico_get_unique_board_id_string+0x1a0>
100050b6:	7894      	ldrb	r4, [r2, #2]
100050b8:	0925      	lsrs	r5, r4, #4
100050ba:	0029      	movs	r1, r5
100050bc:	3130      	adds	r1, #48	@ 0x30
100050be:	2c9f      	cmp	r4, #159	@ 0x9f
100050c0:	d900      	bls.n	100050c4 <pico_get_unique_board_id_string+0x74>
100050c2:	e07f      	b.n	100051c4 <pico_get_unique_board_id_string+0x174>
100050c4:	7101      	strb	r1, [r0, #4]
100050c6:	2b05      	cmp	r3, #5
100050c8:	d100      	bne.n	100050cc <pico_get_unique_board_id_string+0x7c>
100050ca:	e091      	b.n	100051f0 <pico_get_unique_board_id_string+0x1a0>
100050cc:	210f      	movs	r1, #15
100050ce:	4021      	ands	r1, r4
100050d0:	000c      	movs	r4, r1
100050d2:	3430      	adds	r4, #48	@ 0x30
100050d4:	2909      	cmp	r1, #9
100050d6:	d900      	bls.n	100050da <pico_get_unique_board_id_string+0x8a>
100050d8:	e076      	b.n	100051c8 <pico_get_unique_board_id_string+0x178>
100050da:	7144      	strb	r4, [r0, #5]
100050dc:	2b06      	cmp	r3, #6
100050de:	d100      	bne.n	100050e2 <pico_get_unique_board_id_string+0x92>
100050e0:	e086      	b.n	100051f0 <pico_get_unique_board_id_string+0x1a0>
100050e2:	78d4      	ldrb	r4, [r2, #3]
100050e4:	0925      	lsrs	r5, r4, #4
100050e6:	0029      	movs	r1, r5
100050e8:	3130      	adds	r1, #48	@ 0x30
100050ea:	2c9f      	cmp	r4, #159	@ 0x9f
100050ec:	d900      	bls.n	100050f0 <pico_get_unique_board_id_string+0xa0>
100050ee:	e06e      	b.n	100051ce <pico_get_unique_board_id_string+0x17e>
100050f0:	7181      	strb	r1, [r0, #6]
100050f2:	2b07      	cmp	r3, #7
100050f4:	d100      	bne.n	100050f8 <pico_get_unique_board_id_string+0xa8>
100050f6:	e07b      	b.n	100051f0 <pico_get_unique_board_id_string+0x1a0>
100050f8:	210f      	movs	r1, #15
100050fa:	4021      	ands	r1, r4
100050fc:	000c      	movs	r4, r1
100050fe:	3430      	adds	r4, #48	@ 0x30
10005100:	2909      	cmp	r1, #9
10005102:	d866      	bhi.n	100051d2 <pico_get_unique_board_id_string+0x182>
10005104:	71c4      	strb	r4, [r0, #7]
10005106:	2b08      	cmp	r3, #8
10005108:	d100      	bne.n	1000510c <pico_get_unique_board_id_string+0xbc>
1000510a:	e071      	b.n	100051f0 <pico_get_unique_board_id_string+0x1a0>
1000510c:	7914      	ldrb	r4, [r2, #4]
1000510e:	0925      	lsrs	r5, r4, #4
10005110:	0029      	movs	r1, r5
10005112:	3130      	adds	r1, #48	@ 0x30
10005114:	2c9f      	cmp	r4, #159	@ 0x9f
10005116:	d85f      	bhi.n	100051d8 <pico_get_unique_board_id_string+0x188>
10005118:	7201      	strb	r1, [r0, #8]
1000511a:	2b09      	cmp	r3, #9
1000511c:	d068      	beq.n	100051f0 <pico_get_unique_board_id_string+0x1a0>
1000511e:	210f      	movs	r1, #15
10005120:	4021      	ands	r1, r4
10005122:	000c      	movs	r4, r1
10005124:	3430      	adds	r4, #48	@ 0x30
10005126:	2909      	cmp	r1, #9
10005128:	d858      	bhi.n	100051dc <pico_get_unique_board_id_string+0x18c>
1000512a:	7244      	strb	r4, [r0, #9]
1000512c:	2b0a      	cmp	r3, #10
1000512e:	d05f      	beq.n	100051f0 <pico_get_unique_board_id_string+0x1a0>
10005130:	7954      	ldrb	r4, [r2, #5]
10005132:	0925      	lsrs	r5, r4, #4
10005134:	0029      	movs	r1, r5
10005136:	3130      	adds	r1, #48	@ 0x30
10005138:	2c9f      	cmp	r4, #159	@ 0x9f
1000513a:	d852      	bhi.n	100051e2 <pico_get_unique_board_id_string+0x192>
1000513c:	7281      	strb	r1, [r0, #10]
1000513e:	2b0b      	cmp	r3, #11
10005140:	d056      	beq.n	100051f0 <pico_get_unique_board_id_string+0x1a0>
10005142:	210f      	movs	r1, #15
10005144:	4021      	ands	r1, r4
10005146:	000c      	movs	r4, r1
10005148:	3430      	adds	r4, #48	@ 0x30
1000514a:	2909      	cmp	r1, #9
1000514c:	d84b      	bhi.n	100051e6 <pico_get_unique_board_id_string+0x196>
1000514e:	72c4      	strb	r4, [r0, #11]
10005150:	2b0c      	cmp	r3, #12
10005152:	d04d      	beq.n	100051f0 <pico_get_unique_board_id_string+0x1a0>
10005154:	7994      	ldrb	r4, [r2, #6]
10005156:	0925      	lsrs	r5, r4, #4
10005158:	0029      	movs	r1, r5
1000515a:	3130      	adds	r1, #48	@ 0x30
1000515c:	2c9f      	cmp	r4, #159	@ 0x9f
1000515e:	d900      	bls.n	10005162 <pico_get_unique_board_id_string+0x112>
10005160:	3107      	adds	r1, #7
10005162:	7301      	strb	r1, [r0, #12]
10005164:	2b0d      	cmp	r3, #13
10005166:	d043      	beq.n	100051f0 <pico_get_unique_board_id_string+0x1a0>
10005168:	210f      	movs	r1, #15
1000516a:	4021      	ands	r1, r4
1000516c:	000c      	movs	r4, r1
1000516e:	3430      	adds	r4, #48	@ 0x30
10005170:	2909      	cmp	r1, #9
10005172:	d901      	bls.n	10005178 <pico_get_unique_board_id_string+0x128>
10005174:	3137      	adds	r1, #55	@ 0x37
10005176:	000c      	movs	r4, r1
10005178:	7344      	strb	r4, [r0, #13]
1000517a:	2b0e      	cmp	r3, #14
1000517c:	d038      	beq.n	100051f0 <pico_get_unique_board_id_string+0x1a0>
1000517e:	79d1      	ldrb	r1, [r2, #7]
10005180:	090c      	lsrs	r4, r1, #4
10005182:	0022      	movs	r2, r4
10005184:	3230      	adds	r2, #48	@ 0x30
10005186:	299f      	cmp	r1, #159	@ 0x9f
10005188:	d900      	bls.n	1000518c <pico_get_unique_board_id_string+0x13c>
1000518a:	3207      	adds	r2, #7
1000518c:	7382      	strb	r2, [r0, #14]
1000518e:	2b0f      	cmp	r3, #15
10005190:	d02e      	beq.n	100051f0 <pico_get_unique_board_id_string+0x1a0>
10005192:	220f      	movs	r2, #15
10005194:	400a      	ands	r2, r1
10005196:	0011      	movs	r1, r2
10005198:	3137      	adds	r1, #55	@ 0x37
1000519a:	2a09      	cmp	r2, #9
1000519c:	d801      	bhi.n	100051a2 <pico_get_unique_board_id_string+0x152>
1000519e:	3230      	adds	r2, #48	@ 0x30
100051a0:	0011      	movs	r1, r2
100051a2:	73c1      	strb	r1, [r0, #15]
100051a4:	2b10      	cmp	r3, #16
100051a6:	d023      	beq.n	100051f0 <pico_get_unique_board_id_string+0x1a0>
100051a8:	3010      	adds	r0, #16
100051aa:	2300      	movs	r3, #0
100051ac:	7003      	strb	r3, [r0, #0]
100051ae:	bd30      	pop	{r4, r5, pc}
100051b0:	3407      	adds	r4, #7
100051b2:	e75a      	b.n	1000506a <pico_get_unique_board_id_string+0x1a>
100051b4:	3137      	adds	r1, #55	@ 0x37
100051b6:	000c      	movs	r4, r1
100051b8:	e763      	b.n	10005082 <pico_get_unique_board_id_string+0x32>
100051ba:	3107      	adds	r1, #7
100051bc:	e76c      	b.n	10005098 <pico_get_unique_board_id_string+0x48>
100051be:	3137      	adds	r1, #55	@ 0x37
100051c0:	000c      	movs	r4, r1
100051c2:	e774      	b.n	100050ae <pico_get_unique_board_id_string+0x5e>
100051c4:	3107      	adds	r1, #7
100051c6:	e77d      	b.n	100050c4 <pico_get_unique_board_id_string+0x74>
100051c8:	3137      	adds	r1, #55	@ 0x37
100051ca:	000c      	movs	r4, r1
100051cc:	e785      	b.n	100050da <pico_get_unique_board_id_string+0x8a>
100051ce:	3107      	adds	r1, #7
100051d0:	e78e      	b.n	100050f0 <pico_get_unique_board_id_string+0xa0>
100051d2:	3137      	adds	r1, #55	@ 0x37
100051d4:	000c      	movs	r4, r1
100051d6:	e795      	b.n	10005104 <pico_get_unique_board_id_string+0xb4>
100051d8:	3107      	adds	r1, #7
100051da:	e79d      	b.n	10005118 <pico_get_unique_board_id_string+0xc8>
100051dc:	3137      	adds	r1, #55	@ 0x37
100051de:	000c      	movs	r4, r1
100051e0:	e7a3      	b.n	1000512a <pico_get_unique_board_id_string+0xda>
100051e2:	3107      	adds	r1, #7
100051e4:	e7aa      	b.n	1000513c <pico_get_unique_board_id_string+0xec>
100051e6:	3137      	adds	r1, #55	@ 0x37
100051e8:	000c      	movs	r4, r1
100051ea:	72c4      	strb	r4, [r0, #11]
100051ec:	2b0c      	cmp	r3, #12
100051ee:	d1b1      	bne.n	10005154 <pico_get_unique_board_id_string+0x104>
100051f0:	18c0      	adds	r0, r0, r3
100051f2:	e7da      	b.n	100051aa <pico_get_unique_board_id_string+0x15a>
100051f4:	20001f78 	.word	0x20001f78

100051f8 <flash_get_unique_id>:
100051f8:	b510      	push	{r4, lr}
100051fa:	b088      	sub	sp, #32
100051fc:	0004      	movs	r4, r0
100051fe:	220d      	movs	r2, #13
10005200:	2100      	movs	r1, #0
10005202:	4668      	mov	r0, sp
10005204:	f7fd fd5a 	bl	10002cbc <__wrap_memset>
10005208:	220d      	movs	r2, #13
1000520a:	2100      	movs	r1, #0
1000520c:	a804      	add	r0, sp, #16
1000520e:	f7fd fd55 	bl	10002cbc <__wrap_memset>
10005212:	234b      	movs	r3, #75	@ 0x4b
10005214:	466a      	mov	r2, sp
10005216:	4668      	mov	r0, sp
10005218:	7013      	strb	r3, [r2, #0]
1000521a:	a904      	add	r1, sp, #16
1000521c:	220d      	movs	r2, #13
1000521e:	f002 f84f 	bl	100072c0 <__flash_do_cmd_veneer>
10005222:	2115      	movs	r1, #21
10005224:	2208      	movs	r2, #8
10005226:	0020      	movs	r0, r4
10005228:	4469      	add	r1, sp
1000522a:	f7fd fd4d 	bl	10002cc8 <__wrap___aeabi_memcpy>
1000522e:	b008      	add	sp, #32
10005230:	bd10      	pop	{r4, pc}
10005232:	46c0      	nop			@ (mov r8, r8)

10005234 <dcd_init>:
10005234:	b5f8      	push	{r3, r4, r5, r6, r7, lr}
10005236:	f000 f947 	bl	100054c8 <rp2040_usb_init>
1000523a:	230c      	movs	r3, #12
1000523c:	4d19      	ldr	r5, [pc, #100]	@ (100052a4 <dcd_init+0x70>)
1000523e:	22ff      	movs	r2, #255	@ 0xff
10005240:	67ab      	str	r3, [r5, #120]	@ 0x78
10005242:	2005      	movs	r0, #5
10005244:	4918      	ldr	r1, [pc, #96]	@ (100052a8 <dcd_init+0x74>)
10005246:	f7fb fcc5 	bl	10000bd4 <irq_add_shared_handler>
1000524a:	4c18      	ldr	r4, [pc, #96]	@ (100052ac <dcd_init+0x78>)
1000524c:	2240      	movs	r2, #64	@ 0x40
1000524e:	2100      	movs	r1, #0
10005250:	0020      	movs	r0, r4
10005252:	f7fd fd33 	bl	10002cbc <__wrap_memset>
10005256:	2740      	movs	r7, #64	@ 0x40
10005258:	2300      	movs	r3, #0
1000525a:	2601      	movs	r6, #1
1000525c:	2121      	movs	r1, #33	@ 0x21
1000525e:	4a14      	ldr	r2, [pc, #80]	@ (100052b0 <dcd_init+0x7c>)
10005260:	7066      	strb	r6, [r4, #1]
10005262:	8327      	strh	r7, [r4, #24]
10005264:	60a2      	str	r2, [r4, #8]
10005266:	6013      	str	r3, [r2, #0]
10005268:	5463      	strb	r3, [r4, r1]
1000526a:	315f      	adds	r1, #95	@ 0x5f
1000526c:	8461      	strh	r1, [r4, #34]	@ 0x22
1000526e:	3945      	subs	r1, #69	@ 0x45
10005270:	5463      	strb	r3, [r4, r1]
10005272:	4a10      	ldr	r2, [pc, #64]	@ (100052b4 <dcd_init+0x80>)
10005274:	4910      	ldr	r1, [pc, #64]	@ (100052b8 <dcd_init+0x84>)
10005276:	6063      	str	r3, [r4, #4]
10005278:	60e2      	str	r2, [r4, #12]
1000527a:	8727      	strh	r7, [r4, #56]	@ 0x38
1000527c:	62a1      	str	r1, [r4, #40]	@ 0x28
1000527e:	600b      	str	r3, [r1, #0]
10005280:	6263      	str	r3, [r4, #36]	@ 0x24
10005282:	62e2      	str	r2, [r4, #44]	@ 0x2c
10005284:	f002 f814 	bl	100072b0 <__reset_non_control_endpoints_veneer>
10005288:	2380      	movs	r3, #128	@ 0x80
1000528a:	059b      	lsls	r3, r3, #22
1000528c:	642e      	str	r6, [r5, #64]	@ 0x40
1000528e:	64eb      	str	r3, [r5, #76]	@ 0x4c
10005290:	2390      	movs	r3, #144	@ 0x90
10005292:	4a0a      	ldr	r2, [pc, #40]	@ (100052bc <dcd_init+0x88>)
10005294:	2001      	movs	r0, #1
10005296:	50ea      	str	r2, [r5, r3]
10005298:	2280      	movs	r2, #128	@ 0x80
1000529a:	4b09      	ldr	r3, [pc, #36]	@ (100052c0 <dcd_init+0x8c>)
1000529c:	0252      	lsls	r2, r2, #9
1000529e:	64da      	str	r2, [r3, #76]	@ 0x4c
100052a0:	bdf8      	pop	{r3, r4, r5, r6, r7, pc}
100052a2:	46c0      	nop			@ (mov r8, r8)
100052a4:	50110000 	.word	0x50110000
100052a8:	20000545 	.word	0x20000545
100052ac:	20001b3c 	.word	0x20001b3c
100052b0:	50100084 	.word	0x50100084
100052b4:	50100100 	.word	0x50100100
100052b8:	50100080 	.word	0x50100080
100052bc:	0001d010 	.word	0x0001d010
100052c0:	50112000 	.word	0x50112000

100052c4 <dcd_int_enable>:
100052c4:	b510      	push	{r4, lr}
100052c6:	2101      	movs	r1, #1
100052c8:	2005      	movs	r0, #5
100052ca:	f7fb fc21 	bl	10000b10 <irq_set_enabled>
100052ce:	bd10      	pop	{r4, pc}

100052d0 <dcd_set_address>:
100052d0:	b510      	push	{r4, lr}
100052d2:	2200      	movs	r2, #0
100052d4:	2100      	movs	r1, #0
100052d6:	4802      	ldr	r0, [pc, #8]	@ (100052e0 <dcd_set_address+0x10>)
100052d8:	f000 f916 	bl	10005508 <hw_endpoint_xfer_start>
100052dc:	bd10      	pop	{r4, pc}
100052de:	46c0      	nop			@ (mov r8, r8)
100052e0:	20001b5c 	.word	0x20001b5c

100052e4 <dcd_sof_enable>:
100052e4:	4b04      	ldr	r3, [pc, #16]	@ (100052f8 <dcd_sof_enable+0x14>)
100052e6:	7019      	strb	r1, [r3, #0]
100052e8:	2900      	cmp	r1, #0
100052ea:	d004      	beq.n	100052f6 <dcd_sof_enable+0x12>
100052ec:	2180      	movs	r1, #128	@ 0x80
100052ee:	2390      	movs	r3, #144	@ 0x90
100052f0:	4a02      	ldr	r2, [pc, #8]	@ (100052fc <dcd_sof_enable+0x18>)
100052f2:	0289      	lsls	r1, r1, #10
100052f4:	50d1      	str	r1, [r2, r3]
100052f6:	4770      	bx	lr
100052f8:	20001faa 	.word	0x20001faa
100052fc:	50112000 	.word	0x50112000

10005300 <dcd_edpt0_status_complete>:
10005300:	780b      	ldrb	r3, [r1, #0]
10005302:	065b      	lsls	r3, r3, #25
10005304:	d102      	bne.n	1000530c <dcd_edpt0_status_complete+0xc>
10005306:	784b      	ldrb	r3, [r1, #1]
10005308:	2b05      	cmp	r3, #5
1000530a:	d000      	beq.n	1000530e <dcd_edpt0_status_complete+0xe>
1000530c:	4770      	bx	lr
1000530e:	788a      	ldrb	r2, [r1, #2]
10005310:	4b01      	ldr	r3, [pc, #4]	@ (10005318 <dcd_edpt0_status_complete+0x18>)
10005312:	601a      	str	r2, [r3, #0]
10005314:	e7fa      	b.n	1000530c <dcd_edpt0_status_complete+0xc>
10005316:	46c0      	nop			@ (mov r8, r8)
10005318:	50110000 	.word	0x50110000

1000531c <dcd_edpt_open>:
1000531c:	b5f0      	push	{r4, r5, r6, r7, lr}
1000531e:	46c6      	mov	lr, r8
10005320:	78c8      	ldrb	r0, [r1, #3]
10005322:	b500      	push	{lr}
10005324:	0780      	lsls	r0, r0, #30
10005326:	0f83      	lsrs	r3, r0, #30
10005328:	0018      	movs	r0, r3
1000532a:	2b01      	cmp	r3, #1
1000532c:	d060      	beq.n	100053f0 <dcd_edpt_open+0xd4>
1000532e:	788f      	ldrb	r7, [r1, #2]
10005330:	790a      	ldrb	r2, [r1, #4]
10005332:	794b      	ldrb	r3, [r1, #5]
10005334:	217f      	movs	r1, #127	@ 0x7f
10005336:	4039      	ands	r1, r7
10005338:	09fc      	lsrs	r4, r7, #7
1000533a:	021b      	lsls	r3, r3, #8
1000533c:	004e      	lsls	r6, r1, #1
1000533e:	4313      	orrs	r3, r2
10005340:	4d33      	ldr	r5, [pc, #204]	@ (10005410 <dcd_edpt_open+0xf4>)
10005342:	1932      	adds	r2, r6, r4
10005344:	0152      	lsls	r2, r2, #5
10005346:	18aa      	adds	r2, r5, r2
10005348:	7097      	strb	r7, [r2, #2]
1000534a:	2701      	movs	r7, #1
1000534c:	4067      	eors	r7, r4
1000534e:	7057      	strb	r7, [r2, #1]
10005350:	2700      	movs	r7, #0
10005352:	055b      	lsls	r3, r3, #21
10005354:	0d5b      	lsrs	r3, r3, #21
10005356:	70d7      	strb	r7, [r2, #3]
10005358:	8313      	strh	r3, [r2, #24]
1000535a:	76d0      	strb	r0, [r2, #27]
1000535c:	46b8      	mov	r8, r7
1000535e:	00ca      	lsls	r2, r1, #3
10005360:	2c01      	cmp	r4, #1
10005362:	d032      	beq.n	100053ca <dcd_edpt_open+0xae>
10005364:	4f2b      	ldr	r7, [pc, #172]	@ (10005414 <dcd_edpt_open+0xf8>)
10005366:	46bc      	mov	ip, r7
10005368:	018f      	lsls	r7, r1, #6
1000536a:	4462      	add	r2, ip
1000536c:	46bc      	mov	ip, r7
1000536e:	44ac      	add	ip, r5
10005370:	4667      	mov	r7, ip
10005372:	60ba      	str	r2, [r7, #8]
10005374:	4647      	mov	r7, r8
10005376:	6017      	str	r7, [r2, #0]
10005378:	2900      	cmp	r1, #0
1000537a:	d032      	beq.n	100053e2 <dcd_edpt_open+0xc6>
1000537c:	4a26      	ldr	r2, [pc, #152]	@ (10005418 <dcd_edpt_open+0xfc>)
1000537e:	00c9      	lsls	r1, r1, #3
10005380:	4690      	mov	r8, r2
10005382:	4662      	mov	r2, ip
10005384:	4441      	add	r1, r8
10005386:	6051      	str	r1, [r2, #4]
10005388:	223f      	movs	r2, #63	@ 0x3f
1000538a:	333f      	adds	r3, #63	@ 0x3f
1000538c:	4393      	bics	r3, r2
1000538e:	2802      	cmp	r0, #2
10005390:	d037      	beq.n	10005402 <dcd_edpt_open+0xe6>
10005392:	4922      	ldr	r1, [pc, #136]	@ (1000541c <dcd_edpt_open+0x100>)
10005394:	1937      	adds	r7, r6, r4
10005396:	680a      	ldr	r2, [r1, #0]
10005398:	017f      	lsls	r7, r7, #5
1000539a:	18d3      	adds	r3, r2, r3
1000539c:	600b      	str	r3, [r1, #0]
1000539e:	4920      	ldr	r1, [pc, #128]	@ (10005420 <dcd_edpt_open+0x104>)
100053a0:	19ef      	adds	r7, r5, r7
100053a2:	60fa      	str	r2, [r7, #12]
100053a4:	428b      	cmp	r3, r1
100053a6:	d82e      	bhi.n	10005406 <dcd_edpt_open+0xea>
100053a8:	1936      	adds	r6, r6, r4
100053aa:	0176      	lsls	r6, r6, #5
100053ac:	19ad      	adds	r5, r5, r6
100053ae:	7eeb      	ldrb	r3, [r5, #27]
100053b0:	491c      	ldr	r1, [pc, #112]	@ (10005424 <dcd_edpt_open+0x108>)
100053b2:	069b      	lsls	r3, r3, #26
100053b4:	404a      	eors	r2, r1
100053b6:	4313      	orrs	r3, r2
100053b8:	2280      	movs	r2, #128	@ 0x80
100053ba:	0612      	lsls	r2, r2, #24
100053bc:	4313      	orrs	r3, r2
100053be:	686a      	ldr	r2, [r5, #4]
100053c0:	6013      	str	r3, [r2, #0]
100053c2:	2001      	movs	r0, #1
100053c4:	bc80      	pop	{r7}
100053c6:	46b8      	mov	r8, r7
100053c8:	bdf0      	pop	{r4, r5, r6, r7, pc}
100053ca:	4f17      	ldr	r7, [pc, #92]	@ (10005428 <dcd_edpt_open+0x10c>)
100053cc:	46bc      	mov	ip, r7
100053ce:	018f      	lsls	r7, r1, #6
100053d0:	4462      	add	r2, ip
100053d2:	46bc      	mov	ip, r7
100053d4:	44ac      	add	ip, r5
100053d6:	4667      	mov	r7, ip
100053d8:	62ba      	str	r2, [r7, #40]	@ 0x28
100053da:	4647      	mov	r7, r8
100053dc:	6017      	str	r7, [r2, #0]
100053de:	2900      	cmp	r1, #0
100053e0:	d108      	bne.n	100053f4 <dcd_edpt_open+0xd8>
100053e2:	2300      	movs	r3, #0
100053e4:	0164      	lsls	r4, r4, #5
100053e6:	192c      	adds	r4, r5, r4
100053e8:	6063      	str	r3, [r4, #4]
100053ea:	4b10      	ldr	r3, [pc, #64]	@ (1000542c <dcd_edpt_open+0x110>)
100053ec:	60e3      	str	r3, [r4, #12]
100053ee:	e7e8      	b.n	100053c2 <dcd_edpt_open+0xa6>
100053f0:	2000      	movs	r0, #0
100053f2:	e7e7      	b.n	100053c4 <dcd_edpt_open+0xa8>
100053f4:	4a0b      	ldr	r2, [pc, #44]	@ (10005424 <dcd_edpt_open+0x108>)
100053f6:	00c9      	lsls	r1, r1, #3
100053f8:	4690      	mov	r8, r2
100053fa:	4662      	mov	r2, ip
100053fc:	4441      	add	r1, r8
100053fe:	6251      	str	r1, [r2, #36]	@ 0x24
10005400:	e7c2      	b.n	10005388 <dcd_edpt_open+0x6c>
10005402:	005b      	lsls	r3, r3, #1
10005404:	e7c5      	b.n	10005392 <dcd_edpt_open+0x76>
10005406:	f7fc fc05 	bl	10001c14 <hard_assertion_failure>
1000540a:	68fa      	ldr	r2, [r7, #12]
1000540c:	e7cc      	b.n	100053a8 <dcd_edpt_open+0x8c>
1000540e:	46c0      	nop			@ (mov r8, r8)
10005410:	20001b3c 	.word	0x20001b3c
10005414:	50100084 	.word	0x50100084
10005418:	50100004 	.word	0x50100004
1000541c:	20001f44 	.word	0x20001f44
10005420:	50100fff 	.word	0x50100fff
10005424:	50100000 	.word	0x50100000
10005428:	50100080 	.word	0x50100080
1000542c:	50100100 	.word	0x50100100

10005430 <dcd_edpt_close_all>:
10005430:	b510      	push	{r4, lr}
10005432:	f001 ff3d 	bl	100072b0 <__reset_non_control_endpoints_veneer>
10005436:	bd10      	pop	{r4, pc}

10005438 <dcd_edpt_xfer>:
10005438:	b510      	push	{r4, lr}
1000543a:	207f      	movs	r0, #127	@ 0x7f
1000543c:	000c      	movs	r4, r1
1000543e:	4020      	ands	r0, r4
10005440:	0040      	lsls	r0, r0, #1
10005442:	09e4      	lsrs	r4, r4, #7
10005444:	0011      	movs	r1, r2
10005446:	1900      	adds	r0, r0, r4
10005448:	001a      	movs	r2, r3
1000544a:	4b03      	ldr	r3, [pc, #12]	@ (10005458 <dcd_edpt_xfer+0x20>)
1000544c:	0140      	lsls	r0, r0, #5
1000544e:	18c0      	adds	r0, r0, r3
10005450:	f000 f85a 	bl	10005508 <hw_endpoint_xfer_start>
10005454:	2001      	movs	r0, #1
10005456:	bd10      	pop	{r4, pc}
10005458:	20001b3c 	.word	0x20001b3c

1000545c <dcd_edpt_stall>:
1000545c:	237f      	movs	r3, #127	@ 0x7f
1000545e:	0018      	movs	r0, r3
10005460:	b500      	push	{lr}
10005462:	4008      	ands	r0, r1
10005464:	b083      	sub	sp, #12
10005466:	420b      	tst	r3, r1
10005468:	d104      	bne.n	10005474 <dcd_edpt_stall+0x18>
1000546a:	424b      	negs	r3, r1
1000546c:	414b      	adcs	r3, r1
1000546e:	4a08      	ldr	r2, [pc, #32]	@ (10005490 <dcd_edpt_stall+0x34>)
10005470:	3301      	adds	r3, #1
10005472:	6693      	str	r3, [r2, #104]	@ 0x68
10005474:	2280      	movs	r2, #128	@ 0x80
10005476:	09c9      	lsrs	r1, r1, #7
10005478:	0040      	lsls	r0, r0, #1
1000547a:	4b06      	ldr	r3, [pc, #24]	@ (10005494 <dcd_edpt_stall+0x38>)
1000547c:	1840      	adds	r0, r0, r1
1000547e:	0140      	lsls	r0, r0, #5
10005480:	2100      	movs	r1, #0
10005482:	18c0      	adds	r0, r0, r3
10005484:	0112      	lsls	r2, r2, #4
10005486:	f001 ff63 	bl	10007350 <___hw_endpoint_buffer_control_update32_veneer>
1000548a:	b003      	add	sp, #12
1000548c:	bd00      	pop	{pc}
1000548e:	46c0      	nop			@ (mov r8, r8)
10005490:	50112000 	.word	0x50112000
10005494:	20001b3c 	.word	0x20001b3c

10005498 <dcd_edpt_clear_stall>:
10005498:	227f      	movs	r2, #127	@ 0x7f
1000549a:	0013      	movs	r3, r2
1000549c:	b510      	push	{r4, lr}
1000549e:	400b      	ands	r3, r1
100054a0:	420a      	tst	r2, r1
100054a2:	d100      	bne.n	100054a6 <dcd_edpt_clear_stall+0xe>
100054a4:	bd10      	pop	{r4, pc}
100054a6:	09c9      	lsrs	r1, r1, #7
100054a8:	005b      	lsls	r3, r3, #1
100054aa:	185b      	adds	r3, r3, r1
100054ac:	4804      	ldr	r0, [pc, #16]	@ (100054c0 <dcd_edpt_clear_stall+0x28>)
100054ae:	015b      	lsls	r3, r3, #5
100054b0:	18c0      	adds	r0, r0, r3
100054b2:	2300      	movs	r3, #0
100054b4:	2200      	movs	r2, #0
100054b6:	4903      	ldr	r1, [pc, #12]	@ (100054c4 <dcd_edpt_clear_stall+0x2c>)
100054b8:	70c3      	strb	r3, [r0, #3]
100054ba:	f001 ff49 	bl	10007350 <___hw_endpoint_buffer_control_update32_veneer>
100054be:	e7f1      	b.n	100054a4 <dcd_edpt_clear_stall+0xc>
100054c0:	20001b3c 	.word	0x20001b3c
100054c4:	fffff7ff 	.word	0xfffff7ff

100054c8 <rp2040_usb_init>:
100054c8:	2280      	movs	r2, #128	@ 0x80
100054ca:	4b0a      	ldr	r3, [pc, #40]	@ (100054f4 <rp2040_usb_init+0x2c>)
100054cc:	0452      	lsls	r2, r2, #17
100054ce:	b510      	push	{r4, lr}
100054d0:	601a      	str	r2, [r3, #0]
100054d2:	4b09      	ldr	r3, [pc, #36]	@ (100054f8 <rp2040_usb_init+0x30>)
100054d4:	4909      	ldr	r1, [pc, #36]	@ (100054fc <rp2040_usb_init+0x34>)
100054d6:	601a      	str	r2, [r3, #0]
100054d8:	0010      	movs	r0, r2
100054da:	680b      	ldr	r3, [r1, #0]
100054dc:	4398      	bics	r0, r3
100054de:	d1fb      	bne.n	100054d8 <rp2040_usb_init+0x10>
100054e0:	2280      	movs	r2, #128	@ 0x80
100054e2:	2100      	movs	r1, #0
100054e4:	0152      	lsls	r2, r2, #5
100054e6:	4806      	ldr	r0, [pc, #24]	@ (10005500 <rp2040_usb_init+0x38>)
100054e8:	f7fd fbe8 	bl	10002cbc <__wrap_memset>
100054ec:	2209      	movs	r2, #9
100054ee:	4b05      	ldr	r3, [pc, #20]	@ (10005504 <rp2040_usb_init+0x3c>)
100054f0:	675a      	str	r2, [r3, #116]	@ 0x74
100054f2:	bd10      	pop	{r4, pc}
100054f4:	4000e000 	.word	0x4000e000
100054f8:	4000f000 	.word	0x4000f000
100054fc:	4000c008 	.word	0x4000c008
10005500:	50100000 	.word	0x50100000
10005504:	50110000 	.word	0x50110000

10005508 <hw_endpoint_xfer_start>:
10005508:	2300      	movs	r3, #0
1000550a:	b510      	push	{r4, lr}
1000550c:	82c3      	strh	r3, [r0, #22]
1000550e:	3301      	adds	r3, #1
10005510:	8282      	strh	r2, [r0, #20]
10005512:	7683      	strb	r3, [r0, #26]
10005514:	6101      	str	r1, [r0, #16]
10005516:	0004      	movs	r4, r0
10005518:	f001 ff22 	bl	10007360 <__e15_is_bulkin_ep_veneer>
1000551c:	2800      	cmp	r0, #0
1000551e:	d004      	beq.n	1000552a <hw_endpoint_xfer_start+0x22>
10005520:	2180      	movs	r1, #128	@ 0x80
10005522:	2390      	movs	r3, #144	@ 0x90
10005524:	4a07      	ldr	r2, [pc, #28]	@ (10005544 <hw_endpoint_xfer_start+0x3c>)
10005526:	0289      	lsls	r1, r1, #10
10005528:	50d1      	str	r1, [r2, r3]
1000552a:	0020      	movs	r0, r4
1000552c:	f001 ff00 	bl	10007330 <__e15_is_critical_frame_period_veneer>
10005530:	2800      	cmp	r0, #0
10005532:	d002      	beq.n	1000553a <hw_endpoint_xfer_start+0x32>
10005534:	2301      	movs	r3, #1
10005536:	7723      	strb	r3, [r4, #28]
10005538:	bd10      	pop	{r4, pc}
1000553a:	0020      	movs	r0, r4
1000553c:	f001 ff00 	bl	10007340 <__hw_endpoint_start_next_buffer_veneer>
10005540:	e7fa      	b.n	10005538 <hw_endpoint_xfer_start+0x30>
10005542:	46c0      	nop			@ (mov r8, r8)
10005544:	50112000 	.word	0x50112000

10005548 <tud_event_hook_cb>:
10005548:	4770      	bx	lr
1000554a:	46c0      	nop			@ (mov r8, r8)

1000554c <tud_sof_cb>:
1000554c:	4770      	bx	lr
1000554e:	46c0      	nop			@ (mov r8, r8)

10005550 <tud_descriptor_device_qualifier_cb>:
10005550:	2000      	movs	r0, #0
10005552:	4770      	bx	lr

10005554 <tud_descriptor_other_speed_configuration_cb>:
10005554:	2000      	movs	r0, #0
10005556:	4770      	bx	lr

10005558 <tud_mount_cb>:
10005558:	4770      	bx	lr
1000555a:	46c0      	nop			@ (mov r8, r8)

1000555c <tud_umount_cb>:
1000555c:	4770      	bx	lr
1000555e:	46c0      	nop			@ (mov r8, r8)

10005560 <tud_suspend_cb>:
10005560:	4770      	bx	lr
10005562:	46c0      	nop			@ (mov r8, r8)

10005564 <tud_resume_cb>:
10005564:	4770      	bx	lr
10005566:	46c0      	nop			@ (mov r8, r8)

10005568 <tud_mounted>:
10005568:	4b02      	ldr	r3, [pc, #8]	@ (10005574 <tud_mounted+0xc>)
1000556a:	7858      	ldrb	r0, [r3, #1]
1000556c:	1e43      	subs	r3, r0, #1
1000556e:	4198      	sbcs	r0, r3
10005570:	b2c0      	uxtb	r0, r0
10005572:	4770      	bx	lr
10005574:	200015e8 	.word	0x200015e8

10005578 <tud_suspended>:
10005578:	4b02      	ldr	r3, [pc, #8]	@ (10005584 <tud_suspended+0xc>)
1000557a:	7818      	ldrb	r0, [r3, #0]
1000557c:	0740      	lsls	r0, r0, #29
1000557e:	0fc0      	lsrs	r0, r0, #31
10005580:	4770      	bx	lr
10005582:	46c0      	nop			@ (mov r8, r8)
10005584:	200015e8 	.word	0x200015e8

10005588 <tud_rhport_init>:
10005588:	b5f0      	push	{r4, r5, r6, r7, lr}
1000558a:	46d6      	mov	lr, sl
1000558c:	464f      	mov	r7, r9
1000558e:	4646      	mov	r6, r8
10005590:	b5c0      	push	{r6, r7, lr}
10005592:	4b2f      	ldr	r3, [pc, #188]	@ (10005650 <tud_rhport_init+0xc8>)
10005594:	0007      	movs	r7, r0
10005596:	469a      	mov	sl, r3
10005598:	781b      	ldrb	r3, [r3, #0]
1000559a:	000e      	movs	r6, r1
1000559c:	2bff      	cmp	r3, #255	@ 0xff
1000559e:	d150      	bne.n	10005642 <tud_rhport_init+0xba>
100055a0:	2900      	cmp	r1, #0
100055a2:	d041      	beq.n	10005628 <tud_rhport_init+0xa0>
100055a4:	2100      	movs	r1, #0
100055a6:	2254      	movs	r2, #84	@ 0x54
100055a8:	482a      	ldr	r0, [pc, #168]	@ (10005654 <tud_rhport_init+0xcc>)
100055aa:	f7fd fb87 	bl	10002cbc <__wrap_memset>
100055ae:	2200      	movs	r2, #0
100055b0:	4c29      	ldr	r4, [pc, #164]	@ (10005658 <tud_rhport_init+0xd0>)
100055b2:	4b2a      	ldr	r3, [pc, #168]	@ (1000565c <tud_rhport_init+0xd4>)
100055b4:	0020      	movs	r0, r4
100055b6:	701a      	strb	r2, [r3, #0]
100055b8:	f7fb fca6 	bl	10000f08 <mutex_init>
100055bc:	4b28      	ldr	r3, [pc, #160]	@ (10005660 <tud_rhport_init+0xd8>)
100055be:	601c      	str	r4, [r3, #0]
100055c0:	4c28      	ldr	r4, [pc, #160]	@ (10005664 <tud_rhport_init+0xdc>)
100055c2:	0020      	movs	r0, r4
100055c4:	3c14      	subs	r4, #20
100055c6:	f7fb fcad 	bl	10000f24 <critical_section_init>
100055ca:	0020      	movs	r0, r4
100055cc:	f001 fdfa 	bl	100071c4 <tu_fifo_clear>
100055d0:	4b25      	ldr	r3, [pc, #148]	@ (10005668 <tud_rhport_init+0xe0>)
100055d2:	4d26      	ldr	r5, [pc, #152]	@ (1000566c <tud_rhport_init+0xe4>)
100055d4:	601c      	str	r4, [r3, #0]
100055d6:	4b26      	ldr	r3, [pc, #152]	@ (10005670 <tud_rhport_init+0xe8>)
100055d8:	2b00      	cmp	r3, #0
100055da:	d004      	beq.n	100055e6 <tud_rhport_init+0x5e>
100055dc:	0028      	movs	r0, r5
100055de:	f7ff fac7 	bl	10004b70 <usbd_app_driver_get_cb>
100055e2:	4b24      	ldr	r3, [pc, #144]	@ (10005674 <tud_rhport_init+0xec>)
100055e4:	6018      	str	r0, [r3, #0]
100055e6:	4924      	ldr	r1, [pc, #144]	@ (10005678 <tud_rhport_init+0xf0>)
100055e8:	2400      	movs	r4, #0
100055ea:	4689      	mov	r9, r1
100055ec:	4921      	ldr	r1, [pc, #132]	@ (10005674 <tud_rhport_init+0xec>)
100055ee:	2300      	movs	r3, #0
100055f0:	4688      	mov	r8, r1
100055f2:	782a      	ldrb	r2, [r5, #0]
100055f4:	e010      	b.n	10005618 <tud_rhport_init+0x90>
100055f6:	4643      	mov	r3, r8
100055f8:	681b      	ldr	r3, [r3, #0]
100055fa:	0162      	lsls	r2, r4, #5
100055fc:	189b      	adds	r3, r3, r2
100055fe:	2b00      	cmp	r3, #0
10005600:	d012      	beq.n	10005628 <tud_rhport_init+0xa0>
10005602:	685b      	ldr	r3, [r3, #4]
10005604:	2b00      	cmp	r3, #0
10005606:	d00f      	beq.n	10005628 <tud_rhport_init+0xa0>
10005608:	4798      	blx	r3
1000560a:	782a      	ldrb	r2, [r5, #0]
1000560c:	3401      	adds	r4, #1
1000560e:	b2e4      	uxtb	r4, r4
10005610:	1c51      	adds	r1, r2, #1
10005612:	0023      	movs	r3, r4
10005614:	42a1      	cmp	r1, r4
10005616:	db09      	blt.n	1000562c <tud_rhport_init+0xa4>
10005618:	42a2      	cmp	r2, r4
1000561a:	d8ec      	bhi.n	100055f6 <tud_rhport_init+0x6e>
1000561c:	1a9b      	subs	r3, r3, r2
1000561e:	015b      	lsls	r3, r3, #5
10005620:	444b      	add	r3, r9
10005622:	685b      	ldr	r3, [r3, #4]
10005624:	2b00      	cmp	r3, #0
10005626:	d1ef      	bne.n	10005608 <tud_rhport_init+0x80>
10005628:	2000      	movs	r0, #0
1000562a:	e00b      	b.n	10005644 <tud_rhport_init+0xbc>
1000562c:	4653      	mov	r3, sl
1000562e:	0031      	movs	r1, r6
10005630:	0038      	movs	r0, r7
10005632:	701f      	strb	r7, [r3, #0]
10005634:	f7ff fdfe 	bl	10005234 <dcd_init>
10005638:	2800      	cmp	r0, #0
1000563a:	d0f5      	beq.n	10005628 <tud_rhport_init+0xa0>
1000563c:	0038      	movs	r0, r7
1000563e:	f7ff fe41 	bl	100052c4 <dcd_int_enable>
10005642:	2001      	movs	r0, #1
10005644:	bce0      	pop	{r5, r6, r7}
10005646:	46ba      	mov	sl, r7
10005648:	46b1      	mov	r9, r6
1000564a:	46a8      	mov	r8, r5
1000564c:	bdf0      	pop	{r4, r5, r6, r7, pc}
1000564e:	46c0      	nop			@ (mov r8, r8)
10005650:	200010a4 	.word	0x200010a4
10005654:	200015e8 	.word	0x200015e8
10005658:	200015e0 	.word	0x200015e0
1000565c:	20001fab 	.word	0x20001fab
10005660:	2000163c 	.word	0x2000163c
10005664:	2000109c 	.word	0x2000109c
10005668:	20001640 	.word	0x20001640
1000566c:	20001fa9 	.word	0x20001fa9
10005670:	10004b71 	.word	0x10004b71
10005674:	20001438 	.word	0x20001438
10005678:	10007c8c 	.word	0x10007c8c

1000567c <tud_task_ext>:
1000567c:	b5f0      	push	{r4, r5, r6, r7, lr}
1000567e:	46de      	mov	lr, fp
10005680:	4657      	mov	r7, sl
10005682:	464e      	mov	r6, r9
10005684:	4645      	mov	r5, r8
10005686:	b5e0      	push	{r5, r6, r7, lr}
10005688:	4bc8      	ldr	r3, [pc, #800]	@ (100059ac <tud_task_ext+0x330>)
1000568a:	b091      	sub	sp, #68	@ 0x44
1000568c:	9302      	str	r3, [sp, #8]
1000568e:	781b      	ldrb	r3, [r3, #0]
10005690:	2bff      	cmp	r3, #255	@ 0xff
10005692:	d100      	bne.n	10005696 <tud_task_ext+0x1a>
10005694:	e13e      	b.n	10005914 <tud_task_ext+0x298>
10005696:	4bc6      	ldr	r3, [pc, #792]	@ (100059b0 <tud_task_ext+0x334>)
10005698:	4ec6      	ldr	r6, [pc, #792]	@ (100059b4 <tud_task_ext+0x338>)
1000569a:	469b      	mov	fp, r3
1000569c:	465f      	mov	r7, fp
1000569e:	4bc6      	ldr	r3, [pc, #792]	@ (100059b8 <tud_task_ext+0x33c>)
100056a0:	ac0d      	add	r4, sp, #52	@ 0x34
100056a2:	9301      	str	r3, [sp, #4]
100056a4:	4bc5      	ldr	r3, [pc, #788]	@ (100059bc <tud_task_ext+0x340>)
100056a6:	9300      	str	r3, [sp, #0]
100056a8:	6835      	ldr	r5, [r6, #0]
100056aa:	696a      	ldr	r2, [r5, #20]
100056ac:	f3ef 8110 	mrs	r1, PRIMASK
100056b0:	b672      	cpsid	i
100056b2:	6813      	ldr	r3, [r2, #0]
100056b4:	2b00      	cmp	r3, #0
100056b6:	d0fc      	beq.n	100056b2 <tud_task_ext+0x36>
100056b8:	f3bf 8f5f 	dmb	sy
100056bc:	61a9      	str	r1, [r5, #24]
100056be:	0028      	movs	r0, r5
100056c0:	0021      	movs	r1, r4
100056c2:	f001 fbaf 	bl	10006e24 <tu_fifo_read>
100056c6:	696a      	ldr	r2, [r5, #20]
100056c8:	69ab      	ldr	r3, [r5, #24]
100056ca:	f3bf 8f5f 	dmb	sy
100056ce:	2100      	movs	r1, #0
100056d0:	6011      	str	r1, [r2, #0]
100056d2:	f383 8810 	msr	PRIMASK, r3
100056d6:	2800      	cmp	r0, #0
100056d8:	d100      	bne.n	100056dc <tud_task_ext+0x60>
100056da:	e11b      	b.n	10005914 <tud_task_ext+0x298>
100056dc:	7863      	ldrb	r3, [r4, #1]
100056de:	2b08      	cmp	r3, #8
100056e0:	d8e2      	bhi.n	100056a8 <tud_task_ext+0x2c>
100056e2:	009b      	lsls	r3, r3, #2
100056e4:	58fb      	ldr	r3, [r7, r3]
100056e6:	469f      	mov	pc, r3
100056e8:	6863      	ldr	r3, [r4, #4]
100056ea:	2b00      	cmp	r3, #0
100056ec:	d0dc      	beq.n	100056a8 <tud_task_ext+0x2c>
100056ee:	68a0      	ldr	r0, [r4, #8]
100056f0:	4798      	blx	r3
100056f2:	e7d9      	b.n	100056a8 <tud_task_ext+0x2c>
100056f4:	227f      	movs	r2, #127	@ 0x7f
100056f6:	7921      	ldrb	r1, [r4, #4]
100056f8:	4daf      	ldr	r5, [pc, #700]	@ (100059b8 <tud_task_ext+0x33c>)
100056fa:	400a      	ands	r2, r1
100056fc:	0053      	lsls	r3, r2, #1
100056fe:	18eb      	adds	r3, r5, r3
10005700:	4698      	mov	r8, r3
10005702:	09c8      	lsrs	r0, r1, #7
10005704:	4480      	add	r8, r0
10005706:	4640      	mov	r0, r8
10005708:	2301      	movs	r3, #1
1000570a:	3030      	adds	r0, #48	@ 0x30
1000570c:	7905      	ldrb	r5, [r0, #4]
1000570e:	439d      	bics	r5, r3
10005710:	7105      	strb	r5, [r0, #4]
10005712:	7905      	ldrb	r5, [r0, #4]
10005714:	3303      	adds	r3, #3
10005716:	439d      	bics	r5, r3
10005718:	7105      	strb	r5, [r0, #4]
1000571a:	2a00      	cmp	r2, #0
1000571c:	d100      	bne.n	10005720 <tud_task_ext+0xa4>
1000571e:	e100      	b.n	10005922 <tud_task_ext+0x2a6>
10005720:	4643      	mov	r3, r8
10005722:	4aa7      	ldr	r2, [pc, #668]	@ (100059c0 <tud_task_ext+0x344>)
10005724:	7d1b      	ldrb	r3, [r3, #20]
10005726:	7812      	ldrb	r2, [r2, #0]
10005728:	4293      	cmp	r3, r2
1000572a:	d300      	bcc.n	1000572e <tud_task_ext+0xb2>
1000572c:	e0ef      	b.n	1000590e <tud_task_ext+0x292>
1000572e:	4aa5      	ldr	r2, [pc, #660]	@ (100059c4 <tud_task_ext+0x348>)
10005730:	015b      	lsls	r3, r3, #5
10005732:	6815      	ldr	r5, [r2, #0]
10005734:	18ed      	adds	r5, r5, r3
10005736:	2d00      	cmp	r5, #0
10005738:	d100      	bne.n	1000573c <tud_task_ext+0xc0>
1000573a:	e0eb      	b.n	10005914 <tud_task_ext+0x298>
1000573c:	68a3      	ldr	r3, [r4, #8]
1000573e:	7962      	ldrb	r2, [r4, #5]
10005740:	7820      	ldrb	r0, [r4, #0]
10005742:	69ad      	ldr	r5, [r5, #24]
10005744:	47a8      	blx	r5
10005746:	e7af      	b.n	100056a8 <tud_task_ext+0x2c>
10005748:	4a9f      	ldr	r2, [pc, #636]	@ (100059c8 <tud_task_ext+0x34c>)
1000574a:	7813      	ldrb	r3, [r2, #0]
1000574c:	2b00      	cmp	r3, #0
1000574e:	d100      	bne.n	10005752 <tud_task_ext+0xd6>
10005750:	e0e0      	b.n	10005914 <tud_task_ext+0x298>
10005752:	7813      	ldrb	r3, [r2, #0]
10005754:	3b01      	subs	r3, #1
10005756:	b2db      	uxtb	r3, r3
10005758:	7013      	strb	r3, [r2, #0]
1000575a:	7813      	ldrb	r3, [r2, #0]
1000575c:	2b00      	cmp	r3, #0
1000575e:	d1a3      	bne.n	100056a8 <tud_task_ext+0x2c>
10005760:	2201      	movs	r2, #1
10005762:	4d95      	ldr	r5, [pc, #596]	@ (100059b8 <tud_task_ext+0x33c>)
10005764:	2101      	movs	r1, #1
10005766:	782b      	ldrb	r3, [r5, #0]
10005768:	2004      	movs	r0, #4
1000576a:	4313      	orrs	r3, r2
1000576c:	702b      	strb	r3, [r5, #0]
1000576e:	2334      	movs	r3, #52	@ 0x34
10005770:	5cea      	ldrb	r2, [r5, r3]
10005772:	438a      	bics	r2, r1
10005774:	54ea      	strb	r2, [r5, r3]
10005776:	5cea      	ldrb	r2, [r5, r3]
10005778:	4382      	bics	r2, r0
1000577a:	54ea      	strb	r2, [r5, r3]
1000577c:	3301      	adds	r3, #1
1000577e:	5cea      	ldrb	r2, [r5, r3]
10005780:	438a      	bics	r2, r1
10005782:	54ea      	strb	r2, [r5, r3]
10005784:	5cea      	ldrb	r2, [r5, r3]
10005786:	4382      	bics	r2, r0
10005788:	54ea      	strb	r2, [r5, r3]
1000578a:	7823      	ldrb	r3, [r4, #0]
1000578c:	2000      	movs	r0, #0
1000578e:	469b      	mov	fp, r3
10005790:	f000 fc9e 	bl	100060d0 <usbd_control_set_complete_callback>
10005794:	2260      	movs	r2, #96	@ 0x60
10005796:	7923      	ldrb	r3, [r4, #4]
10005798:	401a      	ands	r2, r3
1000579a:	2a60      	cmp	r2, #96	@ 0x60
1000579c:	d100      	bne.n	100057a0 <tud_task_ext+0x124>
1000579e:	e0ef      	b.n	10005980 <tud_task_ext+0x304>
100057a0:	2a40      	cmp	r2, #64	@ 0x40
100057a2:	d100      	bne.n	100057a6 <tud_task_ext+0x12a>
100057a4:	e0f5      	b.n	10005992 <tud_task_ext+0x316>
100057a6:	06db      	lsls	r3, r3, #27
100057a8:	0edb      	lsrs	r3, r3, #27
100057aa:	2b01      	cmp	r3, #1
100057ac:	d100      	bne.n	100057b0 <tud_task_ext+0x134>
100057ae:	e113      	b.n	100059d8 <tud_task_ext+0x35c>
100057b0:	2b02      	cmp	r3, #2
100057b2:	d100      	bne.n	100057b6 <tud_task_ext+0x13a>
100057b4:	e0c7      	b.n	10005946 <tud_task_ext+0x2ca>
100057b6:	2b00      	cmp	r3, #0
100057b8:	d000      	beq.n	100057bc <tud_task_ext+0x140>
100057ba:	e0e1      	b.n	10005980 <tud_task_ext+0x304>
100057bc:	2a20      	cmp	r2, #32
100057be:	d100      	bne.n	100057c2 <tud_task_ext+0x146>
100057c0:	e21c      	b.n	10005bfc <tud_task_ext+0x580>
100057c2:	2a00      	cmp	r2, #0
100057c4:	d000      	beq.n	100057c8 <tud_task_ext+0x14c>
100057c6:	e0db      	b.n	10005980 <tud_task_ext+0x304>
100057c8:	7963      	ldrb	r3, [r4, #5]
100057ca:	2b09      	cmp	r3, #9
100057cc:	d900      	bls.n	100057d0 <tud_task_ext+0x154>
100057ce:	e0d7      	b.n	10005980 <tud_task_ext+0x304>
100057d0:	4a7e      	ldr	r2, [pc, #504]	@ (100059cc <tud_task_ext+0x350>)
100057d2:	009b      	lsls	r3, r3, #2
100057d4:	58d3      	ldr	r3, [r2, r3]
100057d6:	469f      	mov	pc, r3
100057d8:	4d77      	ldr	r5, [pc, #476]	@ (100059b8 <tud_task_ext+0x33c>)
100057da:	782b      	ldrb	r3, [r5, #0]
100057dc:	07db      	lsls	r3, r3, #31
100057de:	d400      	bmi.n	100057e2 <tud_task_ext+0x166>
100057e0:	e762      	b.n	100056a8 <tud_task_ext+0x2c>
100057e2:	f7ff febf 	bl	10005564 <tud_resume_cb>
100057e6:	e75f      	b.n	100056a8 <tud_task_ext+0x2c>
100057e8:	9b01      	ldr	r3, [sp, #4]
100057ea:	78db      	ldrb	r3, [r3, #3]
100057ec:	07db      	lsls	r3, r3, #31
100057ee:	d400      	bmi.n	100057f2 <tud_task_ext+0x176>
100057f0:	e75a      	b.n	100056a8 <tud_task_ext+0x2c>
100057f2:	6860      	ldr	r0, [r4, #4]
100057f4:	f7ff feaa 	bl	1000554c <tud_sof_cb>
100057f8:	e756      	b.n	100056a8 <tud_task_ext+0x2c>
100057fa:	4d6f      	ldr	r5, [pc, #444]	@ (100059b8 <tud_task_ext+0x33c>)
100057fc:	782b      	ldrb	r3, [r5, #0]
100057fe:	07db      	lsls	r3, r3, #31
10005800:	d400      	bmi.n	10005804 <tud_task_ext+0x188>
10005802:	e751      	b.n	100056a8 <tud_task_ext+0x2c>
10005804:	7828      	ldrb	r0, [r5, #0]
10005806:	0700      	lsls	r0, r0, #28
10005808:	0fc0      	lsrs	r0, r0, #31
1000580a:	f7ff fea9 	bl	10005560 <tud_suspend_cb>
1000580e:	e74b      	b.n	100056a8 <tud_task_ext+0x2c>
10005810:	7823      	ldrb	r3, [r4, #0]
10005812:	496a      	ldr	r1, [pc, #424]	@ (100059bc <tud_task_ext+0x340>)
10005814:	4699      	mov	r9, r3
10005816:	468b      	mov	fp, r1
10005818:	4b69      	ldr	r3, [pc, #420]	@ (100059c0 <tud_task_ext+0x344>)
1000581a:	496a      	ldr	r1, [pc, #424]	@ (100059c4 <tud_task_ext+0x348>)
1000581c:	4698      	mov	r8, r3
1000581e:	468a      	mov	sl, r1
10005820:	0039      	movs	r1, r7
10005822:	781a      	ldrb	r2, [r3, #0]
10005824:	4647      	mov	r7, r8
10005826:	2300      	movs	r3, #0
10005828:	46b0      	mov	r8, r6
1000582a:	2500      	movs	r5, #0
1000582c:	464e      	mov	r6, r9
1000582e:	4689      	mov	r9, r1
10005830:	e010      	b.n	10005854 <tud_task_ext+0x1d8>
10005832:	4653      	mov	r3, sl
10005834:	681b      	ldr	r3, [r3, #0]
10005836:	016a      	lsls	r2, r5, #5
10005838:	189b      	adds	r3, r3, r2
1000583a:	2b00      	cmp	r3, #0
1000583c:	d100      	bne.n	10005840 <tud_task_ext+0x1c4>
1000583e:	e076      	b.n	1000592e <tud_task_ext+0x2b2>
10005840:	68db      	ldr	r3, [r3, #12]
10005842:	0030      	movs	r0, r6
10005844:	4798      	blx	r3
10005846:	783a      	ldrb	r2, [r7, #0]
10005848:	3501      	adds	r5, #1
1000584a:	b2ed      	uxtb	r5, r5
1000584c:	1c51      	adds	r1, r2, #1
1000584e:	002b      	movs	r3, r5
10005850:	428d      	cmp	r5, r1
10005852:	dc44      	bgt.n	100058de <tud_task_ext+0x262>
10005854:	4295      	cmp	r5, r2
10005856:	d3ec      	bcc.n	10005832 <tud_task_ext+0x1b6>
10005858:	1a9b      	subs	r3, r3, r2
1000585a:	015b      	lsls	r3, r3, #5
1000585c:	445b      	add	r3, fp
1000585e:	e7ef      	b.n	10005840 <tud_task_ext+0x1c4>
10005860:	7823      	ldrb	r3, [r4, #0]
10005862:	4958      	ldr	r1, [pc, #352]	@ (100059c4 <tud_task_ext+0x348>)
10005864:	4699      	mov	r9, r3
10005866:	4b56      	ldr	r3, [pc, #344]	@ (100059c0 <tud_task_ext+0x344>)
10005868:	468a      	mov	sl, r1
1000586a:	4698      	mov	r8, r3
1000586c:	0031      	movs	r1, r6
1000586e:	46bb      	mov	fp, r7
10005870:	464e      	mov	r6, r9
10005872:	781a      	ldrb	r2, [r3, #0]
10005874:	2500      	movs	r5, #0
10005876:	2300      	movs	r3, #0
10005878:	4647      	mov	r7, r8
1000587a:	4689      	mov	r9, r1
1000587c:	e00f      	b.n	1000589e <tud_task_ext+0x222>
1000587e:	4653      	mov	r3, sl
10005880:	681b      	ldr	r3, [r3, #0]
10005882:	016a      	lsls	r2, r5, #5
10005884:	189b      	adds	r3, r3, r2
10005886:	2b00      	cmp	r3, #0
10005888:	d055      	beq.n	10005936 <tud_task_ext+0x2ba>
1000588a:	68db      	ldr	r3, [r3, #12]
1000588c:	0030      	movs	r0, r6
1000588e:	4798      	blx	r3
10005890:	783a      	ldrb	r2, [r7, #0]
10005892:	3501      	adds	r5, #1
10005894:	b2ed      	uxtb	r5, r5
10005896:	1c51      	adds	r1, r2, #1
10005898:	002b      	movs	r3, r5
1000589a:	428d      	cmp	r5, r1
1000589c:	dc07      	bgt.n	100058ae <tud_task_ext+0x232>
1000589e:	4295      	cmp	r5, r2
100058a0:	d3ed      	bcc.n	1000587e <tud_task_ext+0x202>
100058a2:	1a9b      	subs	r3, r3, r2
100058a4:	9a00      	ldr	r2, [sp, #0]
100058a6:	015b      	lsls	r3, r3, #5
100058a8:	4694      	mov	ip, r2
100058aa:	4463      	add	r3, ip
100058ac:	e7ed      	b.n	1000588a <tud_task_ext+0x20e>
100058ae:	9d01      	ldr	r5, [sp, #4]
100058b0:	2254      	movs	r2, #84	@ 0x54
100058b2:	2100      	movs	r1, #0
100058b4:	0028      	movs	r0, r5
100058b6:	f7fd fa01 	bl	10002cbc <__wrap_memset>
100058ba:	2210      	movs	r2, #16
100058bc:	21ff      	movs	r1, #255	@ 0xff
100058be:	4844      	ldr	r0, [pc, #272]	@ (100059d0 <tud_task_ext+0x354>)
100058c0:	f7fd f9fc 	bl	10002cbc <__wrap_memset>
100058c4:	0028      	movs	r0, r5
100058c6:	2220      	movs	r2, #32
100058c8:	21ff      	movs	r1, #255	@ 0xff
100058ca:	3014      	adds	r0, #20
100058cc:	464e      	mov	r6, r9
100058ce:	465f      	mov	r7, fp
100058d0:	f7fd f9f4 	bl	10002cbc <__wrap_memset>
100058d4:	f000 fbf2 	bl	100060bc <usbd_control_reset>
100058d8:	f7ff fe40 	bl	1000555c <tud_umount_cb>
100058dc:	e6e4      	b.n	100056a8 <tud_task_ext+0x2c>
100058de:	4d36      	ldr	r5, [pc, #216]	@ (100059b8 <tud_task_ext+0x33c>)
100058e0:	2254      	movs	r2, #84	@ 0x54
100058e2:	2100      	movs	r1, #0
100058e4:	0028      	movs	r0, r5
100058e6:	f7fd f9e9 	bl	10002cbc <__wrap_memset>
100058ea:	2210      	movs	r2, #16
100058ec:	21ff      	movs	r1, #255	@ 0xff
100058ee:	1d28      	adds	r0, r5, #4
100058f0:	f7fd f9e4 	bl	10002cbc <__wrap_memset>
100058f4:	0028      	movs	r0, r5
100058f6:	2220      	movs	r2, #32
100058f8:	21ff      	movs	r1, #255	@ 0xff
100058fa:	3014      	adds	r0, #20
100058fc:	4646      	mov	r6, r8
100058fe:	464f      	mov	r7, r9
10005900:	f7fd f9dc 	bl	10002cbc <__wrap_memset>
10005904:	f000 fbda 	bl	100060bc <usbd_control_reset>
10005908:	7923      	ldrb	r3, [r4, #4]
1000590a:	70ab      	strb	r3, [r5, #2]
1000590c:	e6cc      	b.n	100056a8 <tud_task_ext+0x2c>
1000590e:	1c50      	adds	r0, r2, #1
10005910:	4298      	cmp	r0, r3
10005912:	da13      	bge.n	1000593c <tud_task_ext+0x2c0>
10005914:	b011      	add	sp, #68	@ 0x44
10005916:	bcf0      	pop	{r4, r5, r6, r7}
10005918:	46bb      	mov	fp, r7
1000591a:	46b2      	mov	sl, r6
1000591c:	46a9      	mov	r9, r5
1000591e:	46a0      	mov	r8, r4
10005920:	bdf0      	pop	{r4, r5, r6, r7, pc}
10005922:	68a3      	ldr	r3, [r4, #8]
10005924:	7962      	ldrb	r2, [r4, #5]
10005926:	7820      	ldrb	r0, [r4, #0]
10005928:	f000 fbe6 	bl	100060f8 <usbd_control_xfer_cb>
1000592c:	e6bc      	b.n	100056a8 <tud_task_ext+0x2c>
1000592e:	4646      	mov	r6, r8
10005930:	464f      	mov	r7, r9
10005932:	4d21      	ldr	r5, [pc, #132]	@ (100059b8 <tud_task_ext+0x33c>)
10005934:	e7e6      	b.n	10005904 <tud_task_ext+0x288>
10005936:	464e      	mov	r6, r9
10005938:	465f      	mov	r7, fp
1000593a:	e7cb      	b.n	100058d4 <tud_task_ext+0x258>
1000593c:	4d1f      	ldr	r5, [pc, #124]	@ (100059bc <tud_task_ext+0x340>)
1000593e:	1a9b      	subs	r3, r3, r2
10005940:	015b      	lsls	r3, r3, #5
10005942:	195d      	adds	r5, r3, r5
10005944:	e6fa      	b.n	1000573c <tud_task_ext+0xc0>
10005946:	2370      	movs	r3, #112	@ 0x70
10005948:	7a21      	ldrb	r1, [r4, #8]
1000594a:	420b      	tst	r3, r1
1000594c:	d118      	bne.n	10005980 <tud_task_ext+0x304>
1000594e:	09c8      	lsrs	r0, r1, #7
10005950:	4682      	mov	sl, r0
10005952:	330f      	adds	r3, #15
10005954:	400b      	ands	r3, r1
10005956:	005b      	lsls	r3, r3, #1
10005958:	4698      	mov	r8, r3
1000595a:	4819      	ldr	r0, [pc, #100]	@ (100059c0 <tud_task_ext+0x344>)
1000595c:	18eb      	adds	r3, r5, r3
1000595e:	4453      	add	r3, sl
10005960:	7d1b      	ldrb	r3, [r3, #20]
10005962:	7800      	ldrb	r0, [r0, #0]
10005964:	4699      	mov	r9, r3
10005966:	4283      	cmp	r3, r0
10005968:	d266      	bcs.n	10005a38 <tud_task_ext+0x3bc>
1000596a:	4816      	ldr	r0, [pc, #88]	@ (100059c4 <tud_task_ext+0x348>)
1000596c:	015b      	lsls	r3, r3, #5
1000596e:	6800      	ldr	r0, [r0, #0]
10005970:	4681      	mov	r9, r0
10005972:	4499      	add	r9, r3
10005974:	2a00      	cmp	r2, #0
10005976:	d100      	bne.n	1000597a <tud_task_ext+0x2fe>
10005978:	e15f      	b.n	10005c3a <tud_task_ext+0x5be>
1000597a:	464b      	mov	r3, r9
1000597c:	2b00      	cmp	r3, #0
1000597e:	d168      	bne.n	10005a52 <tud_task_ext+0x3d6>
10005980:	7820      	ldrb	r0, [r4, #0]
10005982:	2100      	movs	r1, #0
10005984:	f7ff fd6a 	bl	1000545c <dcd_edpt_stall>
10005988:	2180      	movs	r1, #128	@ 0x80
1000598a:	7820      	ldrb	r0, [r4, #0]
1000598c:	f7ff fd66 	bl	1000545c <dcd_edpt_stall>
10005990:	e68a      	b.n	100056a8 <tud_task_ext+0x2c>
10005992:	4810      	ldr	r0, [pc, #64]	@ (100059d4 <tud_task_ext+0x358>)
10005994:	f000 fb9c 	bl	100060d0 <usbd_control_set_complete_callback>
10005998:	2101      	movs	r1, #1
1000599a:	4658      	mov	r0, fp
1000599c:	aa0e      	add	r2, sp, #56	@ 0x38
1000599e:	f7ff f8cd 	bl	10004b3c <tud_vendor_control_xfer_cb>
100059a2:	2800      	cmp	r0, #0
100059a4:	d000      	beq.n	100059a8 <tud_task_ext+0x32c>
100059a6:	e67f      	b.n	100056a8 <tud_task_ext+0x2c>
100059a8:	e7ea      	b.n	10005980 <tud_task_ext+0x304>
100059aa:	46c0      	nop			@ (mov r8, r8)
100059ac:	200010a4 	.word	0x200010a4
100059b0:	10007be4 	.word	0x10007be4
100059b4:	20001640 	.word	0x20001640
100059b8:	200015e8 	.word	0x200015e8
100059bc:	10007c8c 	.word	0x10007c8c
100059c0:	20001fa9 	.word	0x20001fa9
100059c4:	20001438 	.word	0x20001438
100059c8:	20001fab 	.word	0x20001fab
100059cc:	10007c08 	.word	0x10007c08
100059d0:	200015ec 	.word	0x200015ec
100059d4:	10004b3d 	.word	0x10004b3d
100059d8:	7a23      	ldrb	r3, [r4, #8]
100059da:	2b0f      	cmp	r3, #15
100059dc:	d8d0      	bhi.n	10005980 <tud_task_ext+0x304>
100059de:	4acf      	ldr	r2, [pc, #828]	@ (10005d1c <tud_task_ext+0x6a0>)
100059e0:	18eb      	adds	r3, r5, r3
100059e2:	791b      	ldrb	r3, [r3, #4]
100059e4:	7815      	ldrb	r5, [r2, #0]
100059e6:	42ab      	cmp	r3, r5
100059e8:	d33e      	bcc.n	10005a68 <tud_task_ext+0x3ec>
100059ea:	1c69      	adds	r1, r5, #1
100059ec:	4299      	cmp	r1, r3
100059ee:	dbc7      	blt.n	10005980 <tud_task_ext+0x304>
100059f0:	1b5d      	subs	r5, r3, r5
100059f2:	4bcb      	ldr	r3, [pc, #812]	@ (10005d20 <tud_task_ext+0x6a4>)
100059f4:	016d      	lsls	r5, r5, #5
100059f6:	18ed      	adds	r5, r5, r3
100059f8:	6968      	ldr	r0, [r5, #20]
100059fa:	f000 fb69 	bl	100060d0 <usbd_control_set_complete_callback>
100059fe:	2101      	movs	r1, #1
10005a00:	4658      	mov	r0, fp
10005a02:	696b      	ldr	r3, [r5, #20]
10005a04:	aa0e      	add	r2, sp, #56	@ 0x38
10005a06:	4798      	blx	r3
10005a08:	2800      	cmp	r0, #0
10005a0a:	d000      	beq.n	10005a0e <tud_task_ext+0x392>
10005a0c:	e64c      	b.n	100056a8 <tud_task_ext+0x2c>
10005a0e:	2260      	movs	r2, #96	@ 0x60
10005a10:	0015      	movs	r5, r2
10005a12:	7923      	ldrb	r3, [r4, #4]
10005a14:	401d      	ands	r5, r3
10005a16:	421a      	tst	r2, r3
10005a18:	d1b2      	bne.n	10005980 <tud_task_ext+0x304>
10005a1a:	7963      	ldrb	r3, [r4, #5]
10005a1c:	3b0a      	subs	r3, #10
10005a1e:	2b01      	cmp	r3, #1
10005a20:	d8ae      	bhi.n	10005980 <tud_task_ext+0x304>
10005a22:	f000 fb55 	bl	100060d0 <usbd_control_set_complete_callback>
10005a26:	7963      	ldrb	r3, [r4, #5]
10005a28:	2b0a      	cmp	r3, #10
10005a2a:	d100      	bne.n	10005a2e <tud_task_ext+0x3b2>
10005a2c:	e199      	b.n	10005d62 <tud_task_ext+0x6e6>
10005a2e:	4658      	mov	r0, fp
10005a30:	a90e      	add	r1, sp, #56	@ 0x38
10005a32:	f000 fad9 	bl	10005fe8 <tud_control_status>
10005a36:	e637      	b.n	100056a8 <tud_task_ext+0x2c>
10005a38:	1c43      	adds	r3, r0, #1
10005a3a:	454b      	cmp	r3, r9
10005a3c:	da00      	bge.n	10005a40 <tud_task_ext+0x3c4>
10005a3e:	e0f7      	b.n	10005c30 <tud_task_ext+0x5b4>
10005a40:	464b      	mov	r3, r9
10005a42:	1a1b      	subs	r3, r3, r0
10005a44:	015b      	lsls	r3, r3, #5
10005a46:	4699      	mov	r9, r3
10005a48:	48b5      	ldr	r0, [pc, #724]	@ (10005d20 <tud_task_ext+0x6a4>)
10005a4a:	4481      	add	r9, r0
10005a4c:	2a00      	cmp	r2, #0
10005a4e:	d100      	bne.n	10005a52 <tud_task_ext+0x3d6>
10005a50:	e0f3      	b.n	10005c3a <tud_task_ext+0x5be>
10005a52:	464b      	mov	r3, r9
10005a54:	6958      	ldr	r0, [r3, #20]
10005a56:	f000 fb3b 	bl	100060d0 <usbd_control_set_complete_callback>
10005a5a:	464b      	mov	r3, r9
10005a5c:	2101      	movs	r1, #1
10005a5e:	4658      	mov	r0, fp
10005a60:	695b      	ldr	r3, [r3, #20]
10005a62:	aa0e      	add	r2, sp, #56	@ 0x38
10005a64:	4798      	blx	r3
10005a66:	e79c      	b.n	100059a2 <tud_task_ext+0x326>
10005a68:	4aae      	ldr	r2, [pc, #696]	@ (10005d24 <tud_task_ext+0x6a8>)
10005a6a:	015b      	lsls	r3, r3, #5
10005a6c:	6815      	ldr	r5, [r2, #0]
10005a6e:	18ed      	adds	r5, r5, r3
10005a70:	2d00      	cmp	r5, #0
10005a72:	d1c1      	bne.n	100059f8 <tud_task_ext+0x37c>
10005a74:	e784      	b.n	10005980 <tud_task_ext+0x304>
10005a76:	79a3      	ldrb	r3, [r4, #6]
10005a78:	4699      	mov	r9, r3
10005a7a:	786b      	ldrb	r3, [r5, #1]
10005a7c:	4599      	cmp	r9, r3
10005a7e:	d0d6      	beq.n	10005a2e <tud_task_ext+0x3b2>
10005a80:	786b      	ldrb	r3, [r5, #1]
10005a82:	2b00      	cmp	r3, #0
10005a84:	d000      	beq.n	10005a88 <tud_task_ext+0x40c>
10005a86:	e133      	b.n	10005cf0 <tud_task_ext+0x674>
10005a88:	464b      	mov	r3, r9
10005a8a:	706b      	strb	r3, [r5, #1]
10005a8c:	2b00      	cmp	r3, #0
10005a8e:	d100      	bne.n	10005a92 <tud_task_ext+0x416>
10005a90:	e12b      	b.n	10005cea <tud_task_ext+0x66e>
10005a92:	4648      	mov	r0, r9
10005a94:	3801      	subs	r0, #1
10005a96:	b2c0      	uxtb	r0, r0
10005a98:	f7ff fa92 	bl	10004fc0 <tud_descriptor_configuration_cb>
10005a9c:	2800      	cmp	r0, #0
10005a9e:	d100      	bne.n	10005aa2 <tud_task_ext+0x426>
10005aa0:	e17e      	b.n	10005da0 <tud_task_ext+0x724>
10005aa2:	7843      	ldrb	r3, [r0, #1]
10005aa4:	9307      	str	r3, [sp, #28]
10005aa6:	2b02      	cmp	r3, #2
10005aa8:	d000      	beq.n	10005aac <tud_task_ext+0x430>
10005aaa:	e179      	b.n	10005da0 <tud_task_ext+0x724>
10005aac:	2201      	movs	r2, #1
10005aae:	79c1      	ldrb	r1, [r0, #7]
10005ab0:	46b1      	mov	r9, r6
10005ab2:	118b      	asrs	r3, r1, #6
10005ab4:	1149      	asrs	r1, r1, #5
10005ab6:	4013      	ands	r3, r2
10005ab8:	400a      	ands	r2, r1
10005aba:	2130      	movs	r1, #48	@ 0x30
10005abc:	0112      	lsls	r2, r2, #4
10005abe:	015b      	lsls	r3, r3, #5
10005ac0:	4313      	orrs	r3, r2
10005ac2:	782a      	ldrb	r2, [r5, #0]
10005ac4:	46a8      	mov	r8, r5
10005ac6:	438a      	bics	r2, r1
10005ac8:	4313      	orrs	r3, r2
10005aca:	702b      	strb	r3, [r5, #0]
10005acc:	2309      	movs	r3, #9
10005ace:	469a      	mov	sl, r3
10005ad0:	4482      	add	sl, r0
10005ad2:	4656      	mov	r6, sl
10005ad4:	46ba      	mov	sl, r7
10005ad6:	78c3      	ldrb	r3, [r0, #3]
10005ad8:	7882      	ldrb	r2, [r0, #2]
10005ada:	021b      	lsls	r3, r3, #8
10005adc:	4313      	orrs	r3, r2
10005ade:	18c3      	adds	r3, r0, r3
10005ae0:	9305      	str	r3, [sp, #20]
10005ae2:	4b8e      	ldr	r3, [pc, #568]	@ (10005d1c <tud_task_ext+0x6a0>)
10005ae4:	9304      	str	r3, [sp, #16]
10005ae6:	4b8e      	ldr	r3, [pc, #568]	@ (10005d20 <tud_task_ext+0x6a4>)
10005ae8:	9308      	str	r3, [sp, #32]
10005aea:	4b8e      	ldr	r3, [pc, #568]	@ (10005d24 <tud_task_ext+0x6a8>)
10005aec:	9309      	str	r3, [sp, #36]	@ 0x24
10005aee:	4b8e      	ldr	r3, [pc, #568]	@ (10005d28 <tud_task_ext+0x6ac>)
10005af0:	930a      	str	r3, [sp, #40]	@ 0x28
10005af2:	9b05      	ldr	r3, [sp, #20]
10005af4:	42b3      	cmp	r3, r6
10005af6:	d800      	bhi.n	10005afa <tud_task_ext+0x47e>
10005af8:	e155      	b.n	10005da6 <tud_task_ext+0x72a>
10005afa:	7873      	ldrb	r3, [r6, #1]
10005afc:	2201      	movs	r2, #1
10005afe:	2b0b      	cmp	r3, #11
10005b00:	d103      	bne.n	10005b0a <tud_task_ext+0x48e>
10005b02:	7833      	ldrb	r3, [r6, #0]
10005b04:	78f2      	ldrb	r2, [r6, #3]
10005b06:	18f6      	adds	r6, r6, r3
10005b08:	7873      	ldrb	r3, [r6, #1]
10005b0a:	2b04      	cmp	r3, #4
10005b0c:	d000      	beq.n	10005b10 <tud_task_ext+0x494>
10005b0e:	e144      	b.n	10005d9a <tud_task_ext+0x71e>
10005b10:	9b05      	ldr	r3, [sp, #20]
10005b12:	2700      	movs	r7, #0
10005b14:	1b9b      	subs	r3, r3, r6
10005b16:	b29b      	uxth	r3, r3
10005b18:	9306      	str	r3, [sp, #24]
10005b1a:	9b04      	ldr	r3, [sp, #16]
10005b1c:	920b      	str	r2, [sp, #44]	@ 0x2c
10005b1e:	781d      	ldrb	r5, [r3, #0]
10005b20:	2300      	movs	r3, #0
10005b22:	9303      	str	r3, [sp, #12]
10005b24:	e01b      	b.n	10005b5e <tud_task_ext+0x4e2>
10005b26:	9a09      	ldr	r2, [sp, #36]	@ 0x24
10005b28:	017b      	lsls	r3, r7, #5
10005b2a:	6815      	ldr	r5, [r2, #0]
10005b2c:	18ed      	adds	r5, r5, r3
10005b2e:	2d00      	cmp	r5, #0
10005b30:	d100      	bne.n	10005b34 <tud_task_ext+0x4b8>
10005b32:	e132      	b.n	10005d9a <tud_task_ext+0x71e>
10005b34:	0031      	movs	r1, r6
10005b36:	4658      	mov	r0, fp
10005b38:	692b      	ldr	r3, [r5, #16]
10005b3a:	9a06      	ldr	r2, [sp, #24]
10005b3c:	4798      	blx	r3
10005b3e:	4684      	mov	ip, r0
10005b40:	2808      	cmp	r0, #8
10005b42:	d903      	bls.n	10005b4c <tud_task_ext+0x4d0>
10005b44:	9a06      	ldr	r2, [sp, #24]
10005b46:	4282      	cmp	r2, r0
10005b48:	d300      	bcc.n	10005b4c <tud_task_ext+0x4d0>
10005b4a:	e113      	b.n	10005d74 <tud_task_ext+0x6f8>
10005b4c:	9b04      	ldr	r3, [sp, #16]
10005b4e:	3701      	adds	r7, #1
10005b50:	781d      	ldrb	r5, [r3, #0]
10005b52:	b2ff      	uxtb	r7, r7
10005b54:	1c6b      	adds	r3, r5, #1
10005b56:	9703      	str	r7, [sp, #12]
10005b58:	429f      	cmp	r7, r3
10005b5a:	dd00      	ble.n	10005b5e <tud_task_ext+0x4e2>
10005b5c:	e11d      	b.n	10005d9a <tud_task_ext+0x71e>
10005b5e:	42bd      	cmp	r5, r7
10005b60:	d8e1      	bhi.n	10005b26 <tud_task_ext+0x4aa>
10005b62:	9b03      	ldr	r3, [sp, #12]
10005b64:	1b5d      	subs	r5, r3, r5
10005b66:	9b08      	ldr	r3, [sp, #32]
10005b68:	016d      	lsls	r5, r5, #5
10005b6a:	469c      	mov	ip, r3
10005b6c:	4465      	add	r5, ip
10005b6e:	e7e1      	b.n	10005b34 <tud_task_ext+0x4b8>
10005b70:	786b      	ldrb	r3, [r5, #1]
10005b72:	aa0c      	add	r2, sp, #48	@ 0x30
10005b74:	3202      	adds	r2, #2
10005b76:	7013      	strb	r3, [r2, #0]
10005b78:	4658      	mov	r0, fp
10005b7a:	2301      	movs	r3, #1
10005b7c:	a90e      	add	r1, sp, #56	@ 0x38
10005b7e:	f000 fa49 	bl	10006014 <tud_control_xfer>
10005b82:	e591      	b.n	100056a8 <tud_task_ext+0x2c>
10005b84:	88e3      	ldrh	r3, [r4, #6]
10005b86:	0a1a      	lsrs	r2, r3, #8
10005b88:	b2d8      	uxtb	r0, r3
10005b8a:	2a0f      	cmp	r2, #15
10005b8c:	d900      	bls.n	10005b90 <tud_task_ext+0x514>
10005b8e:	e6f7      	b.n	10005980 <tud_task_ext+0x304>
10005b90:	4966      	ldr	r1, [pc, #408]	@ (10005d2c <tud_task_ext+0x6b0>)
10005b92:	0093      	lsls	r3, r2, #2
10005b94:	58cb      	ldr	r3, [r1, r3]
10005b96:	469f      	mov	pc, r3
10005b98:	a80e      	add	r0, sp, #56	@ 0x38
10005b9a:	f000 fa9f 	bl	100060dc <usbd_control_set_request>
10005b9e:	4658      	mov	r0, fp
10005ba0:	79a1      	ldrb	r1, [r4, #6]
10005ba2:	f7ff fb95 	bl	100052d0 <dcd_set_address>
10005ba6:	2202      	movs	r2, #2
10005ba8:	782b      	ldrb	r3, [r5, #0]
10005baa:	4313      	orrs	r3, r2
10005bac:	702b      	strb	r3, [r5, #0]
10005bae:	e57b      	b.n	100056a8 <tud_task_ext+0x2c>
10005bb0:	88e3      	ldrh	r3, [r4, #6]
10005bb2:	2b01      	cmp	r3, #1
10005bb4:	d000      	beq.n	10005bb8 <tud_task_ext+0x53c>
10005bb6:	e6e3      	b.n	10005980 <tud_task_ext+0x304>
10005bb8:	2208      	movs	r2, #8
10005bba:	782b      	ldrb	r3, [r5, #0]
10005bbc:	4658      	mov	r0, fp
10005bbe:	4393      	bics	r3, r2
10005bc0:	a90e      	add	r1, sp, #56	@ 0x38
10005bc2:	702b      	strb	r3, [r5, #0]
10005bc4:	f000 fa10 	bl	10005fe8 <tud_control_status>
10005bc8:	e56e      	b.n	100056a8 <tud_task_ext+0x2c>
10005bca:	2002      	movs	r0, #2
10005bcc:	7829      	ldrb	r1, [r5, #0]
10005bce:	ab0c      	add	r3, sp, #48	@ 0x30
10005bd0:	1c9a      	adds	r2, r3, #2
10005bd2:	068b      	lsls	r3, r1, #26
10005bd4:	0889      	lsrs	r1, r1, #2
10005bd6:	0fdb      	lsrs	r3, r3, #31
10005bd8:	4001      	ands	r1, r0
10005bda:	430b      	orrs	r3, r1
10005bdc:	8013      	strh	r3, [r2, #0]
10005bde:	4658      	mov	r0, fp
10005be0:	2302      	movs	r3, #2
10005be2:	a90e      	add	r1, sp, #56	@ 0x38
10005be4:	f000 fa16 	bl	10006014 <tud_control_xfer>
10005be8:	e55e      	b.n	100056a8 <tud_task_ext+0x2c>
10005bea:	88e3      	ldrh	r3, [r4, #6]
10005bec:	2b01      	cmp	r3, #1
10005bee:	d000      	beq.n	10005bf2 <tud_task_ext+0x576>
10005bf0:	e6c6      	b.n	10005980 <tud_task_ext+0x304>
10005bf2:	2208      	movs	r2, #8
10005bf4:	782b      	ldrb	r3, [r5, #0]
10005bf6:	4313      	orrs	r3, r2
10005bf8:	702b      	strb	r3, [r5, #0]
10005bfa:	e718      	b.n	10005a2e <tud_task_ext+0x3b2>
10005bfc:	7a23      	ldrb	r3, [r4, #8]
10005bfe:	2b0f      	cmp	r3, #15
10005c00:	d900      	bls.n	10005c04 <tud_task_ext+0x588>
10005c02:	e6bd      	b.n	10005980 <tud_task_ext+0x304>
10005c04:	18eb      	adds	r3, r5, r3
10005c06:	791d      	ldrb	r5, [r3, #4]
10005c08:	4b44      	ldr	r3, [pc, #272]	@ (10005d1c <tud_task_ext+0x6a0>)
10005c0a:	781b      	ldrb	r3, [r3, #0]
10005c0c:	429d      	cmp	r5, r3
10005c0e:	d228      	bcs.n	10005c62 <tud_task_ext+0x5e6>
10005c10:	4b44      	ldr	r3, [pc, #272]	@ (10005d24 <tud_task_ext+0x6a8>)
10005c12:	016d      	lsls	r5, r5, #5
10005c14:	681b      	ldr	r3, [r3, #0]
10005c16:	195d      	adds	r5, r3, r5
10005c18:	2d00      	cmp	r5, #0
10005c1a:	d100      	bne.n	10005c1e <tud_task_ext+0x5a2>
10005c1c:	e6b0      	b.n	10005980 <tud_task_ext+0x304>
10005c1e:	6968      	ldr	r0, [r5, #20]
10005c20:	f000 fa56 	bl	100060d0 <usbd_control_set_complete_callback>
10005c24:	2101      	movs	r1, #1
10005c26:	4658      	mov	r0, fp
10005c28:	696b      	ldr	r3, [r5, #20]
10005c2a:	aa0e      	add	r2, sp, #56	@ 0x38
10005c2c:	4798      	blx	r3
10005c2e:	e6b8      	b.n	100059a2 <tud_task_ext+0x326>
10005c30:	2a00      	cmp	r2, #0
10005c32:	d000      	beq.n	10005c36 <tud_task_ext+0x5ba>
10005c34:	e6a4      	b.n	10005980 <tud_task_ext+0x304>
10005c36:	2300      	movs	r3, #0
10005c38:	4699      	mov	r9, r3
10005c3a:	7962      	ldrb	r2, [r4, #5]
10005c3c:	2002      	movs	r0, #2
10005c3e:	0013      	movs	r3, r2
10005c40:	9203      	str	r2, [sp, #12]
10005c42:	4383      	bics	r3, r0
10005c44:	2b01      	cmp	r3, #1
10005c46:	d015      	beq.n	10005c74 <tud_task_ext+0x5f8>
10005c48:	2a00      	cmp	r2, #0
10005c4a:	d000      	beq.n	10005c4e <tud_task_ext+0x5d2>
10005c4c:	e698      	b.n	10005980 <tud_task_ext+0x304>
10005c4e:	002b      	movs	r3, r5
10005c50:	4443      	add	r3, r8
10005c52:	4453      	add	r3, sl
10005c54:	3330      	adds	r3, #48	@ 0x30
10005c56:	791b      	ldrb	r3, [r3, #4]
10005c58:	aa0c      	add	r2, sp, #48	@ 0x30
10005c5a:	079b      	lsls	r3, r3, #30
10005c5c:	0fdb      	lsrs	r3, r3, #31
10005c5e:	3202      	adds	r2, #2
10005c60:	e7bc      	b.n	10005bdc <tud_task_ext+0x560>
10005c62:	1c5a      	adds	r2, r3, #1
10005c64:	42aa      	cmp	r2, r5
10005c66:	da00      	bge.n	10005c6a <tud_task_ext+0x5ee>
10005c68:	e68a      	b.n	10005980 <tud_task_ext+0x304>
10005c6a:	1aed      	subs	r5, r5, r3
10005c6c:	4b2c      	ldr	r3, [pc, #176]	@ (10005d20 <tud_task_ext+0x6a4>)
10005c6e:	016d      	lsls	r5, r5, #5
10005c70:	18ed      	adds	r5, r5, r3
10005c72:	e7d4      	b.n	10005c1e <tud_task_ext+0x5a2>
10005c74:	88e3      	ldrh	r3, [r4, #6]
10005c76:	2b00      	cmp	r3, #0
10005c78:	d112      	bne.n	10005ca0 <tud_task_ext+0x624>
10005c7a:	9b02      	ldr	r3, [sp, #8]
10005c7c:	7818      	ldrb	r0, [r3, #0]
10005c7e:	9b03      	ldr	r3, [sp, #12]
10005c80:	2b01      	cmp	r3, #1
10005c82:	d023      	beq.n	10005ccc <tud_task_ext+0x650>
10005c84:	f7ff fbea 	bl	1000545c <dcd_edpt_stall>
10005c88:	4643      	mov	r3, r8
10005c8a:	2102      	movs	r1, #2
10005c8c:	18eb      	adds	r3, r5, r3
10005c8e:	4453      	add	r3, sl
10005c90:	3330      	adds	r3, #48	@ 0x30
10005c92:	791a      	ldrb	r2, [r3, #4]
10005c94:	430a      	orrs	r2, r1
10005c96:	2101      	movs	r1, #1
10005c98:	711a      	strb	r2, [r3, #4]
10005c9a:	791a      	ldrb	r2, [r3, #4]
10005c9c:	430a      	orrs	r2, r1
10005c9e:	711a      	strb	r2, [r3, #4]
10005ca0:	464b      	mov	r3, r9
10005ca2:	2b00      	cmp	r3, #0
10005ca4:	d100      	bne.n	10005ca8 <tud_task_ext+0x62c>
10005ca6:	e4ff      	b.n	100056a8 <tud_task_ext+0x2c>
10005ca8:	6958      	ldr	r0, [r3, #20]
10005caa:	f000 fa11 	bl	100060d0 <usbd_control_set_complete_callback>
10005cae:	464b      	mov	r3, r9
10005cb0:	2101      	movs	r1, #1
10005cb2:	695b      	ldr	r3, [r3, #20]
10005cb4:	aa0e      	add	r2, sp, #56	@ 0x38
10005cb6:	4658      	mov	r0, fp
10005cb8:	4798      	blx	r3
10005cba:	2000      	movs	r0, #0
10005cbc:	f000 fa08 	bl	100060d0 <usbd_control_set_complete_callback>
10005cc0:	2335      	movs	r3, #53	@ 0x35
10005cc2:	5ceb      	ldrb	r3, [r5, r3]
10005cc4:	07db      	lsls	r3, r3, #31
10005cc6:	d500      	bpl.n	10005cca <tud_task_ext+0x64e>
10005cc8:	e4ee      	b.n	100056a8 <tud_task_ext+0x2c>
10005cca:	e6b0      	b.n	10005a2e <tud_task_ext+0x3b2>
10005ccc:	f7ff fbe4 	bl	10005498 <dcd_edpt_clear_stall>
10005cd0:	4643      	mov	r3, r8
10005cd2:	2102      	movs	r1, #2
10005cd4:	18eb      	adds	r3, r5, r3
10005cd6:	4453      	add	r3, sl
10005cd8:	3330      	adds	r3, #48	@ 0x30
10005cda:	791a      	ldrb	r2, [r3, #4]
10005cdc:	438a      	bics	r2, r1
10005cde:	711a      	strb	r2, [r3, #4]
10005ce0:	791a      	ldrb	r2, [r3, #4]
10005ce2:	9903      	ldr	r1, [sp, #12]
10005ce4:	438a      	bics	r2, r1
10005ce6:	711a      	strb	r2, [r3, #4]
10005ce8:	e7da      	b.n	10005ca0 <tud_task_ext+0x624>
10005cea:	f7ff fc37 	bl	1000555c <tud_umount_cb>
10005cee:	e69e      	b.n	10005a2e <tud_task_ext+0x3b2>
10005cf0:	2100      	movs	r1, #0
10005cf2:	4658      	mov	r0, fp
10005cf4:	f7ff faf6 	bl	100052e4 <dcd_sof_enable>
10005cf8:	4658      	mov	r0, fp
10005cfa:	f7ff fb99 	bl	10005430 <dcd_edpt_close_all>
10005cfe:	78ab      	ldrb	r3, [r5, #2]
10005d00:	4907      	ldr	r1, [pc, #28]	@ (10005d20 <tud_task_ext+0x6a4>)
10005d02:	9303      	str	r3, [sp, #12]
10005d04:	9104      	str	r1, [sp, #16]
10005d06:	4b05      	ldr	r3, [pc, #20]	@ (10005d1c <tud_task_ext+0x6a0>)
10005d08:	4906      	ldr	r1, [pc, #24]	@ (10005d24 <tud_task_ext+0x6a8>)
10005d0a:	4698      	mov	r8, r3
10005d0c:	781a      	ldrb	r2, [r3, #0]
10005d0e:	9105      	str	r1, [sp, #20]
10005d10:	2300      	movs	r3, #0
10005d12:	0029      	movs	r1, r5
10005d14:	001d      	movs	r5, r3
10005d16:	468a      	mov	sl, r1
10005d18:	e01b      	b.n	10005d52 <tud_task_ext+0x6d6>
10005d1a:	46c0      	nop			@ (mov r8, r8)
10005d1c:	20001fa9 	.word	0x20001fa9
10005d20:	10007c8c 	.word	0x10007c8c
10005d24:	20001438 	.word	0x20001438
10005d28:	200015fc 	.word	0x200015fc
10005d2c:	10007c30 	.word	0x10007c30
10005d30:	9b05      	ldr	r3, [sp, #20]
10005d32:	016a      	lsls	r2, r5, #5
10005d34:	681b      	ldr	r3, [r3, #0]
10005d36:	189b      	adds	r3, r3, r2
10005d38:	2b00      	cmp	r3, #0
10005d3a:	d04d      	beq.n	10005dd8 <tud_task_ext+0x75c>
10005d3c:	68db      	ldr	r3, [r3, #12]
10005d3e:	4658      	mov	r0, fp
10005d40:	4798      	blx	r3
10005d42:	4643      	mov	r3, r8
10005d44:	781a      	ldrb	r2, [r3, #0]
10005d46:	3501      	adds	r5, #1
10005d48:	b2ed      	uxtb	r5, r5
10005d4a:	1c51      	adds	r1, r2, #1
10005d4c:	002b      	movs	r3, r5
10005d4e:	428d      	cmp	r5, r1
10005d50:	dc2e      	bgt.n	10005db0 <tud_task_ext+0x734>
10005d52:	4295      	cmp	r5, r2
10005d54:	d3ec      	bcc.n	10005d30 <tud_task_ext+0x6b4>
10005d56:	1a9b      	subs	r3, r3, r2
10005d58:	9a04      	ldr	r2, [sp, #16]
10005d5a:	015b      	lsls	r3, r3, #5
10005d5c:	4694      	mov	ip, r2
10005d5e:	4463      	add	r3, ip
10005d60:	e7ec      	b.n	10005d3c <tud_task_ext+0x6c0>
10005d62:	ab0c      	add	r3, sp, #48	@ 0x30
10005d64:	1c9a      	adds	r2, r3, #2
10005d66:	4658      	mov	r0, fp
10005d68:	2301      	movs	r3, #1
10005d6a:	a90e      	add	r1, sp, #56	@ 0x38
10005d6c:	7015      	strb	r5, [r2, #0]
10005d6e:	f000 f951 	bl	10006014 <tud_control_xfer>
10005d72:	e499      	b.n	100056a8 <tud_task_ext+0x2c>
10005d74:	9a0b      	ldr	r2, [sp, #44]	@ 0x2c
10005d76:	2a01      	cmp	r2, #1
10005d78:	d04f      	beq.n	10005e1a <tud_task_ext+0x79e>
10005d7a:	2a00      	cmp	r2, #0
10005d7c:	d03c      	beq.n	10005df8 <tud_task_ext+0x77c>
10005d7e:	2300      	movs	r3, #0
10005d80:	78b0      	ldrb	r0, [r6, #2]
10005d82:	e004      	b.n	10005d8e <tud_task_ext+0x712>
10005d84:	3301      	adds	r3, #1
10005d86:	b2db      	uxtb	r3, r3
10005d88:	710f      	strb	r7, [r1, #4]
10005d8a:	4293      	cmp	r3, r2
10005d8c:	d234      	bcs.n	10005df8 <tud_task_ext+0x77c>
10005d8e:	18c1      	adds	r1, r0, r3
10005d90:	b2c9      	uxtb	r1, r1
10005d92:	4441      	add	r1, r8
10005d94:	790d      	ldrb	r5, [r1, #4]
10005d96:	2dff      	cmp	r5, #255	@ 0xff
10005d98:	d0f4      	beq.n	10005d84 <tud_task_ext+0x708>
10005d9a:	464e      	mov	r6, r9
10005d9c:	4645      	mov	r5, r8
10005d9e:	4657      	mov	r7, sl
10005da0:	2300      	movs	r3, #0
10005da2:	706b      	strb	r3, [r5, #1]
10005da4:	e5ec      	b.n	10005980 <tud_task_ext+0x304>
10005da6:	464e      	mov	r6, r9
10005da8:	4657      	mov	r7, sl
10005daa:	f7ff fbd5 	bl	10005558 <tud_mount_cb>
10005dae:	e63e      	b.n	10005a2e <tud_task_ext+0x3b2>
10005db0:	4655      	mov	r5, sl
10005db2:	2254      	movs	r2, #84	@ 0x54
10005db4:	2100      	movs	r1, #0
10005db6:	0028      	movs	r0, r5
10005db8:	f7fc ff80 	bl	10002cbc <__wrap_memset>
10005dbc:	2210      	movs	r2, #16
10005dbe:	21ff      	movs	r1, #255	@ 0xff
10005dc0:	1d28      	adds	r0, r5, #4
10005dc2:	f7fc ff7b 	bl	10002cbc <__wrap_memset>
10005dc6:	0028      	movs	r0, r5
10005dc8:	2220      	movs	r2, #32
10005dca:	21ff      	movs	r1, #255	@ 0xff
10005dcc:	3014      	adds	r0, #20
10005dce:	f7fc ff75 	bl	10002cbc <__wrap_memset>
10005dd2:	9b03      	ldr	r3, [sp, #12]
10005dd4:	70ab      	strb	r3, [r5, #2]
10005dd6:	e657      	b.n	10005a88 <tud_task_ext+0x40c>
10005dd8:	4655      	mov	r5, sl
10005dda:	e7fa      	b.n	10005dd2 <tud_task_ext+0x756>
10005ddc:	f7fe feaa 	bl	10004b34 <tud_descriptor_bos_cb>
10005de0:	1e02      	subs	r2, r0, #0
10005de2:	d100      	bne.n	10005de6 <tud_task_ext+0x76a>
10005de4:	e5cc      	b.n	10005980 <tud_task_ext+0x304>
10005de6:	78d3      	ldrb	r3, [r2, #3]
10005de8:	7891      	ldrb	r1, [r2, #2]
10005dea:	021b      	lsls	r3, r3, #8
10005dec:	430b      	orrs	r3, r1
10005dee:	4658      	mov	r0, fp
10005df0:	a90e      	add	r1, sp, #56	@ 0x38
10005df2:	f000 f90f 	bl	10006014 <tud_control_xfer>
10005df6:	e5d4      	b.n	100059a2 <tud_task_ext+0x326>
10005df8:	4665      	mov	r5, ip
10005dfa:	003b      	movs	r3, r7
10005dfc:	002a      	movs	r2, r5
10005dfe:	0031      	movs	r1, r6
10005e00:	980a      	ldr	r0, [sp, #40]	@ 0x28
10005e02:	f000 fe7f 	bl	10006b04 <tu_edpt_bind_driver>
10005e06:	46ac      	mov	ip, r5
10005e08:	9b04      	ldr	r3, [sp, #16]
10005e0a:	9a03      	ldr	r2, [sp, #12]
10005e0c:	781b      	ldrb	r3, [r3, #0]
10005e0e:	4466      	add	r6, ip
10005e10:	3301      	adds	r3, #1
10005e12:	4293      	cmp	r3, r2
10005e14:	db00      	blt.n	10005e18 <tud_task_ext+0x79c>
10005e16:	e66c      	b.n	10005af2 <tud_task_ext+0x476>
10005e18:	e7bf      	b.n	10005d9a <tud_task_ext+0x71e>
10005e1a:	4b17      	ldr	r3, [pc, #92]	@ (10005e78 <tud_task_ext+0x7fc>)
10005e1c:	6929      	ldr	r1, [r5, #16]
10005e1e:	4299      	cmp	r1, r3
10005e20:	d1ad      	bne.n	10005d7e <tud_task_ext+0x702>
10005e22:	9a07      	ldr	r2, [sp, #28]
10005e24:	e7ab      	b.n	10005d7e <tud_task_ext+0x702>
10005e26:	f7ff fb93 	bl	10005550 <tud_descriptor_device_qualifier_cb>
10005e2a:	1e02      	subs	r2, r0, #0
10005e2c:	d100      	bne.n	10005e30 <tud_task_ext+0x7b4>
10005e2e:	e5a7      	b.n	10005980 <tud_task_ext+0x304>
10005e30:	4658      	mov	r0, fp
10005e32:	7813      	ldrb	r3, [r2, #0]
10005e34:	a90e      	add	r1, sp, #56	@ 0x38
10005e36:	f000 f8ed 	bl	10006014 <tud_control_xfer>
10005e3a:	e5b2      	b.n	100059a2 <tud_task_ext+0x326>
10005e3c:	8921      	ldrh	r1, [r4, #8]
10005e3e:	f7ff f8c3 	bl	10004fc8 <tud_descriptor_string_cb>
10005e42:	1e02      	subs	r2, r0, #0
10005e44:	d1f4      	bne.n	10005e30 <tud_task_ext+0x7b4>
10005e46:	e59b      	b.n	10005980 <tud_task_ext+0x304>
10005e48:	2a02      	cmp	r2, #2
10005e4a:	d00f      	beq.n	10005e6c <tud_task_ext+0x7f0>
10005e4c:	f7ff fb82 	bl	10005554 <tud_descriptor_other_speed_configuration_cb>
10005e50:	1e02      	subs	r2, r0, #0
10005e52:	d1c8      	bne.n	10005de6 <tud_task_ext+0x76a>
10005e54:	e594      	b.n	10005980 <tud_task_ext+0x304>
10005e56:	f7ff f8af 	bl	10004fb8 <tud_descriptor_device_cb>
10005e5a:	1e02      	subs	r2, r0, #0
10005e5c:	d100      	bne.n	10005e60 <tud_task_ext+0x7e4>
10005e5e:	e58f      	b.n	10005980 <tud_task_ext+0x304>
10005e60:	2312      	movs	r3, #18
10005e62:	4658      	mov	r0, fp
10005e64:	a90e      	add	r1, sp, #56	@ 0x38
10005e66:	f000 f8d5 	bl	10006014 <tud_control_xfer>
10005e6a:	e59a      	b.n	100059a2 <tud_task_ext+0x326>
10005e6c:	f7ff f8a8 	bl	10004fc0 <tud_descriptor_configuration_cb>
10005e70:	1e02      	subs	r2, r0, #0
10005e72:	d1b8      	bne.n	10005de6 <tud_task_ext+0x76a>
10005e74:	e584      	b.n	10005980 <tud_task_ext+0x304>
10005e76:	46c0      	nop			@ (mov r8, r8)
10005e78:	100064cd 	.word	0x100064cd

10005e7c <usbd_open_edpt_pair>:
10005e7c:	b5f8      	push	{r3, r4, r5, r6, r7, lr}
10005e7e:	4657      	mov	r7, sl
10005e80:	464e      	mov	r6, r9
10005e82:	46de      	mov	lr, fp
10005e84:	4645      	mov	r5, r8
10005e86:	000c      	movs	r4, r1
10005e88:	b5e0      	push	{r5, r6, r7, lr}
10005e8a:	0016      	movs	r6, r2
10005e8c:	001f      	movs	r7, r3
10005e8e:	2a00      	cmp	r2, #0
10005e90:	d03c      	beq.n	10005f0c <usbd_open_edpt_pair+0x90>
10005e92:	2370      	movs	r3, #112	@ 0x70
10005e94:	4698      	mov	r8, r3
10005e96:	4b1e      	ldr	r3, [pc, #120]	@ (10005f10 <usbd_open_edpt_pair+0x94>)
10005e98:	2500      	movs	r5, #0
10005e9a:	469b      	mov	fp, r3
10005e9c:	4b1d      	ldr	r3, [pc, #116]	@ (10005f14 <usbd_open_edpt_pair+0x98>)
10005e9e:	469a      	mov	sl, r3
10005ea0:	e01a      	b.n	10005ed8 <usbd_open_edpt_pair+0x5c>
10005ea2:	465b      	mov	r3, fp
10005ea4:	781b      	ldrb	r3, [r3, #0]
10005ea6:	0020      	movs	r0, r4
10005ea8:	4699      	mov	r9, r3
10005eaa:	4653      	mov	r3, sl
10005eac:	7899      	ldrb	r1, [r3, #2]
10005eae:	f000 fdeb 	bl	10006a88 <tu_edpt_validate>
10005eb2:	2800      	cmp	r0, #0
10005eb4:	d01c      	beq.n	10005ef0 <usbd_open_edpt_pair+0x74>
10005eb6:	0021      	movs	r1, r4
10005eb8:	4648      	mov	r0, r9
10005eba:	f7ff fa2f 	bl	1000531c <dcd_edpt_open>
10005ebe:	2800      	cmp	r0, #0
10005ec0:	d016      	beq.n	10005ef0 <usbd_open_edpt_pair+0x74>
10005ec2:	78a3      	ldrb	r3, [r4, #2]
10005ec4:	09da      	lsrs	r2, r3, #7
10005ec6:	2a01      	cmp	r2, #1
10005ec8:	d019      	beq.n	10005efe <usbd_open_edpt_pair+0x82>
10005eca:	9a0a      	ldr	r2, [sp, #40]	@ 0x28
10005ecc:	3501      	adds	r5, #1
10005ece:	7013      	strb	r3, [r2, #0]
10005ed0:	7823      	ldrb	r3, [r4, #0]
10005ed2:	18e4      	adds	r4, r4, r3
10005ed4:	42b5      	cmp	r5, r6
10005ed6:	da19      	bge.n	10005f0c <usbd_open_edpt_pair+0x90>
10005ed8:	7863      	ldrb	r3, [r4, #1]
10005eda:	2b05      	cmp	r3, #5
10005edc:	d108      	bne.n	10005ef0 <usbd_open_edpt_pair+0x74>
10005ede:	78e3      	ldrb	r3, [r4, #3]
10005ee0:	079b      	lsls	r3, r3, #30
10005ee2:	0f9b      	lsrs	r3, r3, #30
10005ee4:	42bb      	cmp	r3, r7
10005ee6:	d103      	bne.n	10005ef0 <usbd_open_edpt_pair+0x74>
10005ee8:	4642      	mov	r2, r8
10005eea:	78a3      	ldrb	r3, [r4, #2]
10005eec:	421a      	tst	r2, r3
10005eee:	d0d8      	beq.n	10005ea2 <usbd_open_edpt_pair+0x26>
10005ef0:	2000      	movs	r0, #0
10005ef2:	bcf0      	pop	{r4, r5, r6, r7}
10005ef4:	46bb      	mov	fp, r7
10005ef6:	46b2      	mov	sl, r6
10005ef8:	46a9      	mov	r9, r5
10005efa:	46a0      	mov	r8, r4
10005efc:	bdf8      	pop	{r3, r4, r5, r6, r7, pc}
10005efe:	9a0b      	ldr	r2, [sp, #44]	@ 0x2c
10005f00:	3501      	adds	r5, #1
10005f02:	7013      	strb	r3, [r2, #0]
10005f04:	7823      	ldrb	r3, [r4, #0]
10005f06:	18e4      	adds	r4, r4, r3
10005f08:	42b5      	cmp	r5, r6
10005f0a:	dbe5      	blt.n	10005ed8 <usbd_open_edpt_pair+0x5c>
10005f0c:	2001      	movs	r0, #1
10005f0e:	e7f0      	b.n	10005ef2 <usbd_open_edpt_pair+0x76>
10005f10:	200010a4 	.word	0x200010a4
10005f14:	200015e8 	.word	0x200015e8

10005f18 <usbd_edpt_open>:
10005f18:	2270      	movs	r2, #112	@ 0x70
10005f1a:	b570      	push	{r4, r5, r6, lr}
10005f1c:	788b      	ldrb	r3, [r1, #2]
10005f1e:	000c      	movs	r4, r1
10005f20:	421a      	tst	r2, r3
10005f22:	d001      	beq.n	10005f28 <usbd_edpt_open+0x10>
10005f24:	2000      	movs	r0, #0
10005f26:	bd70      	pop	{r4, r5, r6, pc}
10005f28:	4b06      	ldr	r3, [pc, #24]	@ (10005f44 <usbd_edpt_open+0x2c>)
10005f2a:	0020      	movs	r0, r4
10005f2c:	781d      	ldrb	r5, [r3, #0]
10005f2e:	4b06      	ldr	r3, [pc, #24]	@ (10005f48 <usbd_edpt_open+0x30>)
10005f30:	7899      	ldrb	r1, [r3, #2]
10005f32:	f000 fda9 	bl	10006a88 <tu_edpt_validate>
10005f36:	2800      	cmp	r0, #0
10005f38:	d0f4      	beq.n	10005f24 <usbd_edpt_open+0xc>
10005f3a:	0021      	movs	r1, r4
10005f3c:	0028      	movs	r0, r5
10005f3e:	f7ff f9ed 	bl	1000531c <dcd_edpt_open>
10005f42:	e7f0      	b.n	10005f26 <usbd_edpt_open+0xe>
10005f44:	200010a4 	.word	0x200010a4
10005f48:	200015e8 	.word	0x200015e8

10005f4c <usbd_edpt_claim>:
10005f4c:	000b      	movs	r3, r1
10005f4e:	207f      	movs	r0, #127	@ 0x7f
10005f50:	b510      	push	{r4, lr}
10005f52:	4018      	ands	r0, r3
10005f54:	09db      	lsrs	r3, r3, #7
10005f56:	3334      	adds	r3, #52	@ 0x34
10005f58:	0040      	lsls	r0, r0, #1
10005f5a:	4a04      	ldr	r2, [pc, #16]	@ (10005f6c <usbd_edpt_claim+0x20>)
10005f5c:	18c0      	adds	r0, r0, r3
10005f5e:	4b04      	ldr	r3, [pc, #16]	@ (10005f70 <usbd_edpt_claim+0x24>)
10005f60:	6811      	ldr	r1, [r2, #0]
10005f62:	18c0      	adds	r0, r0, r3
10005f64:	f000 fd4c 	bl	10006a00 <tu_edpt_claim>
10005f68:	bd10      	pop	{r4, pc}
10005f6a:	46c0      	nop			@ (mov r8, r8)
10005f6c:	2000163c 	.word	0x2000163c
10005f70:	200015e8 	.word	0x200015e8

10005f74 <usbd_edpt_release>:
10005f74:	000b      	movs	r3, r1
10005f76:	207f      	movs	r0, #127	@ 0x7f
10005f78:	b510      	push	{r4, lr}
10005f7a:	4018      	ands	r0, r3
10005f7c:	09db      	lsrs	r3, r3, #7
10005f7e:	3334      	adds	r3, #52	@ 0x34
10005f80:	0040      	lsls	r0, r0, #1
10005f82:	4a04      	ldr	r2, [pc, #16]	@ (10005f94 <usbd_edpt_release+0x20>)
10005f84:	18c0      	adds	r0, r0, r3
10005f86:	4b04      	ldr	r3, [pc, #16]	@ (10005f98 <usbd_edpt_release+0x24>)
10005f88:	6811      	ldr	r1, [r2, #0]
10005f8a:	18c0      	adds	r0, r0, r3
10005f8c:	f000 fd60 	bl	10006a50 <tu_edpt_release>
10005f90:	bd10      	pop	{r4, pc}
10005f92:	46c0      	nop			@ (mov r8, r8)
10005f94:	2000163c 	.word	0x2000163c
10005f98:	200015e8 	.word	0x200015e8

10005f9c <usbd_edpt_xfer>:
10005f9c:	b570      	push	{r4, r5, r6, lr}
10005f9e:	247f      	movs	r4, #127	@ 0x7f
10005fa0:	480f      	ldr	r0, [pc, #60]	@ (10005fe0 <usbd_edpt_xfer+0x44>)
10005fa2:	400c      	ands	r4, r1
10005fa4:	0064      	lsls	r4, r4, #1
10005fa6:	1904      	adds	r4, r0, r4
10005fa8:	09cd      	lsrs	r5, r1, #7
10005faa:	1964      	adds	r4, r4, r5
10005fac:	3430      	adds	r4, #48	@ 0x30
10005fae:	7920      	ldrb	r0, [r4, #4]
10005fb0:	07c0      	lsls	r0, r0, #31
10005fb2:	d501      	bpl.n	10005fb8 <usbd_edpt_xfer+0x1c>
10005fb4:	2000      	movs	r0, #0
10005fb6:	bd70      	pop	{r4, r5, r6, pc}
10005fb8:	2601      	movs	r6, #1
10005fba:	7925      	ldrb	r5, [r4, #4]
10005fbc:	4809      	ldr	r0, [pc, #36]	@ (10005fe4 <usbd_edpt_xfer+0x48>)
10005fbe:	4335      	orrs	r5, r6
10005fc0:	7800      	ldrb	r0, [r0, #0]
10005fc2:	7125      	strb	r5, [r4, #4]
10005fc4:	f7ff fa38 	bl	10005438 <dcd_edpt_xfer>
10005fc8:	2800      	cmp	r0, #0
10005fca:	d1f4      	bne.n	10005fb6 <usbd_edpt_xfer+0x1a>
10005fcc:	2201      	movs	r2, #1
10005fce:	7923      	ldrb	r3, [r4, #4]
10005fd0:	4393      	bics	r3, r2
10005fd2:	7123      	strb	r3, [r4, #4]
10005fd4:	7923      	ldrb	r3, [r4, #4]
10005fd6:	3203      	adds	r2, #3
10005fd8:	4393      	bics	r3, r2
10005fda:	7123      	strb	r3, [r4, #4]
10005fdc:	e7ea      	b.n	10005fb4 <usbd_edpt_xfer+0x18>
10005fde:	46c0      	nop			@ (mov r8, r8)
10005fe0:	200015e8 	.word	0x200015e8
10005fe4:	200010a4 	.word	0x200010a4

10005fe8 <tud_control_status>:
10005fe8:	b570      	push	{r4, r5, r6, lr}
10005fea:	4c09      	ldr	r4, [pc, #36]	@ (10006010 <tud_control_status+0x28>)
10005fec:	0006      	movs	r6, r0
10005fee:	2208      	movs	r2, #8
10005ff0:	0020      	movs	r0, r4
10005ff2:	000d      	movs	r5, r1
10005ff4:	f7fc fe68 	bl	10002cc8 <__wrap___aeabi_memcpy>
10005ff8:	2300      	movs	r3, #0
10005ffa:	2180      	movs	r1, #128	@ 0x80
10005ffc:	60e3      	str	r3, [r4, #12]
10005ffe:	60a3      	str	r3, [r4, #8]
10006000:	782b      	ldrb	r3, [r5, #0]
10006002:	0030      	movs	r0, r6
10006004:	4399      	bics	r1, r3
10006006:	2200      	movs	r2, #0
10006008:	2300      	movs	r3, #0
1000600a:	f7ff ffc7 	bl	10005f9c <usbd_edpt_xfer>
1000600e:	bd70      	pop	{r4, r5, r6, pc}
10006010:	200015c8 	.word	0x200015c8

10006014 <tud_control_xfer>:
10006014:	b5f8      	push	{r3, r4, r5, r6, r7, lr}
10006016:	46ce      	mov	lr, r9
10006018:	4647      	mov	r7, r8
1000601a:	4690      	mov	r8, r2
1000601c:	4e25      	ldr	r6, [pc, #148]	@ (100060b4 <tud_control_xfer+0xa0>)
1000601e:	b580      	push	{r7, lr}
10006020:	4681      	mov	r9, r0
10006022:	2208      	movs	r2, #8
10006024:	0030      	movs	r0, r6
10006026:	000d      	movs	r5, r1
10006028:	001f      	movs	r7, r3
1000602a:	f7fc fe4d 	bl	10002cc8 <__wrap___aeabi_memcpy>
1000602e:	4643      	mov	r3, r8
10006030:	60b3      	str	r3, [r6, #8]
10006032:	2300      	movs	r3, #0
10006034:	81f3      	strh	r3, [r6, #14]
10006036:	79ec      	ldrb	r4, [r5, #7]
10006038:	79ab      	ldrb	r3, [r5, #6]
1000603a:	0224      	lsls	r4, r4, #8
1000603c:	431c      	orrs	r4, r3
1000603e:	1c23      	adds	r3, r4, #0
10006040:	42bc      	cmp	r4, r7
10006042:	d900      	bls.n	10006046 <tud_control_xfer+0x32>
10006044:	1c3b      	adds	r3, r7, #0
10006046:	b29f      	uxth	r7, r3
10006048:	81b3      	strh	r3, [r6, #12]
1000604a:	2c00      	cmp	r4, #0
1000604c:	d00d      	beq.n	1000606a <tud_control_xfer+0x56>
1000604e:	2f00      	cmp	r7, #0
10006050:	d017      	beq.n	10006082 <tud_control_xfer+0x6e>
10006052:	4642      	mov	r2, r8
10006054:	2a00      	cmp	r2, #0
10006056:	d02b      	beq.n	100060b0 <tud_control_xfer+0x9c>
10006058:	2f40      	cmp	r7, #64	@ 0x40
1000605a:	d81b      	bhi.n	10006094 <tud_control_xfer+0x80>
1000605c:	b29f      	uxth	r7, r3
1000605e:	7833      	ldrb	r3, [r6, #0]
10006060:	2b7f      	cmp	r3, #127	@ 0x7f
10006062:	d81c      	bhi.n	1000609e <tud_control_xfer+0x8a>
10006064:	2100      	movs	r1, #0
10006066:	4a14      	ldr	r2, [pc, #80]	@ (100060b8 <tud_control_xfer+0xa4>)
10006068:	e00f      	b.n	1000608a <tud_control_xfer+0x76>
1000606a:	2180      	movs	r1, #128	@ 0x80
1000606c:	782b      	ldrb	r3, [r5, #0]
1000606e:	2200      	movs	r2, #0
10006070:	4399      	bics	r1, r3
10006072:	4648      	mov	r0, r9
10006074:	2300      	movs	r3, #0
10006076:	f7ff ff91 	bl	10005f9c <usbd_edpt_xfer>
1000607a:	bcc0      	pop	{r6, r7}
1000607c:	46b9      	mov	r9, r7
1000607e:	46b0      	mov	r8, r6
10006080:	bdf8      	pop	{r3, r4, r5, r6, r7, pc}
10006082:	237f      	movs	r3, #127	@ 0x7f
10006084:	2200      	movs	r2, #0
10006086:	7831      	ldrb	r1, [r6, #0]
10006088:	4399      	bics	r1, r3
1000608a:	003b      	movs	r3, r7
1000608c:	4648      	mov	r0, r9
1000608e:	f7ff ff85 	bl	10005f9c <usbd_edpt_xfer>
10006092:	e7f2      	b.n	1000607a <tud_control_xfer+0x66>
10006094:	2340      	movs	r3, #64	@ 0x40
10006096:	b29f      	uxth	r7, r3
10006098:	7833      	ldrb	r3, [r6, #0]
1000609a:	2b7f      	cmp	r3, #127	@ 0x7f
1000609c:	d9e2      	bls.n	10006064 <tud_control_xfer+0x50>
1000609e:	4c06      	ldr	r4, [pc, #24]	@ (100060b8 <tud_control_xfer+0xa4>)
100060a0:	003a      	movs	r2, r7
100060a2:	4641      	mov	r1, r8
100060a4:	0020      	movs	r0, r4
100060a6:	f7fc fe0f 	bl	10002cc8 <__wrap___aeabi_memcpy>
100060aa:	2180      	movs	r1, #128	@ 0x80
100060ac:	0022      	movs	r2, r4
100060ae:	e7ec      	b.n	1000608a <tud_control_xfer+0x76>
100060b0:	2000      	movs	r0, #0
100060b2:	e7e2      	b.n	1000607a <tud_control_xfer+0x66>
100060b4:	200015c8 	.word	0x200015c8
100060b8:	20001588 	.word	0x20001588

100060bc <usbd_control_reset>:
100060bc:	b510      	push	{r4, lr}
100060be:	2214      	movs	r2, #20
100060c0:	2100      	movs	r1, #0
100060c2:	4802      	ldr	r0, [pc, #8]	@ (100060cc <usbd_control_reset+0x10>)
100060c4:	f7fc fdfa 	bl	10002cbc <__wrap_memset>
100060c8:	bd10      	pop	{r4, pc}
100060ca:	46c0      	nop			@ (mov r8, r8)
100060cc:	200015c8 	.word	0x200015c8

100060d0 <usbd_control_set_complete_callback>:
100060d0:	4b01      	ldr	r3, [pc, #4]	@ (100060d8 <usbd_control_set_complete_callback+0x8>)
100060d2:	6118      	str	r0, [r3, #16]
100060d4:	4770      	bx	lr
100060d6:	46c0      	nop			@ (mov r8, r8)
100060d8:	200015c8 	.word	0x200015c8

100060dc <usbd_control_set_request>:
100060dc:	b510      	push	{r4, lr}
100060de:	4c05      	ldr	r4, [pc, #20]	@ (100060f4 <usbd_control_set_request+0x18>)
100060e0:	0001      	movs	r1, r0
100060e2:	2208      	movs	r2, #8
100060e4:	0020      	movs	r0, r4
100060e6:	f7fc fdef 	bl	10002cc8 <__wrap___aeabi_memcpy>
100060ea:	2300      	movs	r3, #0
100060ec:	60a3      	str	r3, [r4, #8]
100060ee:	60e3      	str	r3, [r4, #12]
100060f0:	bd10      	pop	{r4, pc}
100060f2:	46c0      	nop			@ (mov r8, r8)
100060f4:	200015c8 	.word	0x200015c8

100060f8 <usbd_control_xfer_cb>:
100060f8:	b570      	push	{r4, r5, r6, lr}
100060fa:	4c38      	ldr	r4, [pc, #224]	@ (100061dc <usbd_control_xfer_cb+0xe4>)
100060fc:	001d      	movs	r5, r3
100060fe:	7823      	ldrb	r3, [r4, #0]
10006100:	0006      	movs	r6, r0
10006102:	09da      	lsrs	r2, r3, #7
10006104:	09c9      	lsrs	r1, r1, #7
10006106:	428a      	cmp	r2, r1
10006108:	d010      	beq.n	1000612c <usbd_control_xfer_cb+0x34>
1000610a:	2000      	movs	r0, #0
1000610c:	2d00      	cmp	r5, #0
1000610e:	d000      	beq.n	10006112 <usbd_control_xfer_cb+0x1a>
10006110:	bd70      	pop	{r4, r5, r6, pc}
10006112:	0021      	movs	r1, r4
10006114:	0030      	movs	r0, r6
10006116:	f7ff f8f3 	bl	10005300 <dcd_edpt0_status_complete>
1000611a:	6923      	ldr	r3, [r4, #16]
1000611c:	2b00      	cmp	r3, #0
1000611e:	d003      	beq.n	10006128 <usbd_control_xfer_cb+0x30>
10006120:	0022      	movs	r2, r4
10006122:	2103      	movs	r1, #3
10006124:	0030      	movs	r0, r6
10006126:	4798      	blx	r3
10006128:	2001      	movs	r0, #1
1000612a:	e7f1      	b.n	10006110 <usbd_control_xfer_cb+0x18>
1000612c:	2b7f      	cmp	r3, #127	@ 0x7f
1000612e:	d806      	bhi.n	1000613e <usbd_control_xfer_cb+0x46>
10006130:	68a0      	ldr	r0, [r4, #8]
10006132:	2800      	cmp	r0, #0
10006134:	d034      	beq.n	100061a0 <usbd_control_xfer_cb+0xa8>
10006136:	002a      	movs	r2, r5
10006138:	4929      	ldr	r1, [pc, #164]	@ (100061e0 <usbd_control_xfer_cb+0xe8>)
1000613a:	f7fc fdc5 	bl	10002cc8 <__wrap___aeabi_memcpy>
1000613e:	89e2      	ldrh	r2, [r4, #14]
10006140:	68a1      	ldr	r1, [r4, #8]
10006142:	1952      	adds	r2, r2, r5
10006144:	88e3      	ldrh	r3, [r4, #6]
10006146:	b292      	uxth	r2, r2
10006148:	1949      	adds	r1, r1, r5
1000614a:	81e2      	strh	r2, [r4, #14]
1000614c:	60a1      	str	r1, [r4, #8]
1000614e:	4293      	cmp	r3, r2
10006150:	d014      	beq.n	1000617c <usbd_control_xfer_cb+0x84>
10006152:	2d3f      	cmp	r5, #63	@ 0x3f
10006154:	d912      	bls.n	1000617c <usbd_control_xfer_cb+0x84>
10006156:	89a3      	ldrh	r3, [r4, #12]
10006158:	1a98      	subs	r0, r3, r2
1000615a:	1c05      	adds	r5, r0, #0
1000615c:	b280      	uxth	r0, r0
1000615e:	2840      	cmp	r0, #64	@ 0x40
10006160:	d82a      	bhi.n	100061b8 <usbd_control_xfer_cb+0xc0>
10006162:	7820      	ldrb	r0, [r4, #0]
10006164:	b2ad      	uxth	r5, r5
10006166:	287f      	cmp	r0, #127	@ 0x7f
10006168:	d828      	bhi.n	100061bc <usbd_control_xfer_cb+0xc4>
1000616a:	2100      	movs	r1, #0
1000616c:	429a      	cmp	r2, r3
1000616e:	d032      	beq.n	100061d6 <usbd_control_xfer_cb+0xde>
10006170:	4a1b      	ldr	r2, [pc, #108]	@ (100061e0 <usbd_control_xfer_cb+0xe8>)
10006172:	002b      	movs	r3, r5
10006174:	0030      	movs	r0, r6
10006176:	f7ff ff11 	bl	10005f9c <usbd_edpt_xfer>
1000617a:	e7c9      	b.n	10006110 <usbd_control_xfer_cb+0x18>
1000617c:	6923      	ldr	r3, [r4, #16]
1000617e:	2b00      	cmp	r3, #0
10006180:	d005      	beq.n	1000618e <usbd_control_xfer_cb+0x96>
10006182:	0022      	movs	r2, r4
10006184:	2102      	movs	r1, #2
10006186:	0030      	movs	r0, r6
10006188:	4798      	blx	r3
1000618a:	2800      	cmp	r0, #0
1000618c:	d00a      	beq.n	100061a4 <usbd_control_xfer_cb+0xac>
1000618e:	2180      	movs	r1, #128	@ 0x80
10006190:	7823      	ldrb	r3, [r4, #0]
10006192:	2200      	movs	r2, #0
10006194:	4399      	bics	r1, r3
10006196:	0030      	movs	r0, r6
10006198:	2300      	movs	r3, #0
1000619a:	f7ff feff 	bl	10005f9c <usbd_edpt_xfer>
1000619e:	e7b7      	b.n	10006110 <usbd_control_xfer_cb+0x18>
100061a0:	2000      	movs	r0, #0
100061a2:	e7b5      	b.n	10006110 <usbd_control_xfer_cb+0x18>
100061a4:	2100      	movs	r1, #0
100061a6:	0030      	movs	r0, r6
100061a8:	f7ff f958 	bl	1000545c <dcd_edpt_stall>
100061ac:	0030      	movs	r0, r6
100061ae:	2180      	movs	r1, #128	@ 0x80
100061b0:	f7ff f954 	bl	1000545c <dcd_edpt_stall>
100061b4:	2001      	movs	r0, #1
100061b6:	e7ab      	b.n	10006110 <usbd_control_xfer_cb+0x18>
100061b8:	2540      	movs	r5, #64	@ 0x40
100061ba:	e7d2      	b.n	10006162 <usbd_control_xfer_cb+0x6a>
100061bc:	429a      	cmp	r2, r3
100061be:	d007      	beq.n	100061d0 <usbd_control_xfer_cb+0xd8>
100061c0:	4c07      	ldr	r4, [pc, #28]	@ (100061e0 <usbd_control_xfer_cb+0xe8>)
100061c2:	002a      	movs	r2, r5
100061c4:	0020      	movs	r0, r4
100061c6:	f7fc fd7f 	bl	10002cc8 <__wrap___aeabi_memcpy>
100061ca:	2180      	movs	r1, #128	@ 0x80
100061cc:	0022      	movs	r2, r4
100061ce:	e7d0      	b.n	10006172 <usbd_control_xfer_cb+0x7a>
100061d0:	2180      	movs	r1, #128	@ 0x80
100061d2:	2200      	movs	r2, #0
100061d4:	e7cd      	b.n	10006172 <usbd_control_xfer_cb+0x7a>
100061d6:	2200      	movs	r2, #0
100061d8:	e7cb      	b.n	10006172 <usbd_control_xfer_cb+0x7a>
100061da:	46c0      	nop			@ (mov r8, r8)
100061dc:	200015c8 	.word	0x200015c8
100061e0:	20001588 	.word	0x20001588

100061e4 <_prep_out_transaction.isra.0>:
100061e4:	b570      	push	{r4, r5, r6, lr}
100061e6:	0004      	movs	r4, r0
100061e8:	f7ff f9be 	bl	10005568 <tud_mounted>
100061ec:	2800      	cmp	r0, #0
100061ee:	d100      	bne.n	100061f2 <_prep_out_transaction.isra.0+0xe>
100061f0:	bd70      	pop	{r4, r5, r6, pc}
100061f2:	f7ff f9c1 	bl	10005578 <tud_suspended>
100061f6:	2800      	cmp	r0, #0
100061f8:	d1fa      	bne.n	100061f0 <_prep_out_transaction.isra.0+0xc>
100061fa:	23c8      	movs	r3, #200	@ 0xc8
100061fc:	4363      	muls	r3, r4
100061fe:	4d12      	ldr	r5, [pc, #72]	@ (10006248 <_prep_out_transaction.isra.0+0x64>)
10006200:	18ee      	adds	r6, r5, r3
10006202:	78f1      	ldrb	r1, [r6, #3]
10006204:	2900      	cmp	r1, #0
10006206:	d0f3      	beq.n	100061f0 <_prep_out_transaction.isra.0+0xc>
10006208:	3310      	adds	r3, #16
1000620a:	195d      	adds	r5, r3, r5
1000620c:	0028      	movs	r0, r5
1000620e:	f000 fdf3 	bl	10006df8 <tu_fifo_remaining>
10006212:	283f      	cmp	r0, #63	@ 0x3f
10006214:	d9ec      	bls.n	100061f0 <_prep_out_transaction.isra.0+0xc>
10006216:	2000      	movs	r0, #0
10006218:	78f1      	ldrb	r1, [r6, #3]
1000621a:	f7ff fe97 	bl	10005f4c <usbd_edpt_claim>
1000621e:	2800      	cmp	r0, #0
10006220:	d0e6      	beq.n	100061f0 <_prep_out_transaction.isra.0+0xc>
10006222:	0028      	movs	r0, r5
10006224:	f000 fde8 	bl	10006df8 <tu_fifo_remaining>
10006228:	78f1      	ldrb	r1, [r6, #3]
1000622a:	283f      	cmp	r0, #63	@ 0x3f
1000622c:	d907      	bls.n	1000623e <_prep_out_transaction.isra.0+0x5a>
1000622e:	4b07      	ldr	r3, [pc, #28]	@ (1000624c <_prep_out_transaction.isra.0+0x68>)
10006230:	01e2      	lsls	r2, r4, #7
10006232:	18d2      	adds	r2, r2, r3
10006234:	2000      	movs	r0, #0
10006236:	2340      	movs	r3, #64	@ 0x40
10006238:	f7ff feb0 	bl	10005f9c <usbd_edpt_xfer>
1000623c:	e7d8      	b.n	100061f0 <_prep_out_transaction.isra.0+0xc>
1000623e:	2000      	movs	r0, #0
10006240:	f7ff fe98 	bl	10005f74 <usbd_edpt_release>
10006244:	e7d4      	b.n	100061f0 <_prep_out_transaction.isra.0+0xc>
10006246:	46c0      	nop			@ (mov r8, r8)
10006248:	200014c0 	.word	0x200014c0
1000624c:	2000143c 	.word	0x2000143c

10006250 <tud_cdc_n_connected>:
10006250:	b510      	push	{r4, lr}
10006252:	0004      	movs	r4, r0
10006254:	f7ff f988 	bl	10005568 <tud_mounted>
10006258:	2800      	cmp	r0, #0
1000625a:	d101      	bne.n	10006260 <tud_cdc_n_connected+0x10>
1000625c:	2000      	movs	r0, #0
1000625e:	bd10      	pop	{r4, pc}
10006260:	f7ff f98a 	bl	10005578 <tud_suspended>
10006264:	2800      	cmp	r0, #0
10006266:	d1f9      	bne.n	1000625c <tud_cdc_n_connected+0xc>
10006268:	22c8      	movs	r2, #200	@ 0xc8
1000626a:	4362      	muls	r2, r4
1000626c:	4b02      	ldr	r3, [pc, #8]	@ (10006278 <tud_cdc_n_connected+0x28>)
1000626e:	3001      	adds	r0, #1
10006270:	189b      	adds	r3, r3, r2
10006272:	791b      	ldrb	r3, [r3, #4]
10006274:	4018      	ands	r0, r3
10006276:	e7f2      	b.n	1000625e <tud_cdc_n_connected+0xe>
10006278:	200014c0 	.word	0x200014c0

1000627c <tud_cdc_n_available>:
1000627c:	23c8      	movs	r3, #200	@ 0xc8
1000627e:	b510      	push	{r4, lr}
10006280:	4343      	muls	r3, r0
10006282:	4802      	ldr	r0, [pc, #8]	@ (1000628c <tud_cdc_n_available+0x10>)
10006284:	1818      	adds	r0, r3, r0
10006286:	f000 fd99 	bl	10006dbc <tu_fifo_count>
1000628a:	bd10      	pop	{r4, pc}
1000628c:	200014d0 	.word	0x200014d0

10006290 <tud_cdc_n_read>:
10006290:	b5f8      	push	{r3, r4, r5, r6, r7, lr}
10006292:	24c8      	movs	r4, #200	@ 0xc8
10006294:	2380      	movs	r3, #128	@ 0x80
10006296:	4344      	muls	r4, r0
10006298:	4f1c      	ldr	r7, [pc, #112]	@ (1000630c <tud_cdc_n_read+0x7c>)
1000629a:	3410      	adds	r4, #16
1000629c:	0005      	movs	r5, r0
1000629e:	193c      	adds	r4, r7, r4
100062a0:	025b      	lsls	r3, r3, #9
100062a2:	429a      	cmp	r2, r3
100062a4:	d300      	bcc.n	100062a8 <tud_cdc_n_read+0x18>
100062a6:	4a1a      	ldr	r2, [pc, #104]	@ (10006310 <tud_cdc_n_read+0x80>)
100062a8:	0020      	movs	r0, r4
100062aa:	b292      	uxth	r2, r2
100062ac:	f000 fe08 	bl	10006ec0 <tu_fifo_read_n>
100062b0:	0006      	movs	r6, r0
100062b2:	f7ff f959 	bl	10005568 <tud_mounted>
100062b6:	2800      	cmp	r0, #0
100062b8:	d101      	bne.n	100062be <tud_cdc_n_read+0x2e>
100062ba:	0030      	movs	r0, r6
100062bc:	bdf8      	pop	{r3, r4, r5, r6, r7, pc}
100062be:	f7ff f95b 	bl	10005578 <tud_suspended>
100062c2:	2800      	cmp	r0, #0
100062c4:	d1f9      	bne.n	100062ba <tud_cdc_n_read+0x2a>
100062c6:	23c8      	movs	r3, #200	@ 0xc8
100062c8:	436b      	muls	r3, r5
100062ca:	18ff      	adds	r7, r7, r3
100062cc:	78fb      	ldrb	r3, [r7, #3]
100062ce:	2b00      	cmp	r3, #0
100062d0:	d0f3      	beq.n	100062ba <tud_cdc_n_read+0x2a>
100062d2:	0020      	movs	r0, r4
100062d4:	f000 fd90 	bl	10006df8 <tu_fifo_remaining>
100062d8:	283f      	cmp	r0, #63	@ 0x3f
100062da:	d9ee      	bls.n	100062ba <tud_cdc_n_read+0x2a>
100062dc:	2000      	movs	r0, #0
100062de:	78f9      	ldrb	r1, [r7, #3]
100062e0:	f7ff fe34 	bl	10005f4c <usbd_edpt_claim>
100062e4:	2800      	cmp	r0, #0
100062e6:	d0e8      	beq.n	100062ba <tud_cdc_n_read+0x2a>
100062e8:	0020      	movs	r0, r4
100062ea:	f000 fd85 	bl	10006df8 <tu_fifo_remaining>
100062ee:	78f9      	ldrb	r1, [r7, #3]
100062f0:	283f      	cmp	r0, #63	@ 0x3f
100062f2:	d907      	bls.n	10006304 <tud_cdc_n_read+0x74>
100062f4:	4b07      	ldr	r3, [pc, #28]	@ (10006314 <tud_cdc_n_read+0x84>)
100062f6:	01ea      	lsls	r2, r5, #7
100062f8:	18d2      	adds	r2, r2, r3
100062fa:	2000      	movs	r0, #0
100062fc:	2340      	movs	r3, #64	@ 0x40
100062fe:	f7ff fe4d 	bl	10005f9c <usbd_edpt_xfer>
10006302:	e7da      	b.n	100062ba <tud_cdc_n_read+0x2a>
10006304:	2000      	movs	r0, #0
10006306:	f7ff fe35 	bl	10005f74 <usbd_edpt_release>
1000630a:	e7d6      	b.n	100062ba <tud_cdc_n_read+0x2a>
1000630c:	200014c0 	.word	0x200014c0
10006310:	0000ffff 	.word	0x0000ffff
10006314:	2000143c 	.word	0x2000143c

10006318 <tud_cdc_n_write_flush>:
10006318:	b5f8      	push	{r3, r4, r5, r6, r7, lr}
1000631a:	0004      	movs	r4, r0
1000631c:	f7ff f924 	bl	10005568 <tud_mounted>
10006320:	2800      	cmp	r0, #0
10006322:	d101      	bne.n	10006328 <tud_cdc_n_write_flush+0x10>
10006324:	2000      	movs	r0, #0
10006326:	bdf8      	pop	{r3, r4, r5, r6, r7, pc}
10006328:	f7ff f926 	bl	10005578 <tud_suspended>
1000632c:	2800      	cmp	r0, #0
1000632e:	d1f9      	bne.n	10006324 <tud_cdc_n_write_flush+0xc>
10006330:	25c8      	movs	r5, #200	@ 0xc8
10006332:	4365      	muls	r5, r4
10006334:	002e      	movs	r6, r5
10006336:	4f13      	ldr	r7, [pc, #76]	@ (10006384 <tud_cdc_n_write_flush+0x6c>)
10006338:	3624      	adds	r6, #36	@ 0x24
1000633a:	19f6      	adds	r6, r6, r7
1000633c:	0030      	movs	r0, r6
1000633e:	f000 fd3d 	bl	10006dbc <tu_fifo_count>
10006342:	2800      	cmp	r0, #0
10006344:	d0ee      	beq.n	10006324 <tud_cdc_n_write_flush+0xc>
10006346:	197f      	adds	r7, r7, r5
10006348:	2000      	movs	r0, #0
1000634a:	78b9      	ldrb	r1, [r7, #2]
1000634c:	f7ff fdfe 	bl	10005f4c <usbd_edpt_claim>
10006350:	2800      	cmp	r0, #0
10006352:	d0e7      	beq.n	10006324 <tud_cdc_n_write_flush+0xc>
10006354:	4d0c      	ldr	r5, [pc, #48]	@ (10006388 <tud_cdc_n_write_flush+0x70>)
10006356:	01e4      	lsls	r4, r4, #7
10006358:	1965      	adds	r5, r4, r5
1000635a:	0029      	movs	r1, r5
1000635c:	2240      	movs	r2, #64	@ 0x40
1000635e:	0030      	movs	r0, r6
10006360:	f000 fdae 	bl	10006ec0 <tu_fifo_read_n>
10006364:	78b9      	ldrb	r1, [r7, #2]
10006366:	1e04      	subs	r4, r0, #0
10006368:	d008      	beq.n	1000637c <tud_cdc_n_write_flush+0x64>
1000636a:	0003      	movs	r3, r0
1000636c:	002a      	movs	r2, r5
1000636e:	2000      	movs	r0, #0
10006370:	f7ff fe14 	bl	10005f9c <usbd_edpt_xfer>
10006374:	2800      	cmp	r0, #0
10006376:	d0d5      	beq.n	10006324 <tud_cdc_n_write_flush+0xc>
10006378:	0020      	movs	r0, r4
1000637a:	e7d4      	b.n	10006326 <tud_cdc_n_write_flush+0xe>
1000637c:	2000      	movs	r0, #0
1000637e:	f7ff fdf9 	bl	10005f74 <usbd_edpt_release>
10006382:	e7cf      	b.n	10006324 <tud_cdc_n_write_flush+0xc>
10006384:	200014c0 	.word	0x200014c0
10006388:	2000147c 	.word	0x2000147c

1000638c <tud_cdc_n_write>:
1000638c:	b570      	push	{r4, r5, r6, lr}
1000638e:	24c8      	movs	r4, #200	@ 0xc8
10006390:	4344      	muls	r4, r0
10006392:	4b0c      	ldr	r3, [pc, #48]	@ (100063c4 <tud_cdc_n_write+0x38>)
10006394:	0005      	movs	r5, r0
10006396:	18e4      	adds	r4, r4, r3
10006398:	2380      	movs	r3, #128	@ 0x80
1000639a:	025b      	lsls	r3, r3, #9
1000639c:	429a      	cmp	r2, r3
1000639e:	d300      	bcc.n	100063a2 <tud_cdc_n_write+0x16>
100063a0:	4a09      	ldr	r2, [pc, #36]	@ (100063c8 <tud_cdc_n_write+0x3c>)
100063a2:	0020      	movs	r0, r4
100063a4:	b292      	uxth	r2, r2
100063a6:	f000 fe51 	bl	1000704c <tu_fifo_write_n>
100063aa:	0006      	movs	r6, r0
100063ac:	0020      	movs	r0, r4
100063ae:	f000 fd05 	bl	10006dbc <tu_fifo_count>
100063b2:	283f      	cmp	r0, #63	@ 0x3f
100063b4:	d801      	bhi.n	100063ba <tud_cdc_n_write+0x2e>
100063b6:	0030      	movs	r0, r6
100063b8:	bd70      	pop	{r4, r5, r6, pc}
100063ba:	0028      	movs	r0, r5
100063bc:	f7ff ffac 	bl	10006318 <tud_cdc_n_write_flush>
100063c0:	e7f9      	b.n	100063b6 <tud_cdc_n_write+0x2a>
100063c2:	46c0      	nop			@ (mov r8, r8)
100063c4:	200014e4 	.word	0x200014e4
100063c8:	0000ffff 	.word	0x0000ffff

100063cc <tud_cdc_n_write_available>:
100063cc:	23c8      	movs	r3, #200	@ 0xc8
100063ce:	b510      	push	{r4, lr}
100063d0:	4343      	muls	r3, r0
100063d2:	4802      	ldr	r0, [pc, #8]	@ (100063dc <tud_cdc_n_write_available+0x10>)
100063d4:	1818      	adds	r0, r3, r0
100063d6:	f000 fd0f 	bl	10006df8 <tu_fifo_remaining>
100063da:	bd10      	pop	{r4, pc}
100063dc:	200014e4 	.word	0x200014e4

100063e0 <cdcd_init>:
100063e0:	b5f0      	push	{r4, r5, r6, r7, lr}
100063e2:	2500      	movs	r5, #0
100063e4:	4c18      	ldr	r4, [pc, #96]	@ (10006448 <cdcd_init+0x68>)
100063e6:	b083      	sub	sp, #12
100063e8:	22c8      	movs	r2, #200	@ 0xc8
100063ea:	2100      	movs	r1, #0
100063ec:	0020      	movs	r0, r4
100063ee:	f7fc fc65 	bl	10002cbc <__wrap_memset>
100063f2:	4b16      	ldr	r3, [pc, #88]	@ (1000644c <cdcd_init+0x6c>)
100063f4:	0021      	movs	r1, r4
100063f6:	701d      	strb	r5, [r3, #0]
100063f8:	23ff      	movs	r3, #255	@ 0xff
100063fa:	7163      	strb	r3, [r4, #5]
100063fc:	23e1      	movs	r3, #225	@ 0xe1
100063fe:	025b      	lsls	r3, r3, #9
10006400:	60a3      	str	r3, [r4, #8]
10006402:	0020      	movs	r0, r4
10006404:	2308      	movs	r3, #8
10006406:	2240      	movs	r2, #64	@ 0x40
10006408:	73a3      	strb	r3, [r4, #14]
1000640a:	3138      	adds	r1, #56	@ 0x38
1000640c:	9500      	str	r5, [sp, #0]
1000640e:	3b07      	subs	r3, #7
10006410:	3010      	adds	r0, #16
10006412:	f000 fc9d 	bl	10006d50 <tu_fifo_config>
10006416:	0027      	movs	r7, r4
10006418:	2301      	movs	r3, #1
1000641a:	0021      	movs	r1, r4
1000641c:	0020      	movs	r0, r4
1000641e:	0026      	movs	r6, r4
10006420:	2240      	movs	r2, #64	@ 0x40
10006422:	3178      	adds	r1, #120	@ 0x78
10006424:	9300      	str	r3, [sp, #0]
10006426:	37b8      	adds	r7, #184	@ 0xb8
10006428:	3024      	adds	r0, #36	@ 0x24
1000642a:	f000 fc91 	bl	10006d50 <tu_fifo_config>
1000642e:	36c0      	adds	r6, #192	@ 0xc0
10006430:	0038      	movs	r0, r7
10006432:	f7fa fd69 	bl	10000f08 <mutex_init>
10006436:	0030      	movs	r0, r6
10006438:	f7fa fd66 	bl	10000f08 <mutex_init>
1000643c:	61e5      	str	r5, [r4, #28]
1000643e:	6227      	str	r7, [r4, #32]
10006440:	6326      	str	r6, [r4, #48]	@ 0x30
10006442:	6365      	str	r5, [r4, #52]	@ 0x34
10006444:	b003      	add	sp, #12
10006446:	bdf0      	pop	{r4, r5, r6, r7, pc}
10006448:	200014c0 	.word	0x200014c0
1000644c:	200014bc 	.word	0x200014bc

10006450 <cdcd_deinit>:
10006450:	4a0a      	ldr	r2, [pc, #40]	@ (1000647c <cdcd_deinit+0x2c>)
10006452:	6b11      	ldr	r1, [r2, #48]	@ 0x30
10006454:	6a13      	ldr	r3, [r2, #32]
10006456:	2900      	cmp	r1, #0
10006458:	d00c      	beq.n	10006474 <cdcd_deinit+0x24>
1000645a:	2b00      	cmp	r3, #0
1000645c:	d007      	beq.n	1000646e <cdcd_deinit+0x1e>
1000645e:	2300      	movs	r3, #0
10006460:	61d3      	str	r3, [r2, #28]
10006462:	6353      	str	r3, [r2, #52]	@ 0x34
10006464:	6313      	str	r3, [r2, #48]	@ 0x30
10006466:	2300      	movs	r3, #0
10006468:	6213      	str	r3, [r2, #32]
1000646a:	2001      	movs	r0, #1
1000646c:	4770      	bx	lr
1000646e:	6353      	str	r3, [r2, #52]	@ 0x34
10006470:	6313      	str	r3, [r2, #48]	@ 0x30
10006472:	e7fa      	b.n	1000646a <cdcd_deinit+0x1a>
10006474:	2b00      	cmp	r3, #0
10006476:	d0f8      	beq.n	1000646a <cdcd_deinit+0x1a>
10006478:	61d1      	str	r1, [r2, #28]
1000647a:	e7f4      	b.n	10006466 <cdcd_deinit+0x16>
1000647c:	200014c0 	.word	0x200014c0

10006480 <cdcd_reset>:
10006480:	b570      	push	{r4, r5, r6, lr}
10006482:	4c0f      	ldr	r4, [pc, #60]	@ (100064c0 <cdcd_reset+0x40>)
10006484:	2205      	movs	r2, #5
10006486:	2100      	movs	r1, #0
10006488:	0020      	movs	r0, r4
1000648a:	f7fc fc17 	bl	10002cbc <__wrap_memset>
1000648e:	4d0d      	ldr	r5, [pc, #52]	@ (100064c4 <cdcd_reset+0x44>)
10006490:	782b      	ldrb	r3, [r5, #0]
10006492:	07da      	lsls	r2, r3, #31
10006494:	d507      	bpl.n	100064a6 <cdcd_reset+0x26>
10006496:	4c0c      	ldr	r4, [pc, #48]	@ (100064c8 <cdcd_reset+0x48>)
10006498:	079b      	lsls	r3, r3, #30
1000649a:	d50c      	bpl.n	100064b6 <cdcd_reset+0x36>
1000649c:	2101      	movs	r1, #1
1000649e:	0020      	movs	r0, r4
100064a0:	f000 feb0 	bl	10007204 <tu_fifo_set_overwritable>
100064a4:	bd70      	pop	{r4, r5, r6, pc}
100064a6:	0020      	movs	r0, r4
100064a8:	3010      	adds	r0, #16
100064aa:	f000 fe8b 	bl	100071c4 <tu_fifo_clear>
100064ae:	782b      	ldrb	r3, [r5, #0]
100064b0:	4c05      	ldr	r4, [pc, #20]	@ (100064c8 <cdcd_reset+0x48>)
100064b2:	079b      	lsls	r3, r3, #30
100064b4:	d4f2      	bmi.n	1000649c <cdcd_reset+0x1c>
100064b6:	0020      	movs	r0, r4
100064b8:	f000 fe84 	bl	100071c4 <tu_fifo_clear>
100064bc:	e7ee      	b.n	1000649c <cdcd_reset+0x1c>
100064be:	46c0      	nop			@ (mov r8, r8)
100064c0:	200014c0 	.word	0x200014c0
100064c4:	200014bc 	.word	0x200014bc
100064c8:	200014e4 	.word	0x200014e4

100064cc <cdcd_open>:
100064cc:	b5f0      	push	{r4, r5, r6, r7, lr}
100064ce:	794b      	ldrb	r3, [r1, #5]
100064d0:	0006      	movs	r6, r0
100064d2:	b083      	sub	sp, #12
100064d4:	2b02      	cmp	r3, #2
100064d6:	d102      	bne.n	100064de <cdcd_open+0x12>
100064d8:	798b      	ldrb	r3, [r1, #6]
100064da:	2b02      	cmp	r3, #2
100064dc:	d003      	beq.n	100064e6 <cdcd_open+0x1a>
100064de:	2500      	movs	r5, #0
100064e0:	0028      	movs	r0, r5
100064e2:	b003      	add	sp, #12
100064e4:	bdf0      	pop	{r4, r5, r6, r7, pc}
100064e6:	4f20      	ldr	r7, [pc, #128]	@ (10006568 <cdcd_open+0x9c>)
100064e8:	78bb      	ldrb	r3, [r7, #2]
100064ea:	2b00      	cmp	r3, #0
100064ec:	d1f7      	bne.n	100064de <cdcd_open+0x12>
100064ee:	788b      	ldrb	r3, [r1, #2]
100064f0:	2509      	movs	r5, #9
100064f2:	703b      	strb	r3, [r7, #0]
100064f4:	780c      	ldrb	r4, [r1, #0]
100064f6:	190c      	adds	r4, r1, r4
100064f8:	7863      	ldrb	r3, [r4, #1]
100064fa:	2b24      	cmp	r3, #36	@ 0x24
100064fc:	d007      	beq.n	1000650e <cdcd_open+0x42>
100064fe:	e00c      	b.n	1000651a <cdcd_open+0x4e>
10006500:	7823      	ldrb	r3, [r4, #0]
10006502:	18e4      	adds	r4, r4, r3
10006504:	195d      	adds	r5, r3, r5
10006506:	7863      	ldrb	r3, [r4, #1]
10006508:	b2ad      	uxth	r5, r5
1000650a:	2b24      	cmp	r3, #36	@ 0x24
1000650c:	d105      	bne.n	1000651a <cdcd_open+0x4e>
1000650e:	4295      	cmp	r5, r2
10006510:	d9f6      	bls.n	10006500 <cdcd_open+0x34>
10006512:	2000      	movs	r0, #0
10006514:	f7ff fe66 	bl	100061e4 <_prep_out_transaction.isra.0>
10006518:	e7e2      	b.n	100064e0 <cdcd_open+0x14>
1000651a:	001a      	movs	r2, r3
1000651c:	2b05      	cmp	r3, #5
1000651e:	d015      	beq.n	1000654c <cdcd_open+0x80>
10006520:	2a04      	cmp	r2, #4
10006522:	d1f6      	bne.n	10006512 <cdcd_open+0x46>
10006524:	7963      	ldrb	r3, [r4, #5]
10006526:	2b0a      	cmp	r3, #10
10006528:	d1f3      	bne.n	10006512 <cdcd_open+0x46>
1000652a:	4b10      	ldr	r3, [pc, #64]	@ (1000656c <cdcd_open+0xa0>)
1000652c:	7827      	ldrb	r7, [r4, #0]
1000652e:	9301      	str	r3, [sp, #4]
10006530:	3301      	adds	r3, #1
10006532:	9300      	str	r3, [sp, #0]
10006534:	0030      	movs	r0, r6
10006536:	2302      	movs	r3, #2
10006538:	19e1      	adds	r1, r4, r7
1000653a:	3a02      	subs	r2, #2
1000653c:	f7ff fc9e 	bl	10005e7c <usbd_open_edpt_pair>
10006540:	2800      	cmp	r0, #0
10006542:	d0cc      	beq.n	100064de <cdcd_open+0x12>
10006544:	350e      	adds	r5, #14
10006546:	19ed      	adds	r5, r5, r7
10006548:	b2ad      	uxth	r5, r5
1000654a:	e7e2      	b.n	10006512 <cdcd_open+0x46>
1000654c:	0021      	movs	r1, r4
1000654e:	0030      	movs	r0, r6
10006550:	f7ff fce2 	bl	10005f18 <usbd_edpt_open>
10006554:	2800      	cmp	r0, #0
10006556:	d0c2      	beq.n	100064de <cdcd_open+0x12>
10006558:	78a3      	ldrb	r3, [r4, #2]
1000655a:	707b      	strb	r3, [r7, #1]
1000655c:	7823      	ldrb	r3, [r4, #0]
1000655e:	195d      	adds	r5, r3, r5
10006560:	18e4      	adds	r4, r4, r3
10006562:	7862      	ldrb	r2, [r4, #1]
10006564:	b2ad      	uxth	r5, r5
10006566:	e7db      	b.n	10006520 <cdcd_open+0x54>
10006568:	200014c0 	.word	0x200014c0
1000656c:	200014c2 	.word	0x200014c2

10006570 <cdcd_control_xfer_cb>:
10006570:	b5f8      	push	{r3, r4, r5, r6, r7, lr}
10006572:	2360      	movs	r3, #96	@ 0x60
10006574:	0014      	movs	r4, r2
10006576:	7812      	ldrb	r2, [r2, #0]
10006578:	0005      	movs	r5, r0
1000657a:	4013      	ands	r3, r2
1000657c:	2000      	movs	r0, #0
1000657e:	2b20      	cmp	r3, #32
10006580:	d107      	bne.n	10006592 <cdcd_control_xfer_cb+0x22>
10006582:	4a30      	ldr	r2, [pc, #192]	@ (10006644 <cdcd_control_xfer_cb+0xd4>)
10006584:	7963      	ldrb	r3, [r4, #5]
10006586:	7927      	ldrb	r7, [r4, #4]
10006588:	7816      	ldrb	r6, [r2, #0]
1000658a:	021b      	lsls	r3, r3, #8
1000658c:	433b      	orrs	r3, r7
1000658e:	429e      	cmp	r6, r3
10006590:	d000      	beq.n	10006594 <cdcd_control_xfer_cb+0x24>
10006592:	bdf8      	pop	{r3, r4, r5, r6, r7, pc}
10006594:	7863      	ldrb	r3, [r4, #1]
10006596:	2b22      	cmp	r3, #34	@ 0x22
10006598:	d01a      	beq.n	100065d0 <cdcd_control_xfer_cb+0x60>
1000659a:	d807      	bhi.n	100065ac <cdcd_control_xfer_cb+0x3c>
1000659c:	2b20      	cmp	r3, #32
1000659e:	d034      	beq.n	1000660a <cdcd_control_xfer_cb+0x9a>
100065a0:	2b21      	cmp	r3, #33	@ 0x21
100065a2:	d1f6      	bne.n	10006592 <cdcd_control_xfer_cb+0x22>
100065a4:	2901      	cmp	r1, #1
100065a6:	d03e      	beq.n	10006626 <cdcd_control_xfer_cb+0xb6>
100065a8:	2001      	movs	r0, #1
100065aa:	e7f2      	b.n	10006592 <cdcd_control_xfer_cb+0x22>
100065ac:	2b23      	cmp	r3, #35	@ 0x23
100065ae:	d1f0      	bne.n	10006592 <cdcd_control_xfer_cb+0x22>
100065b0:	2901      	cmp	r1, #1
100065b2:	d040      	beq.n	10006636 <cdcd_control_xfer_cb+0xc6>
100065b4:	2903      	cmp	r1, #3
100065b6:	d1f7      	bne.n	100065a8 <cdcd_control_xfer_cb+0x38>
100065b8:	4b23      	ldr	r3, [pc, #140]	@ (10006648 <cdcd_control_xfer_cb+0xd8>)
100065ba:	2b00      	cmp	r3, #0
100065bc:	d0f4      	beq.n	100065a8 <cdcd_control_xfer_cb+0x38>
100065be:	78e1      	ldrb	r1, [r4, #3]
100065c0:	78a3      	ldrb	r3, [r4, #2]
100065c2:	0209      	lsls	r1, r1, #8
100065c4:	2000      	movs	r0, #0
100065c6:	4319      	orrs	r1, r3
100065c8:	e000      	b.n	100065cc <cdcd_control_xfer_cb+0x5c>
100065ca:	bf00      	nop
100065cc:	2001      	movs	r0, #1
100065ce:	e7e0      	b.n	10006592 <cdcd_control_xfer_cb+0x22>
100065d0:	2901      	cmp	r1, #1
100065d2:	d030      	beq.n	10006636 <cdcd_control_xfer_cb+0xc6>
100065d4:	2903      	cmp	r1, #3
100065d6:	d1e7      	bne.n	100065a8 <cdcd_control_xfer_cb+0x38>
100065d8:	2501      	movs	r5, #1
100065da:	002e      	movs	r6, r5
100065dc:	78a3      	ldrb	r3, [r4, #2]
100065de:	78e4      	ldrb	r4, [r4, #3]
100065e0:	3902      	subs	r1, #2
100065e2:	0224      	lsls	r4, r4, #8
100065e4:	431c      	orrs	r4, r3
100065e6:	7114      	strb	r4, [r2, #4]
100065e8:	4026      	ands	r6, r4
100065ea:	3224      	adds	r2, #36	@ 0x24
100065ec:	0010      	movs	r0, r2
100065ee:	4071      	eors	r1, r6
100065f0:	f000 fe08 	bl	10007204 <tu_fifo_set_overwritable>
100065f4:	4b15      	ldr	r3, [pc, #84]	@ (1000664c <cdcd_control_xfer_cb+0xdc>)
100065f6:	2b00      	cmp	r3, #0
100065f8:	d0d6      	beq.n	100065a8 <cdcd_control_xfer_cb+0x38>
100065fa:	0862      	lsrs	r2, r4, #1
100065fc:	2000      	movs	r0, #0
100065fe:	0031      	movs	r1, r6
10006600:	402a      	ands	r2, r5
10006602:	e000      	b.n	10006606 <cdcd_control_xfer_cb+0x96>
10006604:	bf00      	nop
10006606:	2001      	movs	r0, #1
10006608:	e7c3      	b.n	10006592 <cdcd_control_xfer_cb+0x22>
1000660a:	2901      	cmp	r1, #1
1000660c:	d00b      	beq.n	10006626 <cdcd_control_xfer_cb+0xb6>
1000660e:	2903      	cmp	r1, #3
10006610:	d1ca      	bne.n	100065a8 <cdcd_control_xfer_cb+0x38>
10006612:	4b0f      	ldr	r3, [pc, #60]	@ (10006650 <cdcd_control_xfer_cb+0xe0>)
10006614:	2b00      	cmp	r3, #0
10006616:	d0c7      	beq.n	100065a8 <cdcd_control_xfer_cb+0x38>
10006618:	3208      	adds	r2, #8
1000661a:	2000      	movs	r0, #0
1000661c:	0011      	movs	r1, r2
1000661e:	f7fe faad 	bl	10004b7c <tud_cdc_line_coding_cb>
10006622:	2001      	movs	r0, #1
10006624:	e7b5      	b.n	10006592 <cdcd_control_xfer_cb+0x22>
10006626:	2307      	movs	r3, #7
10006628:	0021      	movs	r1, r4
1000662a:	0028      	movs	r0, r5
1000662c:	4a09      	ldr	r2, [pc, #36]	@ (10006654 <cdcd_control_xfer_cb+0xe4>)
1000662e:	f7ff fcf1 	bl	10006014 <tud_control_xfer>
10006632:	2001      	movs	r0, #1
10006634:	e7ad      	b.n	10006592 <cdcd_control_xfer_cb+0x22>
10006636:	0021      	movs	r1, r4
10006638:	0028      	movs	r0, r5
1000663a:	f7ff fcd5 	bl	10005fe8 <tud_control_status>
1000663e:	2001      	movs	r0, #1
10006640:	e7a7      	b.n	10006592 <cdcd_control_xfer_cb+0x22>
10006642:	46c0      	nop			@ (mov r8, r8)
10006644:	200014c0 	.word	0x200014c0
	...
10006650:	10004b7d 	.word	0x10004b7d
10006654:	200014c8 	.word	0x200014c8

10006658 <cdcd_xfer_cb>:
10006658:	b5f0      	push	{r4, r5, r6, r7, lr}
1000665a:	464f      	mov	r7, r9
1000665c:	4646      	mov	r6, r8
1000665e:	46d6      	mov	lr, sl
10006660:	b5c0      	push	{r6, r7, lr}
10006662:	4d36      	ldr	r5, [pc, #216]	@ (1000673c <cdcd_xfer_cb+0xe4>)
10006664:	4680      	mov	r8, r0
10006666:	78ea      	ldrb	r2, [r5, #3]
10006668:	000c      	movs	r4, r1
1000666a:	001f      	movs	r7, r3
1000666c:	428a      	cmp	r2, r1
1000666e:	d03c      	beq.n	100066ea <cdcd_xfer_cb+0x92>
10006670:	78ab      	ldrb	r3, [r5, #2]
10006672:	428b      	cmp	r3, r1
10006674:	d010      	beq.n	10006698 <cdcd_xfer_cb+0x40>
10006676:	2000      	movs	r0, #0
10006678:	bce0      	pop	{r5, r6, r7}
1000667a:	46ba      	mov	sl, r7
1000667c:	46b1      	mov	r9, r6
1000667e:	46a8      	mov	r8, r5
10006680:	bdf0      	pop	{r4, r5, r6, r7, pc}
10006682:	4b2f      	ldr	r3, [pc, #188]	@ (10006740 <cdcd_xfer_cb+0xe8>)
10006684:	2b00      	cmp	r3, #0
10006686:	d004      	beq.n	10006692 <cdcd_xfer_cb+0x3a>
10006688:	482e      	ldr	r0, [pc, #184]	@ (10006744 <cdcd_xfer_cb+0xec>)
1000668a:	f000 fbad 	bl	10006de8 <tu_fifo_empty>
1000668e:	2800      	cmp	r0, #0
10006690:	d051      	beq.n	10006736 <cdcd_xfer_cb+0xde>
10006692:	2000      	movs	r0, #0
10006694:	f7ff fda6 	bl	100061e4 <_prep_out_transaction.isra.0>
10006698:	78ab      	ldrb	r3, [r5, #2]
1000669a:	42a3      	cmp	r3, r4
1000669c:	d001      	beq.n	100066a2 <cdcd_xfer_cb+0x4a>
1000669e:	2001      	movs	r0, #1
100066a0:	e7ea      	b.n	10006678 <cdcd_xfer_cb+0x20>
100066a2:	4b29      	ldr	r3, [pc, #164]	@ (10006748 <cdcd_xfer_cb+0xf0>)
100066a4:	2b00      	cmp	r3, #0
100066a6:	d002      	beq.n	100066ae <cdcd_xfer_cb+0x56>
100066a8:	2000      	movs	r0, #0
100066aa:	e000      	b.n	100066ae <cdcd_xfer_cb+0x56>
100066ac:	bf00      	nop
100066ae:	2000      	movs	r0, #0
100066b0:	f7ff fe32 	bl	10006318 <tud_cdc_n_write_flush>
100066b4:	2800      	cmp	r0, #0
100066b6:	d1f2      	bne.n	1000669e <cdcd_xfer_cb+0x46>
100066b8:	4c24      	ldr	r4, [pc, #144]	@ (1000674c <cdcd_xfer_cb+0xf4>)
100066ba:	0020      	movs	r0, r4
100066bc:	f000 fb7e 	bl	10006dbc <tu_fifo_count>
100066c0:	2800      	cmp	r0, #0
100066c2:	d1ec      	bne.n	1000669e <cdcd_xfer_cb+0x46>
100066c4:	2f00      	cmp	r7, #0
100066c6:	d0ea      	beq.n	1000669e <cdcd_xfer_cb+0x46>
100066c8:	06bf      	lsls	r7, r7, #26
100066ca:	d1e8      	bne.n	1000669e <cdcd_xfer_cb+0x46>
100066cc:	3c24      	subs	r4, #36	@ 0x24
100066ce:	4640      	mov	r0, r8
100066d0:	78a1      	ldrb	r1, [r4, #2]
100066d2:	f7ff fc3b 	bl	10005f4c <usbd_edpt_claim>
100066d6:	2800      	cmp	r0, #0
100066d8:	d0e1      	beq.n	1000669e <cdcd_xfer_cb+0x46>
100066da:	2300      	movs	r3, #0
100066dc:	2200      	movs	r2, #0
100066de:	4640      	mov	r0, r8
100066e0:	78a1      	ldrb	r1, [r4, #2]
100066e2:	f7ff fc5b 	bl	10005f9c <usbd_edpt_xfer>
100066e6:	2001      	movs	r0, #1
100066e8:	e7c6      	b.n	10006678 <cdcd_xfer_cb+0x20>
100066ea:	b29a      	uxth	r2, r3
100066ec:	2310      	movs	r3, #16
100066ee:	469a      	mov	sl, r3
100066f0:	4e17      	ldr	r6, [pc, #92]	@ (10006750 <cdcd_xfer_cb+0xf8>)
100066f2:	44aa      	add	sl, r5
100066f4:	0031      	movs	r1, r6
100066f6:	4650      	mov	r0, sl
100066f8:	f000 fca8 	bl	1000704c <tu_fifo_write_n>
100066fc:	4b15      	ldr	r3, [pc, #84]	@ (10006754 <cdcd_xfer_cb+0xfc>)
100066fe:	2b00      	cmp	r3, #0
10006700:	d0bf      	beq.n	10006682 <cdcd_xfer_cb+0x2a>
10006702:	796b      	ldrb	r3, [r5, #5]
10006704:	2bff      	cmp	r3, #255	@ 0xff
10006706:	d0bc      	beq.n	10006682 <cdcd_xfer_cb+0x2a>
10006708:	2f00      	cmp	r7, #0
1000670a:	d0ba      	beq.n	10006682 <cdcd_xfer_cb+0x2a>
1000670c:	19f2      	adds	r2, r6, r7
1000670e:	4691      	mov	r9, r2
10006710:	e003      	b.n	1000671a <cdcd_xfer_cb+0xc2>
10006712:	3601      	adds	r6, #1
10006714:	454e      	cmp	r6, r9
10006716:	d0b4      	beq.n	10006682 <cdcd_xfer_cb+0x2a>
10006718:	796b      	ldrb	r3, [r5, #5]
1000671a:	7832      	ldrb	r2, [r6, #0]
1000671c:	429a      	cmp	r2, r3
1000671e:	d1f8      	bne.n	10006712 <cdcd_xfer_cb+0xba>
10006720:	4650      	mov	r0, sl
10006722:	f000 fb61 	bl	10006de8 <tu_fifo_empty>
10006726:	2800      	cmp	r0, #0
10006728:	d1f3      	bne.n	10006712 <cdcd_xfer_cb+0xba>
1000672a:	4653      	mov	r3, sl
1000672c:	3b10      	subs	r3, #16
1000672e:	7959      	ldrb	r1, [r3, #5]
10006730:	e000      	b.n	10006734 <cdcd_xfer_cb+0xdc>
10006732:	bf00      	nop
10006734:	e7ed      	b.n	10006712 <cdcd_xfer_cb+0xba>
10006736:	e000      	b.n	1000673a <cdcd_xfer_cb+0xe2>
10006738:	bf00      	nop
1000673a:	e7aa      	b.n	10006692 <cdcd_xfer_cb+0x3a>
1000673c:	200014c0 	.word	0x200014c0
10006740:	00000000 	.word	0x00000000
10006744:	200014d0 	.word	0x200014d0
10006748:	00000000 	.word	0x00000000
1000674c:	200014e4 	.word	0x200014e4
10006750:	2000143c 	.word	0x2000143c
10006754:	00000000 	.word	0x00000000

10006758 <vendord_init>:
10006758:	2293      	movs	r2, #147	@ 0x93
1000675a:	b5f0      	push	{r4, r5, r6, r7, lr}
1000675c:	4c13      	ldr	r4, [pc, #76]	@ (100067ac <vendord_init+0x54>)
1000675e:	b085      	sub	sp, #20
10006760:	2100      	movs	r1, #0
10006762:	0020      	movs	r0, r4
10006764:	0092      	lsls	r2, r2, #2
10006766:	f7fc faa9 	bl	10002cbc <__wrap_memset>
1000676a:	0023      	movs	r3, r4
1000676c:	0020      	movs	r0, r4
1000676e:	2680      	movs	r6, #128	@ 0x80
10006770:	2740      	movs	r7, #64	@ 0x40
10006772:	4d0f      	ldr	r5, [pc, #60]	@ (100067b0 <vendord_init+0x58>)
10006774:	334d      	adds	r3, #77	@ 0x4d
10006776:	0076      	lsls	r6, r6, #1
10006778:	33ff      	adds	r3, #255	@ 0xff
1000677a:	3029      	adds	r0, #41	@ 0x29
1000677c:	9502      	str	r5, [sp, #8]
1000677e:	9300      	str	r3, [sp, #0]
10006780:	2200      	movs	r2, #0
10006782:	2300      	movs	r3, #0
10006784:	2100      	movs	r1, #0
10006786:	9703      	str	r7, [sp, #12]
10006788:	9601      	str	r6, [sp, #4]
1000678a:	30ff      	adds	r0, #255	@ 0xff
1000678c:	f000 f9d4 	bl	10006b38 <tu_edpt_stream_init>
10006790:	3540      	adds	r5, #64	@ 0x40
10006792:	1d20      	adds	r0, r4, #4
10006794:	3428      	adds	r4, #40	@ 0x28
10006796:	2300      	movs	r3, #0
10006798:	2201      	movs	r2, #1
1000679a:	2100      	movs	r1, #0
1000679c:	9703      	str	r7, [sp, #12]
1000679e:	9502      	str	r5, [sp, #8]
100067a0:	9601      	str	r6, [sp, #4]
100067a2:	9400      	str	r4, [sp, #0]
100067a4:	f000 f9c8 	bl	10006b38 <tu_edpt_stream_init>
100067a8:	b005      	add	sp, #20
100067aa:	bdf0      	pop	{r4, r5, r6, r7, pc}
100067ac:	20001784 	.word	0x20001784
100067b0:	20001704 	.word	0x20001704

100067b4 <vendord_deinit>:
100067b4:	b510      	push	{r4, lr}
100067b6:	4c05      	ldr	r4, [pc, #20]	@ (100067cc <vendord_deinit+0x18>)
100067b8:	0020      	movs	r0, r4
100067ba:	f000 f9f3 	bl	10006ba4 <tu_edpt_stream_deinit>
100067be:	0020      	movs	r0, r4
100067c0:	3825      	subs	r0, #37	@ 0x25
100067c2:	38ff      	subs	r0, #255	@ 0xff
100067c4:	f000 f9ee 	bl	10006ba4 <tu_edpt_stream_deinit>
100067c8:	2001      	movs	r0, #1
100067ca:	bd10      	pop	{r4, pc}
100067cc:	200018ac 	.word	0x200018ac

100067d0 <vendord_reset>:
100067d0:	b570      	push	{r4, r5, r6, lr}
100067d2:	4c08      	ldr	r4, [pc, #32]	@ (100067f4 <vendord_reset+0x24>)
100067d4:	2500      	movs	r5, #0
100067d6:	0020      	movs	r0, r4
100067d8:	3031      	adds	r0, #49	@ 0x31
100067da:	30ff      	adds	r0, #255	@ 0xff
100067dc:	7025      	strb	r5, [r4, #0]
100067de:	f000 fcf1 	bl	100071c4 <tu_fifo_clear>
100067e2:	0020      	movs	r0, r4
100067e4:	300c      	adds	r0, #12
100067e6:	f000 fced 	bl	100071c4 <tu_fifo_clear>
100067ea:	232a      	movs	r3, #42	@ 0x2a
100067ec:	33ff      	adds	r3, #255	@ 0xff
100067ee:	54e5      	strb	r5, [r4, r3]
100067f0:	7165      	strb	r5, [r4, #5]
100067f2:	bd70      	pop	{r4, r5, r6, pc}
100067f4:	20001784 	.word	0x20001784

100067f8 <vendord_open>:
100067f8:	b5f8      	push	{r3, r4, r5, r6, r7, lr}
100067fa:	4657      	mov	r7, sl
100067fc:	4645      	mov	r5, r8
100067fe:	46de      	mov	lr, fp
10006800:	464e      	mov	r6, r9
10006802:	b5e0      	push	{r5, r6, r7, lr}
10006804:	794b      	ldrb	r3, [r1, #5]
10006806:	4680      	mov	r8, r0
10006808:	000f      	movs	r7, r1
1000680a:	2bff      	cmp	r3, #255	@ 0xff
1000680c:	d15b      	bne.n	100068c6 <vendord_open+0xce>
1000680e:	4b40      	ldr	r3, [pc, #256]	@ (10006910 <vendord_open+0x118>)
10006810:	4699      	mov	r9, r3
10006812:	232a      	movs	r3, #42	@ 0x2a
10006814:	4649      	mov	r1, r9
10006816:	33ff      	adds	r3, #255	@ 0xff
10006818:	5ccb      	ldrb	r3, [r1, r3]
1000681a:	2b00      	cmp	r3, #0
1000681c:	d153      	bne.n	100068c6 <vendord_open+0xce>
1000681e:	794e      	ldrb	r6, [r1, #5]
10006820:	2e00      	cmp	r6, #0
10006822:	d150      	bne.n	100068c6 <vendord_open+0xce>
10006824:	78bb      	ldrb	r3, [r7, #2]
10006826:	783c      	ldrb	r4, [r7, #0]
10006828:	700b      	strb	r3, [r1, #0]
1000682a:	793b      	ldrb	r3, [r7, #4]
1000682c:	193c      	adds	r4, r7, r4
1000682e:	2b00      	cmp	r3, #0
10006830:	d046      	beq.n	100068c0 <vendord_open+0xc8>
10006832:	2398      	movs	r3, #152	@ 0x98
10006834:	005b      	lsls	r3, r3, #1
10006836:	444b      	add	r3, r9
10006838:	469a      	mov	sl, r3
1000683a:	230c      	movs	r3, #12
1000683c:	444b      	add	r3, r9
1000683e:	469b      	mov	fp, r3
10006840:	18a5      	adds	r5, r4, r2
10006842:	e003      	b.n	1000684c <vendord_open+0x54>
10006844:	42ac      	cmp	r4, r5
10006846:	d23b      	bcs.n	100068c0 <vendord_open+0xc8>
10006848:	7823      	ldrb	r3, [r4, #0]
1000684a:	18e4      	adds	r4, r4, r3
1000684c:	7863      	ldrb	r3, [r4, #1]
1000684e:	2b05      	cmp	r3, #5
10006850:	d1f8      	bne.n	10006844 <vendord_open+0x4c>
10006852:	42ac      	cmp	r4, r5
10006854:	d234      	bcs.n	100068c0 <vendord_open+0xc8>
10006856:	0021      	movs	r1, r4
10006858:	4640      	mov	r0, r8
1000685a:	f7ff fb5d 	bl	10005f18 <usbd_edpt_open>
1000685e:	2800      	cmp	r0, #0
10006860:	d031      	beq.n	100068c6 <vendord_open+0xce>
10006862:	78a3      	ldrb	r3, [r4, #2]
10006864:	3601      	adds	r6, #1
10006866:	b2f6      	uxtb	r6, r6
10006868:	09db      	lsrs	r3, r3, #7
1000686a:	2b01      	cmp	r3, #1
1000686c:	d032      	beq.n	100068d4 <vendord_open+0xdc>
1000686e:	4650      	mov	r0, sl
10006870:	f000 fca8 	bl	100071c4 <tu_fifo_clear>
10006874:	232a      	movs	r3, #42	@ 0x2a
10006876:	4649      	mov	r1, r9
10006878:	78a2      	ldrb	r2, [r4, #2]
1000687a:	33ff      	adds	r3, #255	@ 0xff
1000687c:	54ca      	strb	r2, [r1, r3]
1000687e:	7963      	ldrb	r3, [r4, #5]
10006880:	7922      	ldrb	r2, [r4, #4]
10006882:	021b      	lsls	r3, r3, #8
10006884:	4313      	orrs	r3, r2
10006886:	4a23      	ldr	r2, [pc, #140]	@ (10006914 <vendord_open+0x11c>)
10006888:	055b      	lsls	r3, r3, #21
1000688a:	4694      	mov	ip, r2
1000688c:	0d5b      	lsrs	r3, r3, #21
1000688e:	2194      	movs	r1, #148	@ 0x94
10006890:	4463      	add	r3, ip
10006892:	425a      	negs	r2, r3
10006894:	4153      	adcs	r3, r2
10006896:	464a      	mov	r2, r9
10006898:	2002      	movs	r0, #2
1000689a:	0049      	lsls	r1, r1, #1
1000689c:	5c52      	ldrb	r2, [r2, r1]
1000689e:	005b      	lsls	r3, r3, #1
100068a0:	4382      	bics	r2, r0
100068a2:	4313      	orrs	r3, r2
100068a4:	464a      	mov	r2, r9
100068a6:	5453      	strb	r3, [r2, r1]
100068a8:	4651      	mov	r1, sl
100068aa:	4640      	mov	r0, r8
100068ac:	3908      	subs	r1, #8
100068ae:	f000 f9e3 	bl	10006c78 <tu_edpt_stream_read_xfer>
100068b2:	2800      	cmp	r0, #0
100068b4:	d007      	beq.n	100068c6 <vendord_open+0xce>
100068b6:	7823      	ldrb	r3, [r4, #0]
100068b8:	18e4      	adds	r4, r4, r3
100068ba:	793b      	ldrb	r3, [r7, #4]
100068bc:	42b3      	cmp	r3, r6
100068be:	d8c5      	bhi.n	1000684c <vendord_open+0x54>
100068c0:	1be0      	subs	r0, r4, r7
100068c2:	b280      	uxth	r0, r0
100068c4:	e000      	b.n	100068c8 <vendord_open+0xd0>
100068c6:	2000      	movs	r0, #0
100068c8:	bcf0      	pop	{r4, r5, r6, r7}
100068ca:	46bb      	mov	fp, r7
100068cc:	46b2      	mov	sl, r6
100068ce:	46a9      	mov	r9, r5
100068d0:	46a0      	mov	r8, r4
100068d2:	bdf8      	pop	{r3, r4, r5, r6, r7, pc}
100068d4:	4658      	mov	r0, fp
100068d6:	f000 fc75 	bl	100071c4 <tu_fifo_clear>
100068da:	465a      	mov	r2, fp
100068dc:	78a3      	ldrb	r3, [r4, #2]
100068de:	3a0c      	subs	r2, #12
100068e0:	7153      	strb	r3, [r2, #5]
100068e2:	7963      	ldrb	r3, [r4, #5]
100068e4:	7921      	ldrb	r1, [r4, #4]
100068e6:	021b      	lsls	r3, r3, #8
100068e8:	430b      	orrs	r3, r1
100068ea:	490a      	ldr	r1, [pc, #40]	@ (10006914 <vendord_open+0x11c>)
100068ec:	055b      	lsls	r3, r3, #21
100068ee:	468c      	mov	ip, r1
100068f0:	0d5b      	lsrs	r3, r3, #21
100068f2:	4463      	add	r3, ip
100068f4:	4259      	negs	r1, r3
100068f6:	414b      	adcs	r3, r1
100068f8:	2002      	movs	r0, #2
100068fa:	7911      	ldrb	r1, [r2, #4]
100068fc:	005b      	lsls	r3, r3, #1
100068fe:	4381      	bics	r1, r0
10006900:	430b      	orrs	r3, r1
10006902:	4659      	mov	r1, fp
10006904:	2000      	movs	r0, #0
10006906:	3908      	subs	r1, #8
10006908:	7113      	strb	r3, [r2, #4]
1000690a:	f000 f981 	bl	10006c10 <tu_edpt_stream_write_xfer>
1000690e:	e7d2      	b.n	100068b6 <vendord_open+0xbe>
10006910:	20001784 	.word	0x20001784
10006914:	fffffe00 	.word	0xfffffe00

10006918 <vendord_xfer_cb>:
10006918:	b5f8      	push	{r3, r4, r5, r6, r7, lr}
1000691a:	252a      	movs	r5, #42	@ 0x2a
1000691c:	0006      	movs	r6, r0
1000691e:	481f      	ldr	r0, [pc, #124]	@ (1000699c <vendord_xfer_cb+0x84>)
10006920:	35ff      	adds	r5, #255	@ 0xff
10006922:	5d45      	ldrb	r5, [r0, r5]
10006924:	001f      	movs	r7, r3
10006926:	428d      	cmp	r5, r1
10006928:	d015      	beq.n	10006956 <vendord_xfer_cb+0x3e>
1000692a:	7943      	ldrb	r3, [r0, #5]
1000692c:	428b      	cmp	r3, r1
1000692e:	d001      	beq.n	10006934 <vendord_xfer_cb+0x1c>
10006930:	2000      	movs	r0, #0
10006932:	bdf8      	pop	{r3, r4, r5, r6, r7, pc}
10006934:	4b1a      	ldr	r3, [pc, #104]	@ (100069a0 <vendord_xfer_cb+0x88>)
10006936:	2b00      	cmp	r3, #0
10006938:	d004      	beq.n	10006944 <vendord_xfer_cb+0x2c>
1000693a:	0439      	lsls	r1, r7, #16
1000693c:	2000      	movs	r0, #0
1000693e:	0c09      	lsrs	r1, r1, #16
10006940:	e000      	b.n	10006944 <vendord_xfer_cb+0x2c>
10006942:	bf00      	nop
10006944:	4c17      	ldr	r4, [pc, #92]	@ (100069a4 <vendord_xfer_cb+0x8c>)
10006946:	0030      	movs	r0, r6
10006948:	0021      	movs	r1, r4
1000694a:	f000 f961 	bl	10006c10 <tu_edpt_stream_write_xfer>
1000694e:	2800      	cmp	r0, #0
10006950:	d01d      	beq.n	1000698e <vendord_xfer_cb+0x76>
10006952:	2001      	movs	r0, #1
10006954:	e7ed      	b.n	10006932 <vendord_xfer_cb+0x1a>
10006956:	239a      	movs	r3, #154	@ 0x9a
10006958:	005b      	lsls	r3, r3, #1
1000695a:	5ac3      	ldrh	r3, [r0, r3]
1000695c:	2b00      	cmp	r3, #0
1000695e:	d10d      	bne.n	1000697c <vendord_xfer_cb+0x64>
10006960:	4b11      	ldr	r3, [pc, #68]	@ (100069a8 <vendord_xfer_cb+0x90>)
10006962:	2b00      	cmp	r3, #0
10006964:	d004      	beq.n	10006970 <vendord_xfer_cb+0x58>
10006966:	2000      	movs	r0, #0
10006968:	4910      	ldr	r1, [pc, #64]	@ (100069ac <vendord_xfer_cb+0x94>)
1000696a:	b2ba      	uxth	r2, r7
1000696c:	e000      	b.n	10006970 <vendord_xfer_cb+0x58>
1000696e:	bf00      	nop
10006970:	0030      	movs	r0, r6
10006972:	490f      	ldr	r1, [pc, #60]	@ (100069b0 <vendord_xfer_cb+0x98>)
10006974:	f000 f980 	bl	10006c78 <tu_edpt_stream_read_xfer>
10006978:	2001      	movs	r0, #1
1000697a:	e7da      	b.n	10006932 <vendord_xfer_cb+0x1a>
1000697c:	2396      	movs	r3, #150	@ 0x96
1000697e:	005b      	lsls	r3, r3, #1
10006980:	58c1      	ldr	r1, [r0, r3]
10006982:	3031      	adds	r0, #49	@ 0x31
10006984:	b2ba      	uxth	r2, r7
10006986:	30ff      	adds	r0, #255	@ 0xff
10006988:	f000 fb60 	bl	1000704c <tu_fifo_write_n>
1000698c:	e7e8      	b.n	10006960 <vendord_xfer_cb+0x48>
1000698e:	003a      	movs	r2, r7
10006990:	0021      	movs	r1, r4
10006992:	0030      	movs	r0, r6
10006994:	f000 f908 	bl	10006ba8 <tu_edpt_stream_write_zlp_if_needed>
10006998:	2001      	movs	r0, #1
1000699a:	e7ca      	b.n	10006932 <vendord_xfer_cb+0x1a>
1000699c:	20001784 	.word	0x20001784
100069a0:	00000000 	.word	0x00000000
100069a4:	20001788 	.word	0x20001788
100069a8:	00000000 	.word	0x00000000
100069ac:	20001704 	.word	0x20001704
100069b0:	200018ac 	.word	0x200018ac

100069b4 <tusb_rhport_init>:
100069b4:	b500      	push	{lr}
100069b6:	0003      	movs	r3, r0
100069b8:	b083      	sub	sp, #12
100069ba:	2900      	cmp	r1, #0
100069bc:	d010      	beq.n	100069e0 <tusb_rhport_init+0x2c>
100069be:	2000      	movs	r0, #0
100069c0:	2b01      	cmp	r3, #1
100069c2:	d807      	bhi.n	100069d4 <tusb_rhport_init+0x20>
100069c4:	780a      	ldrb	r2, [r1, #0]
100069c6:	2a00      	cmp	r2, #0
100069c8:	d004      	beq.n	100069d4 <tusb_rhport_init+0x20>
100069ca:	480c      	ldr	r0, [pc, #48]	@ (100069fc <tusb_rhport_init+0x48>)
100069cc:	54c2      	strb	r2, [r0, r3]
100069ce:	2001      	movs	r0, #1
100069d0:	2a01      	cmp	r2, #1
100069d2:	d001      	beq.n	100069d8 <tusb_rhport_init+0x24>
100069d4:	b003      	add	sp, #12
100069d6:	bd00      	pop	{pc}
100069d8:	0018      	movs	r0, r3
100069da:	f7fe fdd5 	bl	10005588 <tud_rhport_init>
100069de:	e7f9      	b.n	100069d4 <tusb_rhport_init+0x20>
100069e0:	2301      	movs	r3, #1
100069e2:	466a      	mov	r2, sp
100069e4:	2000      	movs	r0, #0
100069e6:	a901      	add	r1, sp, #4
100069e8:	8093      	strh	r3, [r2, #4]
100069ea:	f7fe fdcd 	bl	10005588 <tud_rhport_init>
100069ee:	2800      	cmp	r0, #0
100069f0:	d0f0      	beq.n	100069d4 <tusb_rhport_init+0x20>
100069f2:	2201      	movs	r2, #1
100069f4:	4b01      	ldr	r3, [pc, #4]	@ (100069fc <tusb_rhport_init+0x48>)
100069f6:	701a      	strb	r2, [r3, #0]
100069f8:	e7ec      	b.n	100069d4 <tusb_rhport_init+0x20>
100069fa:	46c0      	nop			@ (mov r8, r8)
100069fc:	200015dc 	.word	0x200015dc

10006a00 <tu_edpt_claim>:
10006a00:	7803      	ldrb	r3, [r0, #0]
10006a02:	b570      	push	{r4, r5, r6, lr}
10006a04:	07db      	lsls	r3, r3, #31
10006a06:	0004      	movs	r4, r0
10006a08:	000e      	movs	r6, r1
10006a0a:	0fdd      	lsrs	r5, r3, #31
10006a0c:	2b00      	cmp	r3, #0
10006a0e:	d117      	bne.n	10006a40 <tu_edpt_claim+0x40>
10006a10:	7803      	ldrb	r3, [r0, #0]
10006a12:	075b      	lsls	r3, r3, #29
10006a14:	d501      	bpl.n	10006a1a <tu_edpt_claim+0x1a>
10006a16:	0028      	movs	r0, r5
10006a18:	bd70      	pop	{r4, r5, r6, pc}
10006a1a:	2101      	movs	r1, #1
10006a1c:	0030      	movs	r0, r6
10006a1e:	4249      	negs	r1, r1
10006a20:	f000 fc76 	bl	10007310 <__mutex_enter_timeout_ms_veneer>
10006a24:	7823      	ldrb	r3, [r4, #0]
10006a26:	07db      	lsls	r3, r3, #31
10006a28:	0fdd      	lsrs	r5, r3, #31
10006a2a:	2b00      	cmp	r3, #0
10006a2c:	d10a      	bne.n	10006a44 <tu_edpt_claim+0x44>
10006a2e:	7823      	ldrb	r3, [r4, #0]
10006a30:	075b      	lsls	r3, r3, #29
10006a32:	d408      	bmi.n	10006a46 <tu_edpt_claim+0x46>
10006a34:	2204      	movs	r2, #4
10006a36:	7823      	ldrb	r3, [r4, #0]
10006a38:	2501      	movs	r5, #1
10006a3a:	4313      	orrs	r3, r2
10006a3c:	7023      	strb	r3, [r4, #0]
10006a3e:	e002      	b.n	10006a46 <tu_edpt_claim+0x46>
10006a40:	2500      	movs	r5, #0
10006a42:	e7e8      	b.n	10006a16 <tu_edpt_claim+0x16>
10006a44:	2500      	movs	r5, #0
10006a46:	0030      	movs	r0, r6
10006a48:	f000 fc42 	bl	100072d0 <__mutex_exit_veneer>
10006a4c:	e7e3      	b.n	10006a16 <tu_edpt_claim+0x16>
10006a4e:	46c0      	nop			@ (mov r8, r8)

10006a50 <tu_edpt_release>:
10006a50:	b570      	push	{r4, r5, r6, lr}
10006a52:	000c      	movs	r4, r1
10006a54:	2101      	movs	r1, #1
10006a56:	0006      	movs	r6, r0
10006a58:	4249      	negs	r1, r1
10006a5a:	0020      	movs	r0, r4
10006a5c:	f000 fc58 	bl	10007310 <__mutex_enter_timeout_ms_veneer>
10006a60:	7833      	ldrb	r3, [r6, #0]
10006a62:	075b      	lsls	r3, r3, #29
10006a64:	0fdd      	lsrs	r5, r3, #31
10006a66:	2b00      	cmp	r3, #0
10006a68:	db04      	blt.n	10006a74 <tu_edpt_release+0x24>
10006a6a:	0020      	movs	r0, r4
10006a6c:	f000 fc30 	bl	100072d0 <__mutex_exit_veneer>
10006a70:	0028      	movs	r0, r5
10006a72:	bd70      	pop	{r4, r5, r6, pc}
10006a74:	7833      	ldrb	r3, [r6, #0]
10006a76:	07db      	lsls	r3, r3, #31
10006a78:	d404      	bmi.n	10006a84 <tu_edpt_release+0x34>
10006a7a:	2204      	movs	r2, #4
10006a7c:	7833      	ldrb	r3, [r6, #0]
10006a7e:	4393      	bics	r3, r2
10006a80:	7033      	strb	r3, [r6, #0]
10006a82:	e7f2      	b.n	10006a6a <tu_edpt_release+0x1a>
10006a84:	2500      	movs	r5, #0
10006a86:	e7f0      	b.n	10006a6a <tu_edpt_release+0x1a>

10006a88 <tu_edpt_validate>:
10006a88:	7943      	ldrb	r3, [r0, #5]
10006a8a:	7902      	ldrb	r2, [r0, #4]
10006a8c:	021b      	lsls	r3, r3, #8
10006a8e:	4313      	orrs	r3, r2
10006a90:	78c2      	ldrb	r2, [r0, #3]
10006a92:	055b      	lsls	r3, r3, #21
10006a94:	0792      	lsls	r2, r2, #30
10006a96:	0d5b      	lsrs	r3, r3, #21
10006a98:	0f92      	lsrs	r2, r2, #30
10006a9a:	2a02      	cmp	r2, #2
10006a9c:	d01d      	beq.n	10006ada <tu_edpt_validate+0x52>
10006a9e:	2a03      	cmp	r2, #3
10006aa0:	d00c      	beq.n	10006abc <tu_edpt_validate+0x34>
10006aa2:	2000      	movs	r0, #0
10006aa4:	2a01      	cmp	r2, #1
10006aa6:	d108      	bne.n	10006aba <tu_edpt_validate+0x32>
10006aa8:	3902      	subs	r1, #2
10006aaa:	424a      	negs	r2, r1
10006aac:	4151      	adcs	r1, r2
10006aae:	4a12      	ldr	r2, [pc, #72]	@ (10006af8 <tu_edpt_validate+0x70>)
10006ab0:	4694      	mov	ip, r2
10006ab2:	4461      	add	r1, ip
10006ab4:	4299      	cmp	r1, r3
10006ab6:	4140      	adcs	r0, r0
10006ab8:	b2c0      	uxtb	r0, r0
10006aba:	4770      	bx	lr
10006abc:	3902      	subs	r1, #2
10006abe:	1e4a      	subs	r2, r1, #1
10006ac0:	4191      	sbcs	r1, r2
10006ac2:	4a0e      	ldr	r2, [pc, #56]	@ (10006afc <tu_edpt_validate+0x74>)
10006ac4:	4249      	negs	r1, r1
10006ac6:	4011      	ands	r1, r2
10006ac8:	2280      	movs	r2, #128	@ 0x80
10006aca:	00d2      	lsls	r2, r2, #3
10006acc:	4694      	mov	ip, r2
10006ace:	2000      	movs	r0, #0
10006ad0:	4461      	add	r1, ip
10006ad2:	4299      	cmp	r1, r3
10006ad4:	4140      	adcs	r0, r0
10006ad6:	b2c0      	uxtb	r0, r0
10006ad8:	e7ef      	b.n	10006aba <tu_edpt_validate+0x32>
10006ada:	2902      	cmp	r1, #2
10006adc:	d005      	beq.n	10006aea <tu_edpt_validate+0x62>
10006ade:	2000      	movs	r0, #0
10006ae0:	2240      	movs	r2, #64	@ 0x40
10006ae2:	429a      	cmp	r2, r3
10006ae4:	4140      	adcs	r0, r0
10006ae6:	b2c0      	uxtb	r0, r0
10006ae8:	e7e7      	b.n	10006aba <tu_edpt_validate+0x32>
10006aea:	4a05      	ldr	r2, [pc, #20]	@ (10006b00 <tu_edpt_validate+0x78>)
10006aec:	1898      	adds	r0, r3, r2
10006aee:	4243      	negs	r3, r0
10006af0:	4158      	adcs	r0, r3
10006af2:	b2c0      	uxtb	r0, r0
10006af4:	e7e1      	b.n	10006aba <tu_edpt_validate+0x32>
10006af6:	46c0      	nop			@ (mov r8, r8)
10006af8:	000003ff 	.word	0x000003ff
10006afc:	fffffc40 	.word	0xfffffc40
10006b00:	fffffe00 	.word	0xfffffe00

10006b04 <tu_edpt_bind_driver>:
10006b04:	188a      	adds	r2, r1, r2
10006b06:	b570      	push	{r4, r5, r6, lr}
10006b08:	4291      	cmp	r1, r2
10006b0a:	d207      	bcs.n	10006b1c <tu_edpt_bind_driver+0x18>
10006b0c:	267f      	movs	r6, #127	@ 0x7f
10006b0e:	784c      	ldrb	r4, [r1, #1]
10006b10:	2c05      	cmp	r4, #5
10006b12:	d004      	beq.n	10006b1e <tu_edpt_bind_driver+0x1a>
10006b14:	780c      	ldrb	r4, [r1, #0]
10006b16:	1909      	adds	r1, r1, r4
10006b18:	428a      	cmp	r2, r1
10006b1a:	d8f8      	bhi.n	10006b0e <tu_edpt_bind_driver+0xa>
10006b1c:	bd70      	pop	{r4, r5, r6, pc}
10006b1e:	0034      	movs	r4, r6
10006b20:	788d      	ldrb	r5, [r1, #2]
10006b22:	402c      	ands	r4, r5
10006b24:	0064      	lsls	r4, r4, #1
10006b26:	1904      	adds	r4, r0, r4
10006b28:	09ed      	lsrs	r5, r5, #7
10006b2a:	5563      	strb	r3, [r4, r5]
10006b2c:	780c      	ldrb	r4, [r1, #0]
10006b2e:	1909      	adds	r1, r1, r4
10006b30:	428a      	cmp	r2, r1
10006b32:	d8ec      	bhi.n	10006b0e <tu_edpt_bind_driver+0xa>
10006b34:	e7f2      	b.n	10006b1c <tu_edpt_bind_driver+0x18>
10006b36:	46c0      	nop			@ (mov r8, r8)

10006b38 <tu_edpt_stream_init>:
10006b38:	b5f0      	push	{r4, r5, r6, r7, lr}
10006b3a:	46c6      	mov	lr, r8
10006b3c:	b500      	push	{lr}
10006b3e:	b082      	sub	sp, #8
10006b40:	0015      	movs	r5, r2
10006b42:	aa08      	add	r2, sp, #32
10006b44:	ca40      	ldmia	r2!, {r6}
10006b46:	0004      	movs	r4, r0
10006b48:	8817      	ldrh	r7, [r2, #0]
10006b4a:	466a      	mov	r2, sp
10006b4c:	8d92      	ldrh	r2, [r2, #44]	@ 0x2c
10006b4e:	2001      	movs	r0, #1
10006b50:	4690      	mov	r8, r2
10006b52:	000a      	movs	r2, r1
10006b54:	7821      	ldrb	r1, [r4, #0]
10006b56:	4002      	ands	r2, r0
10006b58:	4381      	bics	r1, r0
10006b5a:	0020      	movs	r0, r4
10006b5c:	4311      	orrs	r1, r2
10006b5e:	7021      	strb	r1, [r4, #0]
10006b60:	003a      	movs	r2, r7
10006b62:	9300      	str	r3, [sp, #0]
10006b64:	0031      	movs	r1, r6
10006b66:	2301      	movs	r3, #1
10006b68:	3008      	adds	r0, #8
10006b6a:	f000 f8f1 	bl	10006d50 <tu_fifo_config>
10006b6e:	2e00      	cmp	r6, #0
10006b70:	d001      	beq.n	10006b76 <tu_edpt_stream_init+0x3e>
10006b72:	2f00      	cmp	r7, #0
10006b74:	d108      	bne.n	10006b88 <tu_edpt_stream_init+0x50>
10006b76:	9b0a      	ldr	r3, [sp, #40]	@ 0x28
10006b78:	2001      	movs	r0, #1
10006b7a:	6063      	str	r3, [r4, #4]
10006b7c:	4643      	mov	r3, r8
10006b7e:	8063      	strh	r3, [r4, #2]
10006b80:	b002      	add	sp, #8
10006b82:	bc80      	pop	{r7}
10006b84:	46b8      	mov	r8, r7
10006b86:	bdf0      	pop	{r4, r5, r6, r7, pc}
10006b88:	0026      	movs	r6, r4
10006b8a:	361c      	adds	r6, #28
10006b8c:	0030      	movs	r0, r6
10006b8e:	f7fa f9bb 	bl	10000f08 <mutex_init>
10006b92:	2300      	movs	r3, #0
10006b94:	2d00      	cmp	r5, #0
10006b96:	d001      	beq.n	10006b9c <tu_edpt_stream_init+0x64>
10006b98:	0033      	movs	r3, r6
10006b9a:	2600      	movs	r6, #0
10006b9c:	6163      	str	r3, [r4, #20]
10006b9e:	61a6      	str	r6, [r4, #24]
10006ba0:	e7e9      	b.n	10006b76 <tu_edpt_stream_init+0x3e>
10006ba2:	46c0      	nop			@ (mov r8, r8)

10006ba4 <tu_edpt_stream_deinit>:
10006ba4:	2001      	movs	r0, #1
10006ba6:	4770      	bx	lr

10006ba8 <tu_edpt_stream_write_zlp_if_needed>:
10006ba8:	b5f8      	push	{r3, r4, r5, r6, r7, lr}
10006baa:	2402      	movs	r4, #2
10006bac:	780b      	ldrb	r3, [r1, #0]
10006bae:	0007      	movs	r7, r0
10006bb0:	401c      	ands	r4, r3
10006bb2:	4263      	negs	r3, r4
10006bb4:	415c      	adcs	r4, r3
10006bb6:	4b14      	ldr	r3, [pc, #80]	@ (10006c08 <tu_edpt_stream_write_zlp_if_needed+0x60>)
10006bb8:	4264      	negs	r4, r4
10006bba:	401c      	ands	r4, r3
10006bbc:	4b13      	ldr	r3, [pc, #76]	@ (10006c0c <tu_edpt_stream_write_zlp_if_needed+0x64>)
10006bbe:	0008      	movs	r0, r1
10006bc0:	469c      	mov	ip, r3
10006bc2:	3008      	adds	r0, #8
10006bc4:	000d      	movs	r5, r1
10006bc6:	0016      	movs	r6, r2
10006bc8:	4464      	add	r4, ip
10006bca:	f000 f8f7 	bl	10006dbc <tu_fifo_count>
10006bce:	2800      	cmp	r0, #0
10006bd0:	d107      	bne.n	10006be2 <tu_edpt_stream_write_zlp_if_needed+0x3a>
10006bd2:	2e00      	cmp	r6, #0
10006bd4:	d005      	beq.n	10006be2 <tu_edpt_stream_write_zlp_if_needed+0x3a>
10006bd6:	4234      	tst	r4, r6
10006bd8:	d103      	bne.n	10006be2 <tu_edpt_stream_write_zlp_if_needed+0x3a>
10006bda:	2401      	movs	r4, #1
10006bdc:	782b      	ldrb	r3, [r5, #0]
10006bde:	421c      	tst	r4, r3
10006be0:	d001      	beq.n	10006be6 <tu_edpt_stream_write_zlp_if_needed+0x3e>
10006be2:	2000      	movs	r0, #0
10006be4:	bdf8      	pop	{r3, r4, r5, r6, r7, pc}
10006be6:	0038      	movs	r0, r7
10006be8:	7869      	ldrb	r1, [r5, #1]
10006bea:	f7ff f9af 	bl	10005f4c <usbd_edpt_claim>
10006bee:	2800      	cmp	r0, #0
10006bf0:	d0f7      	beq.n	10006be2 <tu_edpt_stream_write_zlp_if_needed+0x3a>
10006bf2:	782b      	ldrb	r3, [r5, #0]
10006bf4:	421c      	tst	r4, r3
10006bf6:	d1f4      	bne.n	10006be2 <tu_edpt_stream_write_zlp_if_needed+0x3a>
10006bf8:	2300      	movs	r3, #0
10006bfa:	2200      	movs	r2, #0
10006bfc:	0038      	movs	r0, r7
10006bfe:	7869      	ldrb	r1, [r5, #1]
10006c00:	f7ff f9cc 	bl	10005f9c <usbd_edpt_xfer>
10006c04:	e7ee      	b.n	10006be4 <tu_edpt_stream_write_zlp_if_needed+0x3c>
10006c06:	46c0      	nop			@ (mov r8, r8)
10006c08:	fffffe40 	.word	0xfffffe40
10006c0c:	000001ff 	.word	0x000001ff

10006c10 <tu_edpt_stream_write_xfer>:
10006c10:	b5f8      	push	{r3, r4, r5, r6, r7, lr}
10006c12:	000d      	movs	r5, r1
10006c14:	3508      	adds	r5, #8
10006c16:	0006      	movs	r6, r0
10006c18:	0028      	movs	r0, r5
10006c1a:	000c      	movs	r4, r1
10006c1c:	f000 f8ce 	bl	10006dbc <tu_fifo_count>
10006c20:	2800      	cmp	r0, #0
10006c22:	d003      	beq.n	10006c2c <tu_edpt_stream_write_xfer+0x1c>
10006c24:	2701      	movs	r7, #1
10006c26:	7823      	ldrb	r3, [r4, #0]
10006c28:	421f      	tst	r7, r3
10006c2a:	d001      	beq.n	10006c30 <tu_edpt_stream_write_xfer+0x20>
10006c2c:	2000      	movs	r0, #0
10006c2e:	bdf8      	pop	{r3, r4, r5, r6, r7, pc}
10006c30:	0030      	movs	r0, r6
10006c32:	7861      	ldrb	r1, [r4, #1]
10006c34:	f7ff f98a 	bl	10005f4c <usbd_edpt_claim>
10006c38:	2800      	cmp	r0, #0
10006c3a:	d0f7      	beq.n	10006c2c <tu_edpt_stream_write_xfer+0x1c>
10006c3c:	0028      	movs	r0, r5
10006c3e:	8862      	ldrh	r2, [r4, #2]
10006c40:	6861      	ldr	r1, [r4, #4]
10006c42:	f000 f93d 	bl	10006ec0 <tu_fifo_read_n>
10006c46:	7823      	ldrb	r3, [r4, #0]
10006c48:	0005      	movs	r5, r0
10006c4a:	401f      	ands	r7, r3
10006c4c:	2800      	cmp	r0, #0
10006c4e:	d00b      	beq.n	10006c68 <tu_edpt_stream_write_xfer+0x58>
10006c50:	2f00      	cmp	r7, #0
10006c52:	d1eb      	bne.n	10006c2c <tu_edpt_stream_write_xfer+0x1c>
10006c54:	0003      	movs	r3, r0
10006c56:	6862      	ldr	r2, [r4, #4]
10006c58:	0030      	movs	r0, r6
10006c5a:	7861      	ldrb	r1, [r4, #1]
10006c5c:	f7ff f99e 	bl	10005f9c <usbd_edpt_xfer>
10006c60:	2800      	cmp	r0, #0
10006c62:	d0e3      	beq.n	10006c2c <tu_edpt_stream_write_xfer+0x1c>
10006c64:	0028      	movs	r0, r5
10006c66:	e7e2      	b.n	10006c2e <tu_edpt_stream_write_xfer+0x1e>
10006c68:	2f00      	cmp	r7, #0
10006c6a:	d1df      	bne.n	10006c2c <tu_edpt_stream_write_xfer+0x1c>
10006c6c:	0030      	movs	r0, r6
10006c6e:	7861      	ldrb	r1, [r4, #1]
10006c70:	f7ff f980 	bl	10005f74 <usbd_edpt_release>
10006c74:	e7da      	b.n	10006c2c <tu_edpt_stream_write_xfer+0x1c>
10006c76:	46c0      	nop			@ (mov r8, r8)

10006c78 <tu_edpt_stream_read_xfer>:
10006c78:	b5f8      	push	{r3, r4, r5, r6, r7, lr}
10006c7a:	46ce      	mov	lr, r9
10006c7c:	4647      	mov	r7, r8
10006c7e:	b580      	push	{r7, lr}
10006c80:	898a      	ldrh	r2, [r1, #12]
10006c82:	0006      	movs	r6, r0
10006c84:	000c      	movs	r4, r1
10006c86:	780b      	ldrb	r3, [r1, #0]
10006c88:	2a00      	cmp	r2, #0
10006c8a:	d107      	bne.n	10006c9c <tu_edpt_stream_read_xfer+0x24>
10006c8c:	2501      	movs	r5, #1
10006c8e:	421d      	tst	r5, r3
10006c90:	d040      	beq.n	10006d14 <tu_edpt_stream_read_xfer+0x9c>
10006c92:	2000      	movs	r0, #0
10006c94:	bcc0      	pop	{r6, r7}
10006c96:	46b9      	mov	r9, r7
10006c98:	46b0      	mov	r8, r6
10006c9a:	bdf8      	pop	{r3, r4, r5, r6, r7, pc}
10006c9c:	079b      	lsls	r3, r3, #30
10006c9e:	d433      	bmi.n	10006d08 <tu_edpt_stream_read_xfer+0x90>
10006ca0:	4b2a      	ldr	r3, [pc, #168]	@ (10006d4c <tu_edpt_stream_read_xfer+0xd4>)
10006ca2:	2540      	movs	r5, #64	@ 0x40
10006ca4:	4699      	mov	r9, r3
10006ca6:	0027      	movs	r7, r4
10006ca8:	3708      	adds	r7, #8
10006caa:	0038      	movs	r0, r7
10006cac:	f000 f8a4 	bl	10006df8 <tu_fifo_remaining>
10006cb0:	4285      	cmp	r5, r0
10006cb2:	d8ee      	bhi.n	10006c92 <tu_edpt_stream_read_xfer+0x1a>
10006cb4:	2201      	movs	r2, #1
10006cb6:	7823      	ldrb	r3, [r4, #0]
10006cb8:	4690      	mov	r8, r2
10006cba:	421a      	tst	r2, r3
10006cbc:	d1e9      	bne.n	10006c92 <tu_edpt_stream_read_xfer+0x1a>
10006cbe:	0030      	movs	r0, r6
10006cc0:	7861      	ldrb	r1, [r4, #1]
10006cc2:	f7ff f943 	bl	10005f4c <usbd_edpt_claim>
10006cc6:	2800      	cmp	r0, #0
10006cc8:	d0e3      	beq.n	10006c92 <tu_edpt_stream_read_xfer+0x1a>
10006cca:	0038      	movs	r0, r7
10006ccc:	f000 f894 	bl	10006df8 <tu_fifo_remaining>
10006cd0:	4642      	mov	r2, r8
10006cd2:	7823      	ldrb	r3, [r4, #0]
10006cd4:	401a      	ands	r2, r3
10006cd6:	4285      	cmp	r5, r0
10006cd8:	d831      	bhi.n	10006d3e <tu_edpt_stream_read_xfer+0xc6>
10006cda:	2a00      	cmp	r2, #0
10006cdc:	d1d9      	bne.n	10006c92 <tu_edpt_stream_read_xfer+0x1a>
10006cde:	464a      	mov	r2, r9
10006ce0:	8863      	ldrh	r3, [r4, #2]
10006ce2:	4002      	ands	r2, r0
10006ce4:	1c1d      	adds	r5, r3, #0
10006ce6:	4293      	cmp	r3, r2
10006ce8:	d900      	bls.n	10006cec <tu_edpt_stream_read_xfer+0x74>
10006cea:	1c15      	adds	r5, r2, #0
10006cec:	b2ad      	uxth	r5, r5
10006cee:	2200      	movs	r2, #0
10006cf0:	7861      	ldrb	r1, [r4, #1]
10006cf2:	2d00      	cmp	r5, #0
10006cf4:	d000      	beq.n	10006cf8 <tu_edpt_stream_read_xfer+0x80>
10006cf6:	6862      	ldr	r2, [r4, #4]
10006cf8:	002b      	movs	r3, r5
10006cfa:	0030      	movs	r0, r6
10006cfc:	f7ff f94e 	bl	10005f9c <usbd_edpt_xfer>
10006d00:	2800      	cmp	r0, #0
10006d02:	d0c6      	beq.n	10006c92 <tu_edpt_stream_read_xfer+0x1a>
10006d04:	0028      	movs	r0, r5
10006d06:	e7c5      	b.n	10006c94 <tu_edpt_stream_read_xfer+0x1c>
10006d08:	23fe      	movs	r3, #254	@ 0xfe
10006d0a:	2580      	movs	r5, #128	@ 0x80
10006d0c:	021b      	lsls	r3, r3, #8
10006d0e:	4699      	mov	r9, r3
10006d10:	00ad      	lsls	r5, r5, #2
10006d12:	e7c8      	b.n	10006ca6 <tu_edpt_stream_read_xfer+0x2e>
10006d14:	7849      	ldrb	r1, [r1, #1]
10006d16:	f7ff f919 	bl	10005f4c <usbd_edpt_claim>
10006d1a:	2800      	cmp	r0, #0
10006d1c:	d0b9      	beq.n	10006c92 <tu_edpt_stream_read_xfer+0x1a>
10006d1e:	7823      	ldrb	r3, [r4, #0]
10006d20:	421d      	tst	r5, r3
10006d22:	d1b6      	bne.n	10006c92 <tu_edpt_stream_read_xfer+0x1a>
10006d24:	8863      	ldrh	r3, [r4, #2]
10006d26:	2200      	movs	r2, #0
10006d28:	7861      	ldrb	r1, [r4, #1]
10006d2a:	2b00      	cmp	r3, #0
10006d2c:	d000      	beq.n	10006d30 <tu_edpt_stream_read_xfer+0xb8>
10006d2e:	6862      	ldr	r2, [r4, #4]
10006d30:	0030      	movs	r0, r6
10006d32:	f7ff f933 	bl	10005f9c <usbd_edpt_xfer>
10006d36:	2800      	cmp	r0, #0
10006d38:	d0ab      	beq.n	10006c92 <tu_edpt_stream_read_xfer+0x1a>
10006d3a:	8860      	ldrh	r0, [r4, #2]
10006d3c:	e7aa      	b.n	10006c94 <tu_edpt_stream_read_xfer+0x1c>
10006d3e:	2a00      	cmp	r2, #0
10006d40:	d1a7      	bne.n	10006c92 <tu_edpt_stream_read_xfer+0x1a>
10006d42:	0030      	movs	r0, r6
10006d44:	7861      	ldrb	r1, [r4, #1]
10006d46:	f7ff f915 	bl	10005f74 <usbd_edpt_release>
10006d4a:	e7a2      	b.n	10006c92 <tu_edpt_stream_read_xfer+0x1a>
10006d4c:	0000ffc0 	.word	0x0000ffc0

10006d50 <tu_fifo_config>:
10006d50:	b5f0      	push	{r4, r5, r6, r7, lr}
10006d52:	46c6      	mov	lr, r8
10006d54:	b500      	push	{lr}
10006d56:	0004      	movs	r4, r0
10006d58:	4668      	mov	r0, sp
10006d5a:	7e05      	ldrb	r5, [r0, #24]
10006d5c:	2080      	movs	r0, #128	@ 0x80
10006d5e:	4688      	mov	r8, r1
10006d60:	0017      	movs	r7, r2
10006d62:	001e      	movs	r6, r3
10006d64:	0200      	lsls	r0, r0, #8
10006d66:	4282      	cmp	r2, r0
10006d68:	d826      	bhi.n	10006db8 <tu_fifo_config+0x68>
10006d6a:	68e0      	ldr	r0, [r4, #12]
10006d6c:	2800      	cmp	r0, #0
10006d6e:	d003      	beq.n	10006d78 <tu_fifo_config+0x28>
10006d70:	2101      	movs	r1, #1
10006d72:	4249      	negs	r1, r1
10006d74:	f000 facc 	bl	10007310 <__mutex_enter_timeout_ms_veneer>
10006d78:	6920      	ldr	r0, [r4, #16]
10006d7a:	2800      	cmp	r0, #0
10006d7c:	d003      	beq.n	10006d86 <tu_fifo_config+0x36>
10006d7e:	2101      	movs	r1, #1
10006d80:	4249      	negs	r1, r1
10006d82:	f000 fac5 	bl	10007310 <__mutex_enter_timeout_ms_veneer>
10006d86:	4643      	mov	r3, r8
10006d88:	6023      	str	r3, [r4, #0]
10006d8a:	0473      	lsls	r3, r6, #17
10006d8c:	0c5b      	lsrs	r3, r3, #17
10006d8e:	03ed      	lsls	r5, r5, #15
10006d90:	431d      	orrs	r5, r3
10006d92:	2300      	movs	r3, #0
10006d94:	68e0      	ldr	r0, [r4, #12]
10006d96:	8163      	strh	r3, [r4, #10]
10006d98:	80a7      	strh	r7, [r4, #4]
10006d9a:	80e5      	strh	r5, [r4, #6]
10006d9c:	8123      	strh	r3, [r4, #8]
10006d9e:	2800      	cmp	r0, #0
10006da0:	d001      	beq.n	10006da6 <tu_fifo_config+0x56>
10006da2:	f000 fa95 	bl	100072d0 <__mutex_exit_veneer>
10006da6:	6920      	ldr	r0, [r4, #16]
10006da8:	2800      	cmp	r0, #0
10006daa:	d001      	beq.n	10006db0 <tu_fifo_config+0x60>
10006dac:	f000 fa90 	bl	100072d0 <__mutex_exit_veneer>
10006db0:	2001      	movs	r0, #1
10006db2:	bc80      	pop	{r7}
10006db4:	46b8      	mov	r8, r7
10006db6:	bdf0      	pop	{r4, r5, r6, r7, pc}
10006db8:	2000      	movs	r0, #0
10006dba:	e7fa      	b.n	10006db2 <tu_fifo_config+0x62>

10006dbc <tu_fifo_count>:
10006dbc:	b510      	push	{r4, lr}
10006dbe:	8904      	ldrh	r4, [r0, #8]
10006dc0:	8941      	ldrh	r1, [r0, #10]
10006dc2:	8882      	ldrh	r2, [r0, #4]
10006dc4:	b2a3      	uxth	r3, r4
10006dc6:	b288      	uxth	r0, r1
10006dc8:	428c      	cmp	r4, r1
10006dca:	d307      	bcc.n	10006ddc <tu_fifo_count+0x20>
10006dcc:	1a1b      	subs	r3, r3, r0
10006dce:	b29b      	uxth	r3, r3
10006dd0:	1c10      	adds	r0, r2, #0
10006dd2:	429a      	cmp	r2, r3
10006dd4:	d900      	bls.n	10006dd8 <tu_fifo_count+0x1c>
10006dd6:	1c18      	adds	r0, r3, #0
10006dd8:	b280      	uxth	r0, r0
10006dda:	bd10      	pop	{r4, pc}
10006ddc:	0051      	lsls	r1, r2, #1
10006dde:	1a09      	subs	r1, r1, r0
10006de0:	185b      	adds	r3, r3, r1
10006de2:	b29b      	uxth	r3, r3
10006de4:	e7f4      	b.n	10006dd0 <tu_fifo_count+0x14>
10006de6:	46c0      	nop			@ (mov r8, r8)

10006de8 <tu_fifo_empty>:
10006de8:	8903      	ldrh	r3, [r0, #8]
10006dea:	8940      	ldrh	r0, [r0, #10]
10006dec:	1a18      	subs	r0, r3, r0
10006dee:	4243      	negs	r3, r0
10006df0:	4158      	adcs	r0, r3
10006df2:	b2c0      	uxtb	r0, r0
10006df4:	4770      	bx	lr
10006df6:	46c0      	nop			@ (mov r8, r8)

10006df8 <tu_fifo_remaining>:
10006df8:	b510      	push	{r4, lr}
10006dfa:	8904      	ldrh	r4, [r0, #8]
10006dfc:	8941      	ldrh	r1, [r0, #10]
10006dfe:	8882      	ldrh	r2, [r0, #4]
10006e00:	b2a3      	uxth	r3, r4
10006e02:	b288      	uxth	r0, r1
10006e04:	428c      	cmp	r4, r1
10006e06:	d307      	bcc.n	10006e18 <tu_fifo_remaining+0x20>
10006e08:	1a1b      	subs	r3, r3, r0
10006e0a:	b29b      	uxth	r3, r3
10006e0c:	2000      	movs	r0, #0
10006e0e:	429a      	cmp	r2, r3
10006e10:	d901      	bls.n	10006e16 <tu_fifo_remaining+0x1e>
10006e12:	1ad2      	subs	r2, r2, r3
10006e14:	b290      	uxth	r0, r2
10006e16:	bd10      	pop	{r4, pc}
10006e18:	0051      	lsls	r1, r2, #1
10006e1a:	1a09      	subs	r1, r1, r0
10006e1c:	185b      	adds	r3, r3, r1
10006e1e:	b29b      	uxth	r3, r3
10006e20:	e7f4      	b.n	10006e0c <tu_fifo_remaining+0x14>
10006e22:	46c0      	nop			@ (mov r8, r8)

10006e24 <tu_fifo_read>:
10006e24:	b570      	push	{r4, r5, r6, lr}
10006e26:	0004      	movs	r4, r0
10006e28:	6900      	ldr	r0, [r0, #16]
10006e2a:	000e      	movs	r6, r1
10006e2c:	2800      	cmp	r0, #0
10006e2e:	d003      	beq.n	10006e38 <tu_fifo_read+0x14>
10006e30:	2101      	movs	r1, #1
10006e32:	4249      	negs	r1, r1
10006e34:	f000 fa6c 	bl	10007310 <__mutex_enter_timeout_ms_veneer>
10006e38:	8925      	ldrh	r5, [r4, #8]
10006e3a:	8960      	ldrh	r0, [r4, #10]
10006e3c:	88a2      	ldrh	r2, [r4, #4]
10006e3e:	b2a9      	uxth	r1, r5
10006e40:	b283      	uxth	r3, r0
10006e42:	4285      	cmp	r5, r0
10006e44:	d332      	bcc.n	10006eac <tu_fifo_read+0x88>
10006e46:	1acd      	subs	r5, r1, r3
10006e48:	b2ad      	uxth	r5, r5
10006e4a:	2d00      	cmp	r5, #0
10006e4c:	d028      	beq.n	10006ea0 <tu_fifo_read+0x7c>
10006e4e:	42aa      	cmp	r2, r5
10006e50:	d208      	bcs.n	10006e64 <tu_fifo_read+0x40>
10006e52:	4291      	cmp	r1, r2
10006e54:	d32f      	bcc.n	10006eb6 <tu_fifo_read+0x92>
10006e56:	1a89      	subs	r1, r1, r2
10006e58:	b28b      	uxth	r3, r1
10006e5a:	8163      	strh	r3, [r4, #10]
10006e5c:	429a      	cmp	r2, r3
10006e5e:	d803      	bhi.n	10006e68 <tu_fifo_read+0x44>
10006e60:	1a9b      	subs	r3, r3, r2
10006e62:	b29b      	uxth	r3, r3
10006e64:	429a      	cmp	r2, r3
10006e66:	d9fb      	bls.n	10006e60 <tu_fifo_read+0x3c>
10006e68:	88e2      	ldrh	r2, [r4, #6]
10006e6a:	6821      	ldr	r1, [r4, #0]
10006e6c:	0452      	lsls	r2, r2, #17
10006e6e:	0c52      	lsrs	r2, r2, #17
10006e70:	4353      	muls	r3, r2
10006e72:	0030      	movs	r0, r6
10006e74:	18c9      	adds	r1, r1, r3
10006e76:	f7fb ff27 	bl	10002cc8 <__wrap___aeabi_memcpy>
10006e7a:	8963      	ldrh	r3, [r4, #10]
10006e7c:	2501      	movs	r5, #1
10006e7e:	1c59      	adds	r1, r3, #1
10006e80:	b289      	uxth	r1, r1
10006e82:	88a2      	ldrh	r2, [r4, #4]
10006e84:	428b      	cmp	r3, r1
10006e86:	d90d      	bls.n	10006ea4 <tu_fifo_read+0x80>
10006e88:	2100      	movs	r1, #0
10006e8a:	0052      	lsls	r2, r2, #1
10006e8c:	1a89      	subs	r1, r1, r2
10006e8e:	b289      	uxth	r1, r1
10006e90:	6920      	ldr	r0, [r4, #16]
10006e92:	8161      	strh	r1, [r4, #10]
10006e94:	2800      	cmp	r0, #0
10006e96:	d001      	beq.n	10006e9c <tu_fifo_read+0x78>
10006e98:	f000 fa1a 	bl	100072d0 <__mutex_exit_veneer>
10006e9c:	0028      	movs	r0, r5
10006e9e:	bd70      	pop	{r4, r5, r6, pc}
10006ea0:	8961      	ldrh	r1, [r4, #10]
10006ea2:	b289      	uxth	r1, r1
10006ea4:	0052      	lsls	r2, r2, #1
10006ea6:	4291      	cmp	r1, r2
10006ea8:	dbf2      	blt.n	10006e90 <tu_fifo_read+0x6c>
10006eaa:	e7ef      	b.n	10006e8c <tu_fifo_read+0x68>
10006eac:	0055      	lsls	r5, r2, #1
10006eae:	1aed      	subs	r5, r5, r3
10006eb0:	194d      	adds	r5, r1, r5
10006eb2:	b2ad      	uxth	r5, r5
10006eb4:	e7c9      	b.n	10006e4a <tu_fifo_read+0x26>
10006eb6:	1889      	adds	r1, r1, r2
10006eb8:	b28b      	uxth	r3, r1
10006eba:	8163      	strh	r3, [r4, #10]
10006ebc:	e7ce      	b.n	10006e5c <tu_fifo_read+0x38>
10006ebe:	46c0      	nop			@ (mov r8, r8)

10006ec0 <tu_fifo_read_n>:
10006ec0:	b5f0      	push	{r4, r5, r6, r7, lr}
10006ec2:	4646      	mov	r6, r8
10006ec4:	464f      	mov	r7, r9
10006ec6:	46d6      	mov	lr, sl
10006ec8:	b5c0      	push	{r6, r7, lr}
10006eca:	0006      	movs	r6, r0
10006ecc:	6900      	ldr	r0, [r0, #16]
10006ece:	4689      	mov	r9, r1
10006ed0:	4690      	mov	r8, r2
10006ed2:	2800      	cmp	r0, #0
10006ed4:	d003      	beq.n	10006ede <tu_fifo_read_n+0x1e>
10006ed6:	2101      	movs	r1, #1
10006ed8:	4249      	negs	r1, r1
10006eda:	f000 fa19 	bl	10007310 <__mutex_enter_timeout_ms_veneer>
10006ede:	8931      	ldrh	r1, [r6, #8]
10006ee0:	8972      	ldrh	r2, [r6, #10]
10006ee2:	88b5      	ldrh	r5, [r6, #4]
10006ee4:	b28b      	uxth	r3, r1
10006ee6:	b294      	uxth	r4, r2
10006ee8:	4291      	cmp	r1, r2
10006eea:	d354      	bcc.n	10006f96 <tu_fifo_read_n+0xd6>
10006eec:	1b1f      	subs	r7, r3, r4
10006eee:	b2bf      	uxth	r7, r7
10006ef0:	2f00      	cmp	r7, #0
10006ef2:	d04a      	beq.n	10006f8a <tu_fifo_read_n+0xca>
10006ef4:	42bd      	cmp	r5, r7
10006ef6:	d205      	bcs.n	10006f04 <tu_fifo_read_n+0x44>
10006ef8:	42ab      	cmp	r3, r5
10006efa:	d251      	bcs.n	10006fa0 <tu_fifo_read_n+0xe0>
10006efc:	195b      	adds	r3, r3, r5
10006efe:	b29c      	uxth	r4, r3
10006f00:	002f      	movs	r7, r5
10006f02:	8174      	strh	r4, [r6, #10]
10006f04:	4643      	mov	r3, r8
10006f06:	45b8      	cmp	r8, r7
10006f08:	d83d      	bhi.n	10006f86 <tu_fifo_read_n+0xc6>
10006f0a:	b29f      	uxth	r7, r3
10006f0c:	42a5      	cmp	r5, r4
10006f0e:	d803      	bhi.n	10006f18 <tu_fifo_read_n+0x58>
10006f10:	1b64      	subs	r4, r4, r5
10006f12:	b2a4      	uxth	r4, r4
10006f14:	42a5      	cmp	r5, r4
10006f16:	d9fb      	bls.n	10006f10 <tu_fifo_read_n+0x50>
10006f18:	88f2      	ldrh	r2, [r6, #6]
10006f1a:	6831      	ldr	r1, [r6, #0]
10006f1c:	0452      	lsls	r2, r2, #17
10006f1e:	0c52      	lsrs	r2, r2, #17
10006f20:	4690      	mov	r8, r2
10006f22:	4362      	muls	r2, r4
10006f24:	1b2b      	subs	r3, r5, r4
10006f26:	b29b      	uxth	r3, r3
10006f28:	1889      	adds	r1, r1, r2
10006f2a:	4642      	mov	r2, r8
10006f2c:	429f      	cmp	r7, r3
10006f2e:	d925      	bls.n	10006f7c <tu_fifo_read_n+0xbc>
10006f30:	4353      	muls	r3, r2
10006f32:	b29b      	uxth	r3, r3
10006f34:	001a      	movs	r2, r3
10006f36:	4648      	mov	r0, r9
10006f38:	469a      	mov	sl, r3
10006f3a:	f7fb fec5 	bl	10002cc8 <__wrap___aeabi_memcpy>
10006f3e:	4643      	mov	r3, r8
10006f40:	4648      	mov	r0, r9
10006f42:	1b7d      	subs	r5, r7, r5
10006f44:	1964      	adds	r4, r4, r5
10006f46:	435c      	muls	r4, r3
10006f48:	6831      	ldr	r1, [r6, #0]
10006f4a:	4450      	add	r0, sl
10006f4c:	b2a2      	uxth	r2, r4
10006f4e:	f7fb febb 	bl	10002cc8 <__wrap___aeabi_memcpy>
10006f52:	8971      	ldrh	r1, [r6, #10]
10006f54:	88b5      	ldrh	r5, [r6, #4]
10006f56:	19cb      	adds	r3, r1, r7
10006f58:	b29b      	uxth	r3, r3
10006f5a:	006a      	lsls	r2, r5, #1
10006f5c:	4299      	cmp	r1, r3
10006f5e:	d916      	bls.n	10006f8e <tu_fifo_read_n+0xce>
10006f60:	1a9b      	subs	r3, r3, r2
10006f62:	b29b      	uxth	r3, r3
10006f64:	6930      	ldr	r0, [r6, #16]
10006f66:	8173      	strh	r3, [r6, #10]
10006f68:	2800      	cmp	r0, #0
10006f6a:	d001      	beq.n	10006f70 <tu_fifo_read_n+0xb0>
10006f6c:	f000 f9b0 	bl	100072d0 <__mutex_exit_veneer>
10006f70:	0038      	movs	r0, r7
10006f72:	bce0      	pop	{r5, r6, r7}
10006f74:	46ba      	mov	sl, r7
10006f76:	46b1      	mov	r9, r6
10006f78:	46a8      	mov	r8, r5
10006f7a:	bdf0      	pop	{r4, r5, r6, r7, pc}
10006f7c:	4648      	mov	r0, r9
10006f7e:	437a      	muls	r2, r7
10006f80:	f7fb fea2 	bl	10002cc8 <__wrap___aeabi_memcpy>
10006f84:	e7e5      	b.n	10006f52 <tu_fifo_read_n+0x92>
10006f86:	1c3b      	adds	r3, r7, #0
10006f88:	e7bf      	b.n	10006f0a <tu_fifo_read_n+0x4a>
10006f8a:	8973      	ldrh	r3, [r6, #10]
10006f8c:	b29b      	uxth	r3, r3
10006f8e:	006a      	lsls	r2, r5, #1
10006f90:	4293      	cmp	r3, r2
10006f92:	dbe7      	blt.n	10006f64 <tu_fifo_read_n+0xa4>
10006f94:	e7e4      	b.n	10006f60 <tu_fifo_read_n+0xa0>
10006f96:	006f      	lsls	r7, r5, #1
10006f98:	1b3f      	subs	r7, r7, r4
10006f9a:	19df      	adds	r7, r3, r7
10006f9c:	b2bf      	uxth	r7, r7
10006f9e:	e7a7      	b.n	10006ef0 <tu_fifo_read_n+0x30>
10006fa0:	1b5b      	subs	r3, r3, r5
10006fa2:	b29c      	uxth	r4, r3
10006fa4:	e7ac      	b.n	10006f00 <tu_fifo_read_n+0x40>
10006fa6:	46c0      	nop			@ (mov r8, r8)

10006fa8 <tu_fifo_write>:
10006fa8:	b5f8      	push	{r3, r4, r5, r6, r7, lr}
10006faa:	0004      	movs	r4, r0
10006fac:	68c0      	ldr	r0, [r0, #12]
10006fae:	000e      	movs	r6, r1
10006fb0:	2800      	cmp	r0, #0
10006fb2:	d003      	beq.n	10006fbc <tu_fifo_write+0x14>
10006fb4:	2101      	movs	r1, #1
10006fb6:	4249      	negs	r1, r1
10006fb8:	f000 f9aa 	bl	10007310 <__mutex_enter_timeout_ms_veneer>
10006fbc:	8925      	ldrh	r5, [r4, #8]
10006fbe:	8920      	ldrh	r0, [r4, #8]
10006fc0:	8961      	ldrh	r1, [r4, #10]
10006fc2:	88a2      	ldrh	r2, [r4, #4]
10006fc4:	b2ad      	uxth	r5, r5
10006fc6:	b283      	uxth	r3, r0
10006fc8:	b28f      	uxth	r7, r1
10006fca:	4288      	cmp	r0, r1
10006fcc:	d329      	bcc.n	10007022 <tu_fifo_write+0x7a>
10006fce:	1bdb      	subs	r3, r3, r7
10006fd0:	b29b      	uxth	r3, r3
10006fd2:	429a      	cmp	r2, r3
10006fd4:	d809      	bhi.n	10006fea <tu_fifo_write+0x42>
10006fd6:	79e7      	ldrb	r7, [r4, #7]
10006fd8:	09ff      	lsrs	r7, r7, #7
10006fda:	d106      	bne.n	10006fea <tu_fifo_write+0x42>
10006fdc:	68e0      	ldr	r0, [r4, #12]
10006fde:	2800      	cmp	r0, #0
10006fe0:	d001      	beq.n	10006fe6 <tu_fifo_write+0x3e>
10006fe2:	f000 f975 	bl	100072d0 <__mutex_exit_veneer>
10006fe6:	0038      	movs	r0, r7
10006fe8:	bdf8      	pop	{r3, r4, r5, r6, r7, pc}
10006fea:	002b      	movs	r3, r5
10006fec:	4295      	cmp	r5, r2
10006fee:	d31d      	bcc.n	1000702c <tu_fifo_write+0x84>
10006ff0:	1a9b      	subs	r3, r3, r2
10006ff2:	b29b      	uxth	r3, r3
10006ff4:	4293      	cmp	r3, r2
10006ff6:	d2fb      	bcs.n	10006ff0 <tu_fifo_write+0x48>
10006ff8:	88e2      	ldrh	r2, [r4, #6]
10006ffa:	6820      	ldr	r0, [r4, #0]
10006ffc:	0452      	lsls	r2, r2, #17
10006ffe:	0c52      	lsrs	r2, r2, #17
10007000:	4353      	muls	r3, r2
10007002:	0031      	movs	r1, r6
10007004:	18c0      	adds	r0, r0, r3
10007006:	f7fb fe5f 	bl	10002cc8 <__wrap___aeabi_memcpy>
1000700a:	1c6b      	adds	r3, r5, #1
1000700c:	b29b      	uxth	r3, r3
1000700e:	88a2      	ldrh	r2, [r4, #4]
10007010:	429d      	cmp	r5, r3
10007012:	d917      	bls.n	10007044 <tu_fifo_write+0x9c>
10007014:	2300      	movs	r3, #0
10007016:	0052      	lsls	r2, r2, #1
10007018:	1a9b      	subs	r3, r3, r2
1000701a:	b29b      	uxth	r3, r3
1000701c:	2701      	movs	r7, #1
1000701e:	8123      	strh	r3, [r4, #8]
10007020:	e7dc      	b.n	10006fdc <tu_fifo_write+0x34>
10007022:	0051      	lsls	r1, r2, #1
10007024:	1bc9      	subs	r1, r1, r7
10007026:	185b      	adds	r3, r3, r1
10007028:	b29b      	uxth	r3, r3
1000702a:	e7d2      	b.n	10006fd2 <tu_fifo_write+0x2a>
1000702c:	88e2      	ldrh	r2, [r4, #6]
1000702e:	6820      	ldr	r0, [r4, #0]
10007030:	0452      	lsls	r2, r2, #17
10007032:	0c52      	lsrs	r2, r2, #17
10007034:	4353      	muls	r3, r2
10007036:	0031      	movs	r1, r6
10007038:	18c0      	adds	r0, r0, r3
1000703a:	f7fb fe45 	bl	10002cc8 <__wrap___aeabi_memcpy>
1000703e:	3501      	adds	r5, #1
10007040:	88a2      	ldrh	r2, [r4, #4]
10007042:	b2ab      	uxth	r3, r5
10007044:	0052      	lsls	r2, r2, #1
10007046:	4293      	cmp	r3, r2
10007048:	dbe8      	blt.n	1000701c <tu_fifo_write+0x74>
1000704a:	e7e5      	b.n	10007018 <tu_fifo_write+0x70>

1000704c <tu_fifo_write_n>:
1000704c:	b5f0      	push	{r4, r5, r6, r7, lr}
1000704e:	464e      	mov	r6, r9
10007050:	4657      	mov	r7, sl
10007052:	46de      	mov	lr, fp
10007054:	4645      	mov	r5, r8
10007056:	b5e0      	push	{r5, r6, r7, lr}
10007058:	4689      	mov	r9, r1
1000705a:	0006      	movs	r6, r0
1000705c:	0017      	movs	r7, r2
1000705e:	b083      	sub	sp, #12
10007060:	2a00      	cmp	r2, #0
10007062:	d067      	beq.n	10007134 <tu_fifo_write_n+0xe8>
10007064:	68c0      	ldr	r0, [r0, #12]
10007066:	2800      	cmp	r0, #0
10007068:	d003      	beq.n	10007072 <tu_fifo_write_n+0x26>
1000706a:	2101      	movs	r1, #1
1000706c:	4249      	negs	r1, r1
1000706e:	f000 f94f 	bl	10007310 <__mutex_enter_timeout_ms_veneer>
10007072:	8933      	ldrh	r3, [r6, #8]
10007074:	79f2      	ldrb	r2, [r6, #7]
10007076:	b29b      	uxth	r3, r3
10007078:	4698      	mov	r8, r3
1000707a:	8973      	ldrh	r3, [r6, #10]
1000707c:	88b5      	ldrh	r5, [r6, #4]
1000707e:	b29b      	uxth	r3, r3
10007080:	09d2      	lsrs	r2, r2, #7
10007082:	d140      	bne.n	10007106 <tu_fifo_write_n+0xba>
10007084:	4598      	cmp	r8, r3
10007086:	d25e      	bcs.n	10007146 <tu_fifo_write_n+0xfa>
10007088:	006a      	lsls	r2, r5, #1
1000708a:	1ad3      	subs	r3, r2, r3
1000708c:	4443      	add	r3, r8
1000708e:	b29b      	uxth	r3, r3
10007090:	42ab      	cmp	r3, r5
10007092:	d25d      	bcs.n	10007150 <tu_fifo_write_n+0x104>
10007094:	1aeb      	subs	r3, r5, r3
10007096:	1c1a      	adds	r2, r3, #0
10007098:	b29b      	uxth	r3, r3
1000709a:	42bb      	cmp	r3, r7
1000709c:	d900      	bls.n	100070a0 <tu_fifo_write_n+0x54>
1000709e:	1c3a      	adds	r2, r7, #0
100070a0:	b297      	uxth	r7, r2
100070a2:	1b7b      	subs	r3, r7, r5
100070a4:	b29b      	uxth	r3, r3
100070a6:	9301      	str	r3, [sp, #4]
100070a8:	88f3      	ldrh	r3, [r6, #6]
100070aa:	045b      	lsls	r3, r3, #17
100070ac:	0c5b      	lsrs	r3, r3, #17
100070ae:	469a      	mov	sl, r3
100070b0:	4643      	mov	r3, r8
100070b2:	19db      	adds	r3, r3, r7
100070b4:	b29b      	uxth	r3, r3
100070b6:	469b      	mov	fp, r3
100070b8:	4644      	mov	r4, r8
100070ba:	45a8      	cmp	r8, r5
100070bc:	d303      	bcc.n	100070c6 <tu_fifo_write_n+0x7a>
100070be:	1b64      	subs	r4, r4, r5
100070c0:	b2a4      	uxth	r4, r4
100070c2:	42ac      	cmp	r4, r5
100070c4:	d2fb      	bcs.n	100070be <tu_fifo_write_n+0x72>
100070c6:	4653      	mov	r3, sl
100070c8:	4363      	muls	r3, r4
100070ca:	6830      	ldr	r0, [r6, #0]
100070cc:	1b2d      	subs	r5, r5, r4
100070ce:	b2ad      	uxth	r5, r5
100070d0:	18c0      	adds	r0, r0, r3
100070d2:	42bd      	cmp	r5, r7
100070d4:	d34b      	bcc.n	1000716e <tu_fifo_write_n+0x122>
100070d6:	4652      	mov	r2, sl
100070d8:	4649      	mov	r1, r9
100070da:	437a      	muls	r2, r7
100070dc:	f7fb fdf4 	bl	10002cc8 <__wrap___aeabi_memcpy>
100070e0:	88b3      	ldrh	r3, [r6, #4]
100070e2:	005b      	lsls	r3, r3, #1
100070e4:	45d8      	cmp	r8, fp
100070e6:	d801      	bhi.n	100070ec <tu_fifo_write_n+0xa0>
100070e8:	459b      	cmp	fp, r3
100070ea:	db03      	blt.n	100070f4 <tu_fifo_write_n+0xa8>
100070ec:	465a      	mov	r2, fp
100070ee:	1ad3      	subs	r3, r2, r3
100070f0:	b29b      	uxth	r3, r3
100070f2:	469b      	mov	fp, r3
100070f4:	465b      	mov	r3, fp
100070f6:	003d      	movs	r5, r7
100070f8:	8133      	strh	r3, [r6, #8]
100070fa:	68f0      	ldr	r0, [r6, #12]
100070fc:	2800      	cmp	r0, #0
100070fe:	d01a      	beq.n	10007136 <tu_fifo_write_n+0xea>
10007100:	f000 f8e6 	bl	100072d0 <__mutex_exit_veneer>
10007104:	e017      	b.n	10007136 <tu_fifo_write_n+0xea>
10007106:	88f2      	ldrh	r2, [r6, #6]
10007108:	0452      	lsls	r2, r2, #17
1000710a:	0c52      	lsrs	r2, r2, #17
1000710c:	4692      	mov	sl, r2
1000710e:	42af      	cmp	r7, r5
10007110:	d220      	bcs.n	10007154 <tu_fifo_write_n+0x108>
10007112:	4598      	cmp	r8, r3
10007114:	d34d      	bcc.n	100071b2 <tu_fifo_write_n+0x166>
10007116:	4642      	mov	r2, r8
10007118:	1ad2      	subs	r2, r2, r3
1000711a:	b292      	uxth	r2, r2
1000711c:	0069      	lsls	r1, r5, #1
1000711e:	1b78      	subs	r0, r7, r5
10007120:	b280      	uxth	r0, r0
10007122:	19d2      	adds	r2, r2, r7
10007124:	9001      	str	r0, [sp, #4]
10007126:	428a      	cmp	r2, r1
10007128:	da33      	bge.n	10007192 <tu_fifo_write_n+0x146>
1000712a:	4643      	mov	r3, r8
1000712c:	18fb      	adds	r3, r7, r3
1000712e:	b29b      	uxth	r3, r3
10007130:	469b      	mov	fp, r3
10007132:	e7c1      	b.n	100070b8 <tu_fifo_write_n+0x6c>
10007134:	2500      	movs	r5, #0
10007136:	0028      	movs	r0, r5
10007138:	b003      	add	sp, #12
1000713a:	bcf0      	pop	{r4, r5, r6, r7}
1000713c:	46bb      	mov	fp, r7
1000713e:	46b2      	mov	sl, r6
10007140:	46a9      	mov	r9, r5
10007142:	46a0      	mov	r8, r4
10007144:	bdf0      	pop	{r4, r5, r6, r7, pc}
10007146:	4642      	mov	r2, r8
10007148:	1ad3      	subs	r3, r2, r3
1000714a:	b29b      	uxth	r3, r3
1000714c:	42ab      	cmp	r3, r5
1000714e:	d3a1      	bcc.n	10007094 <tu_fifo_write_n+0x48>
10007150:	2500      	movs	r5, #0
10007152:	e7d2      	b.n	100070fa <tu_fifo_write_n+0xae>
10007154:	2d00      	cmp	r5, #0
10007156:	d0d0      	beq.n	100070fa <tu_fifo_write_n+0xae>
10007158:	1b7f      	subs	r7, r7, r5
1000715a:	4357      	muls	r7, r2
1000715c:	4698      	mov	r8, r3
1000715e:	195a      	adds	r2, r3, r5
10007160:	2300      	movs	r3, #0
10007162:	b292      	uxth	r2, r2
10007164:	44b9      	add	r9, r7
10007166:	4693      	mov	fp, r2
10007168:	002f      	movs	r7, r5
1000716a:	9301      	str	r3, [sp, #4]
1000716c:	e7a4      	b.n	100070b8 <tu_fifo_write_n+0x6c>
1000716e:	4653      	mov	r3, sl
10007170:	435d      	muls	r5, r3
10007172:	b2ad      	uxth	r5, r5
10007174:	002a      	movs	r2, r5
10007176:	4649      	mov	r1, r9
10007178:	f7fb fda6 	bl	10002cc8 <__wrap___aeabi_memcpy>
1000717c:	9b01      	ldr	r3, [sp, #4]
1000717e:	0029      	movs	r1, r5
10007180:	18e2      	adds	r2, r4, r3
10007182:	4653      	mov	r3, sl
10007184:	435a      	muls	r2, r3
10007186:	6830      	ldr	r0, [r6, #0]
10007188:	b292      	uxth	r2, r2
1000718a:	4449      	add	r1, r9
1000718c:	f7fb fd9c 	bl	10002cc8 <__wrap___aeabi_memcpy>
10007190:	e7a6      	b.n	100070e0 <tu_fifo_write_n+0x94>
10007192:	195a      	adds	r2, r3, r5
10007194:	b292      	uxth	r2, r2
10007196:	4693      	mov	fp, r2
10007198:	1bd2      	subs	r2, r2, r7
1000719a:	b292      	uxth	r2, r2
1000719c:	4690      	mov	r8, r2
1000719e:	4293      	cmp	r3, r2
100071a0:	d90c      	bls.n	100071bc <tu_fifo_write_n+0x170>
100071a2:	4643      	mov	r3, r8
100071a4:	1a59      	subs	r1, r3, r1
100071a6:	b28b      	uxth	r3, r1
100071a8:	4698      	mov	r8, r3
100071aa:	18fb      	adds	r3, r7, r3
100071ac:	b29b      	uxth	r3, r3
100071ae:	469b      	mov	fp, r3
100071b0:	e782      	b.n	100070b8 <tu_fifo_write_n+0x6c>
100071b2:	0069      	lsls	r1, r5, #1
100071b4:	1aca      	subs	r2, r1, r3
100071b6:	4442      	add	r2, r8
100071b8:	b292      	uxth	r2, r2
100071ba:	e7b0      	b.n	1000711e <tu_fifo_write_n+0xd2>
100071bc:	4291      	cmp	r1, r2
100071be:	dd00      	ble.n	100071c2 <tu_fifo_write_n+0x176>
100071c0:	e77a      	b.n	100070b8 <tu_fifo_write_n+0x6c>
100071c2:	e7ee      	b.n	100071a2 <tu_fifo_write_n+0x156>

100071c4 <tu_fifo_clear>:
100071c4:	b510      	push	{r4, lr}
100071c6:	0004      	movs	r4, r0
100071c8:	68c0      	ldr	r0, [r0, #12]
100071ca:	2800      	cmp	r0, #0
100071cc:	d003      	beq.n	100071d6 <tu_fifo_clear+0x12>
100071ce:	2101      	movs	r1, #1
100071d0:	4249      	negs	r1, r1
100071d2:	f000 f89d 	bl	10007310 <__mutex_enter_timeout_ms_veneer>
100071d6:	6920      	ldr	r0, [r4, #16]
100071d8:	2800      	cmp	r0, #0
100071da:	d003      	beq.n	100071e4 <tu_fifo_clear+0x20>
100071dc:	2101      	movs	r1, #1
100071de:	4249      	negs	r1, r1
100071e0:	f000 f896 	bl	10007310 <__mutex_enter_timeout_ms_veneer>
100071e4:	2300      	movs	r3, #0
100071e6:	68e0      	ldr	r0, [r4, #12]
100071e8:	8163      	strh	r3, [r4, #10]
100071ea:	8123      	strh	r3, [r4, #8]
100071ec:	2800      	cmp	r0, #0
100071ee:	d001      	beq.n	100071f4 <tu_fifo_clear+0x30>
100071f0:	f000 f86e 	bl	100072d0 <__mutex_exit_veneer>
100071f4:	6920      	ldr	r0, [r4, #16]
100071f6:	2800      	cmp	r0, #0
100071f8:	d001      	beq.n	100071fe <tu_fifo_clear+0x3a>
100071fa:	f000 f869 	bl	100072d0 <__mutex_exit_veneer>
100071fe:	2001      	movs	r0, #1
10007200:	bd10      	pop	{r4, pc}
10007202:	46c0      	nop			@ (mov r8, r8)

10007204 <tu_fifo_set_overwritable>:
10007204:	b570      	push	{r4, r5, r6, lr}
10007206:	0004      	movs	r4, r0
10007208:	68c0      	ldr	r0, [r0, #12]
1000720a:	000d      	movs	r5, r1
1000720c:	2800      	cmp	r0, #0
1000720e:	d003      	beq.n	10007218 <tu_fifo_set_overwritable+0x14>
10007210:	2101      	movs	r1, #1
10007212:	4249      	negs	r1, r1
10007214:	f000 f87c 	bl	10007310 <__mutex_enter_timeout_ms_veneer>
10007218:	6920      	ldr	r0, [r4, #16]
1000721a:	2800      	cmp	r0, #0
1000721c:	d003      	beq.n	10007226 <tu_fifo_set_overwritable+0x22>
1000721e:	2101      	movs	r1, #1
10007220:	4249      	negs	r1, r1
10007222:	f000 f875 	bl	10007310 <__mutex_enter_timeout_ms_veneer>
10007226:	217f      	movs	r1, #127	@ 0x7f
10007228:	79e3      	ldrb	r3, [r4, #7]
1000722a:	01ed      	lsls	r5, r5, #7
1000722c:	4019      	ands	r1, r3
1000722e:	68e0      	ldr	r0, [r4, #12]
10007230:	4329      	orrs	r1, r5
10007232:	71e1      	strb	r1, [r4, #7]
10007234:	2800      	cmp	r0, #0
10007236:	d001      	beq.n	1000723c <tu_fifo_set_overwritable+0x38>
10007238:	f000 f84a 	bl	100072d0 <__mutex_exit_veneer>
1000723c:	6920      	ldr	r0, [r4, #16]
1000723e:	2800      	cmp	r0, #0
10007240:	d001      	beq.n	10007246 <tu_fifo_set_overwritable+0x42>
10007242:	f000 f845 	bl	100072d0 <__mutex_exit_veneer>
10007246:	2001      	movs	r0, #1
10007248:	bd70      	pop	{r4, r5, r6, pc}
1000724a:	46c0      	nop			@ (mov r8, r8)

1000724c <strlen>:
1000724c:	b510      	push	{r4, lr}
1000724e:	0783      	lsls	r3, r0, #30
10007250:	d00a      	beq.n	10007268 <strlen+0x1c>
10007252:	0003      	movs	r3, r0
10007254:	2103      	movs	r1, #3
10007256:	e002      	b.n	1000725e <strlen+0x12>
10007258:	3301      	adds	r3, #1
1000725a:	420b      	tst	r3, r1
1000725c:	d005      	beq.n	1000726a <strlen+0x1e>
1000725e:	781a      	ldrb	r2, [r3, #0]
10007260:	2a00      	cmp	r2, #0
10007262:	d1f9      	bne.n	10007258 <strlen+0xc>
10007264:	1a18      	subs	r0, r3, r0
10007266:	bd10      	pop	{r4, pc}
10007268:	0003      	movs	r3, r0
1000726a:	6819      	ldr	r1, [r3, #0]
1000726c:	4a0c      	ldr	r2, [pc, #48]	@ (100072a0 <strlen+0x54>)
1000726e:	4c0d      	ldr	r4, [pc, #52]	@ (100072a4 <strlen+0x58>)
10007270:	188a      	adds	r2, r1, r2
10007272:	438a      	bics	r2, r1
10007274:	4222      	tst	r2, r4
10007276:	d10f      	bne.n	10007298 <strlen+0x4c>
10007278:	6859      	ldr	r1, [r3, #4]
1000727a:	4a09      	ldr	r2, [pc, #36]	@ (100072a0 <strlen+0x54>)
1000727c:	3304      	adds	r3, #4
1000727e:	188a      	adds	r2, r1, r2
10007280:	438a      	bics	r2, r1
10007282:	4222      	tst	r2, r4
10007284:	d108      	bne.n	10007298 <strlen+0x4c>
10007286:	6859      	ldr	r1, [r3, #4]
10007288:	4a05      	ldr	r2, [pc, #20]	@ (100072a0 <strlen+0x54>)
1000728a:	3304      	adds	r3, #4
1000728c:	188a      	adds	r2, r1, r2
1000728e:	438a      	bics	r2, r1
10007290:	4222      	tst	r2, r4
10007292:	d0f1      	beq.n	10007278 <strlen+0x2c>
10007294:	e000      	b.n	10007298 <strlen+0x4c>
10007296:	3301      	adds	r3, #1
10007298:	781a      	ldrb	r2, [r3, #0]
1000729a:	2a00      	cmp	r2, #0
1000729c:	d1fb      	bne.n	10007296 <strlen+0x4a>
1000729e:	e7e1      	b.n	10007264 <strlen+0x18>
100072a0:	fefefeff 	.word	0xfefefeff
100072a4:	80808080 	.word	0x80808080

100072a8 <_fini>:
100072a8:	b5f8      	push	{r3, r4, r5, r6, r7, lr}
100072aa:	46c0      	nop			@ (mov r8, r8)
100072ac:	0000      	movs	r0, r0
	...

100072b0 <__reset_non_control_endpoints_veneer>:
100072b0:	b401      	push	{r0}
100072b2:	4802      	ldr	r0, [pc, #8]	@ (100072bc <__reset_non_control_endpoints_veneer+0xc>)
100072b4:	4684      	mov	ip, r0
100072b6:	bc01      	pop	{r0}
100072b8:	4760      	bx	ip
100072ba:	bf00      	nop
100072bc:	2000043d 	.word	0x2000043d

100072c0 <__flash_do_cmd_veneer>:
100072c0:	b401      	push	{r0}
100072c2:	4802      	ldr	r0, [pc, #8]	@ (100072cc <__flash_do_cmd_veneer+0xc>)
100072c4:	4684      	mov	ip, r0
100072c6:	bc01      	pop	{r0}
100072c8:	4760      	bx	ip
100072ca:	bf00      	nop
100072cc:	20000301 	.word	0x20000301

100072d0 <__mutex_exit_veneer>:
100072d0:	b401      	push	{r0}
100072d2:	4802      	ldr	r0, [pc, #8]	@ (100072dc <__mutex_exit_veneer+0xc>)
100072d4:	4684      	mov	ip, r0
100072d6:	bc01      	pop	{r0}
100072d8:	4760      	bx	ip
100072da:	bf00      	nop
100072dc:	20000225 	.word	0x20000225

100072e0 <____aeabi_ldiv0_veneer>:
100072e0:	b401      	push	{r0}
100072e2:	4802      	ldr	r0, [pc, #8]	@ (100072ec <____aeabi_ldiv0_veneer+0xc>)
100072e4:	4684      	mov	ip, r0
100072e6:	bc01      	pop	{r0}
100072e8:	4760      	bx	ip
100072ea:	bf00      	nop
100072ec:	20000f5d 	.word	0x20000f5d

100072f0 <____aeabi_idiv0_veneer>:
100072f0:	b401      	push	{r0}
100072f2:	4802      	ldr	r0, [pc, #8]	@ (100072fc <____aeabi_idiv0_veneer+0xc>)
100072f4:	4684      	mov	ip, r0
100072f6:	bc01      	pop	{r0}
100072f8:	4760      	bx	ip
100072fa:	bf00      	nop
100072fc:	20000f5d 	.word	0x20000f5d

10007300 <__mutex_try_enter_veneer>:
10007300:	b401      	push	{r0}
10007302:	4802      	ldr	r0, [pc, #8]	@ (1000730c <__mutex_try_enter_veneer+0xc>)
10007304:	4684      	mov	ip, r0
10007306:	bc01      	pop	{r0}
10007308:	4760      	bx	ip
1000730a:	bf00      	nop
1000730c:	200000c1 	.word	0x200000c1

10007310 <__mutex_enter_timeout_ms_veneer>:
10007310:	b401      	push	{r0}
10007312:	4802      	ldr	r0, [pc, #8]	@ (1000731c <__mutex_enter_timeout_ms_veneer+0xc>)
10007314:	4684      	mov	ip, r0
10007316:	bc01      	pop	{r0}
10007318:	4760      	bx	ip
1000731a:	bf00      	nop
1000731c:	20000199 	.word	0x20000199

10007320 <__mutex_try_enter_block_until_veneer>:
10007320:	b401      	push	{r0}
10007322:	4802      	ldr	r0, [pc, #8]	@ (1000732c <__mutex_try_enter_block_until_veneer+0xc>)
10007324:	4684      	mov	ip, r0
10007326:	bc01      	pop	{r0}
10007328:	4760      	bx	ip
1000732a:	bf00      	nop
1000732c:	20000101 	.word	0x20000101

10007330 <__e15_is_critical_frame_period_veneer>:
10007330:	b401      	push	{r0}
10007332:	4802      	ldr	r0, [pc, #8]	@ (1000733c <__e15_is_critical_frame_period_veneer+0xc>)
10007334:	4684      	mov	ip, r0
10007336:	bc01      	pop	{r0}
10007338:	4760      	bx	ip
1000733a:	bf00      	nop
1000733c:	20000c41 	.word	0x20000c41

10007340 <__hw_endpoint_start_next_buffer_veneer>:
10007340:	b401      	push	{r0}
10007342:	4802      	ldr	r0, [pc, #8]	@ (1000734c <__hw_endpoint_start_next_buffer_veneer+0xc>)
10007344:	4684      	mov	ip, r0
10007346:	bc01      	pop	{r0}
10007348:	4760      	bx	ip
1000734a:	bf00      	nop
1000734c:	20000cd1 	.word	0x20000cd1

10007350 <___hw_endpoint_buffer_control_update32_veneer>:
10007350:	b401      	push	{r0}
10007352:	4802      	ldr	r0, [pc, #8]	@ (1000735c <___hw_endpoint_buffer_control_update32_veneer+0xc>)
10007354:	4684      	mov	ip, r0
10007356:	bc01      	pop	{r0}
10007358:	4760      	bx	ip
1000735a:	bf00      	nop
1000735c:	20000c81 	.word	0x20000c81

10007360 <__e15_is_bulkin_ep_veneer>:
10007360:	b401      	push	{r0}
10007362:	4802      	ldr	r0, [pc, #8]	@ (1000736c <__e15_is_bulkin_ep_veneer+0xc>)
10007364:	4684      	mov	ip, r0
10007366:	bc01      	pop	{r0}
10007368:	4760      	bx	ip
1000736a:	bf00      	nop
1000736c:	20000c19 	.word	0x20000c19

10007370 <__pre_init_runtime_init_early_resets>:
10007370:	10001c49                                I...

10007374 <__pre_init_runtime_init_usb_power_down>:
10007374:	10001c75 10001e59 10002cad 100024fd     u...Y....,...$..
10007384:	10002bed                                .+..

10007388 <__pre_init_runtime_init_clocks>:
10007388:	10001d81                                ....

1000738c <__pre_init_runtime_init_post_clock_resets>:
1000738c:	10001c91                                ....

10007390 <__pre_init_runtime_init_rp2040_gpio_ie_disable>:
10007390:	10001cb1                                ....

10007394 <__pre_init_runtime_init_spin_locks_reset>:
10007394:	10001cc5                                ....

10007398 <__pre_init_runtime_init_mutex>:
10007398:	10000eb9                                ....

1000739c <__pre_init_runtime_init_install_ram_vector_table>:
1000739c:	10001ccd                                ....

100073a0 <__pre_init_runtime_init_default_alarm_pool>:
100073a0:	10001285                                ....

100073a4 <__pre_init_first_per_core_initializer>:
100073a4:	10001c11                                ....

100073a8 <__pre_init_runtime_init_per_core_irq_priorities>:
100073a8:	10000aed                                ....

100073ac <__init_array_start>:
100073ac:	10005041 	.word	0x10005041

100073b0 <__frame_dummy_init_array_entry>:
100073b0:	100002b1                                ....

Disassembly of section .data:

200000c0 <mutex_try_enter>:
200000c0:	0003      	movs	r3, r0
200000c2:	6800      	ldr	r0, [r0, #0]
200000c4:	f3ef 8c10 	mrs	ip, PRIMASK
200000c8:	b672      	cpsid	i
200000ca:	6802      	ldr	r2, [r0, #0]
200000cc:	2a00      	cmp	r2, #0
200000ce:	d0fc      	beq.n	200000ca <mutex_try_enter+0xa>
200000d0:	f3bf 8f5f 	dmb	sy
200000d4:	2204      	movs	r2, #4
200000d6:	569a      	ldrsb	r2, [r3, r2]
200000d8:	2a00      	cmp	r2, #0
200000da:	db0b      	blt.n	200000f4 <mutex_try_enter+0x34>
200000dc:	2900      	cmp	r1, #0
200000de:	d000      	beq.n	200000e2 <mutex_try_enter+0x22>
200000e0:	600a      	str	r2, [r1, #0]
200000e2:	2000      	movs	r0, #0
200000e4:	681b      	ldr	r3, [r3, #0]
200000e6:	f3bf 8f5f 	dmb	sy
200000ea:	2200      	movs	r2, #0
200000ec:	601a      	str	r2, [r3, #0]
200000ee:	f38c 8810 	msr	PRIMASK, ip
200000f2:	4770      	bx	lr
200000f4:	22d0      	movs	r2, #208	@ 0xd0
200000f6:	0612      	lsls	r2, r2, #24
200000f8:	6812      	ldr	r2, [r2, #0]
200000fa:	2001      	movs	r0, #1
200000fc:	711a      	strb	r2, [r3, #4]
200000fe:	e7f1      	b.n	200000e4 <mutex_try_enter+0x24>

20000100 <mutex_try_enter_block_until>:
20000100:	b5f0      	push	{r4, r5, r6, r7, lr}
20000102:	46c6      	mov	lr, r8
20000104:	0015      	movs	r5, r2
20000106:	b500      	push	{lr}
20000108:	0004      	movs	r4, r0
2000010a:	001e      	movs	r6, r3
2000010c:	6802      	ldr	r2, [r0, #0]
2000010e:	f3ef 8110 	mrs	r1, PRIMASK
20000112:	b672      	cpsid	i
20000114:	6813      	ldr	r3, [r2, #0]
20000116:	2b00      	cmp	r3, #0
20000118:	d0fc      	beq.n	20000114 <mutex_try_enter_block_until+0x14>
2000011a:	f3bf 8f5f 	dmb	sy
2000011e:	2304      	movs	r3, #4
20000120:	56e3      	ldrsb	r3, [r4, r3]
20000122:	6822      	ldr	r2, [r4, #0]
20000124:	2b00      	cmp	r3, #0
20000126:	db2b      	blt.n	20000180 <mutex_try_enter_block_until+0x80>
20000128:	f3bf 8f5f 	dmb	sy
2000012c:	2000      	movs	r0, #0
2000012e:	6010      	str	r0, [r2, #0]
20000130:	f381 8810 	msr	PRIMASK, r1
20000134:	22d0      	movs	r2, #208	@ 0xd0
20000136:	0612      	lsls	r2, r2, #24
20000138:	7812      	ldrb	r2, [r2, #0]
2000013a:	2700      	movs	r7, #0
2000013c:	b252      	sxtb	r2, r2
2000013e:	4690      	mov	r8, r2
20000140:	429a      	cmp	r2, r3
20000142:	d10e      	bne.n	20000162 <mutex_try_enter_block_until+0x62>
20000144:	2000      	movs	r0, #0
20000146:	bc80      	pop	{r7}
20000148:	46b8      	mov	r8, r7
2000014a:	bdf0      	pop	{r4, r5, r6, r7, pc}
2000014c:	f3bf 8f5f 	dmb	sy
20000150:	6017      	str	r7, [r2, #0]
20000152:	f381 8810 	msr	PRIMASK, r1
20000156:	0028      	movs	r0, r5
20000158:	0031      	movs	r1, r6
2000015a:	f000 ff31 	bl	20000fc0 <__best_effort_wfe_or_timeout_veneer>
2000015e:	2800      	cmp	r0, #0
20000160:	d1f0      	bne.n	20000144 <mutex_try_enter_block_until+0x44>
20000162:	6822      	ldr	r2, [r4, #0]
20000164:	f3ef 8110 	mrs	r1, PRIMASK
20000168:	b672      	cpsid	i
2000016a:	6813      	ldr	r3, [r2, #0]
2000016c:	2b00      	cmp	r3, #0
2000016e:	d0fc      	beq.n	2000016a <mutex_try_enter_block_until+0x6a>
20000170:	f3bf 8f5f 	dmb	sy
20000174:	7923      	ldrb	r3, [r4, #4]
20000176:	6822      	ldr	r2, [r4, #0]
20000178:	2b7f      	cmp	r3, #127	@ 0x7f
2000017a:	d9e7      	bls.n	2000014c <mutex_try_enter_block_until+0x4c>
2000017c:	4643      	mov	r3, r8
2000017e:	e002      	b.n	20000186 <mutex_try_enter_block_until+0x86>
20000180:	23d0      	movs	r3, #208	@ 0xd0
20000182:	061b      	lsls	r3, r3, #24
20000184:	681b      	ldr	r3, [r3, #0]
20000186:	7123      	strb	r3, [r4, #4]
20000188:	f3bf 8f5f 	dmb	sy
2000018c:	2300      	movs	r3, #0
2000018e:	6013      	str	r3, [r2, #0]
20000190:	f381 8810 	msr	PRIMASK, r1
20000194:	2001      	movs	r0, #1
20000196:	e7d6      	b.n	20000146 <mutex_try_enter_block_until+0x46>

20000198 <mutex_enter_timeout_ms>:
20000198:	b5f0      	push	{r4, r5, r6, r7, lr}
2000019a:	46c6      	mov	lr, r8
2000019c:	b500      	push	{lr}
2000019e:	000d      	movs	r5, r1
200001a0:	0004      	movs	r4, r0
200001a2:	f000 ff15 	bl	20000fd0 <__time_us_64_veneer>
200001a6:	22fa      	movs	r2, #250	@ 0xfa
200001a8:	0006      	movs	r6, r0
200001aa:	000f      	movs	r7, r1
200001ac:	2300      	movs	r3, #0
200001ae:	0028      	movs	r0, r5
200001b0:	2100      	movs	r1, #0
200001b2:	0092      	lsls	r2, r2, #2
200001b4:	f000 fef4 	bl	20000fa0 <____wrap___aeabi_lmul_veneer>
200001b8:	1836      	adds	r6, r6, r0
200001ba:	414f      	adcs	r7, r1
200001bc:	2f00      	cmp	r7, #0
200001be:	da02      	bge.n	200001c6 <mutex_enter_timeout_ms+0x2e>
200001c0:	2601      	movs	r6, #1
200001c2:	4f17      	ldr	r7, [pc, #92]	@ (20000220 <mutex_enter_timeout_ms+0x88>)
200001c4:	4276      	negs	r6, r6
200001c6:	23d0      	movs	r3, #208	@ 0xd0
200001c8:	061b      	lsls	r3, r3, #24
200001ca:	681b      	ldr	r3, [r3, #0]
200001cc:	2500      	movs	r5, #0
200001ce:	4698      	mov	r8, r3
200001d0:	e00a      	b.n	200001e8 <mutex_enter_timeout_ms+0x50>
200001d2:	f3bf 8f5f 	dmb	sy
200001d6:	6015      	str	r5, [r2, #0]
200001d8:	f381 8810 	msr	PRIMASK, r1
200001dc:	0030      	movs	r0, r6
200001de:	0039      	movs	r1, r7
200001e0:	f000 feee 	bl	20000fc0 <__best_effort_wfe_or_timeout_veneer>
200001e4:	2800      	cmp	r0, #0
200001e6:	d118      	bne.n	2000021a <mutex_enter_timeout_ms+0x82>
200001e8:	6822      	ldr	r2, [r4, #0]
200001ea:	f3ef 8110 	mrs	r1, PRIMASK
200001ee:	b672      	cpsid	i
200001f0:	6813      	ldr	r3, [r2, #0]
200001f2:	2b00      	cmp	r3, #0
200001f4:	d0fc      	beq.n	200001f0 <mutex_enter_timeout_ms+0x58>
200001f6:	f3bf 8f5f 	dmb	sy
200001fa:	7923      	ldrb	r3, [r4, #4]
200001fc:	6822      	ldr	r2, [r4, #0]
200001fe:	2b7f      	cmp	r3, #127	@ 0x7f
20000200:	d9e7      	bls.n	200001d2 <mutex_enter_timeout_ms+0x3a>
20000202:	4643      	mov	r3, r8
20000204:	7123      	strb	r3, [r4, #4]
20000206:	f3bf 8f5f 	dmb	sy
2000020a:	2300      	movs	r3, #0
2000020c:	6013      	str	r3, [r2, #0]
2000020e:	f381 8810 	msr	PRIMASK, r1
20000212:	2001      	movs	r0, #1
20000214:	bc80      	pop	{r7}
20000216:	46b8      	mov	r8, r7
20000218:	bdf0      	pop	{r4, r5, r6, r7, pc}
2000021a:	2000      	movs	r0, #0
2000021c:	e7fa      	b.n	20000214 <mutex_enter_timeout_ms+0x7c>
2000021e:	46c0      	nop			@ (mov r8, r8)
20000220:	7fffffff 	.word	0x7fffffff

20000224 <mutex_exit>:
20000224:	6802      	ldr	r2, [r0, #0]
20000226:	f3ef 8110 	mrs	r1, PRIMASK
2000022a:	b672      	cpsid	i
2000022c:	6813      	ldr	r3, [r2, #0]
2000022e:	2b00      	cmp	r3, #0
20000230:	d0fc      	beq.n	2000022c <mutex_exit+0x8>
20000232:	f3bf 8f5f 	dmb	sy
20000236:	23ff      	movs	r3, #255	@ 0xff
20000238:	7103      	strb	r3, [r0, #4]
2000023a:	6803      	ldr	r3, [r0, #0]
2000023c:	f3bf 8f5f 	dmb	sy
20000240:	2200      	movs	r2, #0
20000242:	601a      	str	r2, [r3, #0]
20000244:	f381 8810 	msr	PRIMASK, r1
20000248:	bf40      	sev
2000024a:	4770      	bx	lr

2000024c <flash_init_boot2_copyout>:
2000024c:	b510      	push	{r4, lr}
2000024e:	4c08      	ldr	r4, [pc, #32]	@ (20000270 <flash_init_boot2_copyout+0x24>)
20000250:	7823      	ldrb	r3, [r4, #0]
20000252:	2b00      	cmp	r3, #0
20000254:	d10a      	bne.n	2000026c <flash_init_boot2_copyout+0x20>
20000256:	2380      	movs	r3, #128	@ 0x80
20000258:	4806      	ldr	r0, [pc, #24]	@ (20000274 <flash_init_boot2_copyout+0x28>)
2000025a:	4907      	ldr	r1, [pc, #28]	@ (20000278 <flash_init_boot2_copyout+0x2c>)
2000025c:	055b      	lsls	r3, r3, #21
2000025e:	681a      	ldr	r2, [r3, #0]
20000260:	50c2      	str	r2, [r0, r3]
20000262:	3304      	adds	r3, #4
20000264:	428b      	cmp	r3, r1
20000266:	d1fa      	bne.n	2000025e <flash_init_boot2_copyout+0x12>
20000268:	2301      	movs	r3, #1
2000026a:	7023      	strb	r3, [r4, #0]
2000026c:	bd10      	pop	{r4, pc}
2000026e:	46c0      	nop			@ (mov r8, r8)
20000270:	20001fac 	.word	0x20001fac
20000274:	100019d0 	.word	0x100019d0
20000278:	10000100 	.word	0x10000100

2000027c <flash_enable_xip_via_boot2>:
2000027c:	b510      	push	{r4, lr}
2000027e:	4b01      	ldr	r3, [pc, #4]	@ (20000284 <flash_enable_xip_via_boot2+0x8>)
20000280:	4798      	blx	r3
20000282:	bd10      	pop	{r4, pc}
20000284:	200019d1 	.word	0x200019d1

20000288 <flash_save_hardware_state>:
20000288:	4b06      	ldr	r3, [pc, #24]	@ (200002a4 <flash_save_hardware_state+0x1c>)
2000028a:	685a      	ldr	r2, [r3, #4]
2000028c:	6002      	str	r2, [r0, #0]
2000028e:	689a      	ldr	r2, [r3, #8]
20000290:	6042      	str	r2, [r0, #4]
20000292:	68da      	ldr	r2, [r3, #12]
20000294:	6082      	str	r2, [r0, #8]
20000296:	691a      	ldr	r2, [r3, #16]
20000298:	60c2      	str	r2, [r0, #12]
2000029a:	695a      	ldr	r2, [r3, #20]
2000029c:	6102      	str	r2, [r0, #16]
2000029e:	699b      	ldr	r3, [r3, #24]
200002a0:	6143      	str	r3, [r0, #20]
200002a2:	4770      	bx	lr
200002a4:	40020000 	.word	0x40020000

200002a8 <flash_restore_hardware_state>:
200002a8:	6802      	ldr	r2, [r0, #0]
200002aa:	4b06      	ldr	r3, [pc, #24]	@ (200002c4 <flash_restore_hardware_state+0x1c>)
200002ac:	605a      	str	r2, [r3, #4]
200002ae:	6842      	ldr	r2, [r0, #4]
200002b0:	609a      	str	r2, [r3, #8]
200002b2:	6882      	ldr	r2, [r0, #8]
200002b4:	60da      	str	r2, [r3, #12]
200002b6:	68c2      	ldr	r2, [r0, #12]
200002b8:	611a      	str	r2, [r3, #16]
200002ba:	6902      	ldr	r2, [r0, #16]
200002bc:	615a      	str	r2, [r3, #20]
200002be:	6942      	ldr	r2, [r0, #20]
200002c0:	619a      	str	r2, [r3, #24]
200002c2:	4770      	bx	lr
200002c4:	40020000 	.word	0x40020000

200002c8 <flash_cs_force.constprop.0>:
200002c8:	4b03      	ldr	r3, [pc, #12]	@ (200002d8 <flash_cs_force.constprop.0+0x10>)
200002ca:	681a      	ldr	r2, [r3, #0]
200002cc:	23c0      	movs	r3, #192	@ 0xc0
200002ce:	009b      	lsls	r3, r3, #2
200002d0:	4393      	bics	r3, r2
200002d2:	4a02      	ldr	r2, [pc, #8]	@ (200002dc <flash_cs_force.constprop.0+0x14>)
200002d4:	6013      	str	r3, [r2, #0]
200002d6:	4770      	bx	lr
200002d8:	4001800c 	.word	0x4001800c
200002dc:	4001900c 	.word	0x4001900c

200002e0 <flash_cs_force.constprop.1>:
200002e0:	4b05      	ldr	r3, [pc, #20]	@ (200002f8 <flash_cs_force.constprop.1+0x18>)
200002e2:	681a      	ldr	r2, [r3, #0]
200002e4:	2380      	movs	r3, #128	@ 0x80
200002e6:	009b      	lsls	r3, r3, #2
200002e8:	4053      	eors	r3, r2
200002ea:	22c0      	movs	r2, #192	@ 0xc0
200002ec:	0092      	lsls	r2, r2, #2
200002ee:	4013      	ands	r3, r2
200002f0:	4a02      	ldr	r2, [pc, #8]	@ (200002fc <flash_cs_force.constprop.1+0x1c>)
200002f2:	6013      	str	r3, [r2, #0]
200002f4:	4770      	bx	lr
200002f6:	46c0      	nop			@ (mov r8, r8)
200002f8:	4001800c 	.word	0x4001800c
200002fc:	4001900c 	.word	0x4001900c

20000300 <flash_do_cmd>:
20000300:	2300      	movs	r3, #0
20000302:	b5f0      	push	{r4, r5, r6, r7, lr}
20000304:	46de      	mov	lr, fp
20000306:	4657      	mov	r7, sl
20000308:	464e      	mov	r6, r9
2000030a:	4645      	mov	r5, r8
2000030c:	469a      	mov	sl, r3
2000030e:	b5e0      	push	{r5, r6, r7, lr}
20000310:	b089      	sub	sp, #36	@ 0x24
20000312:	9001      	str	r0, [sp, #4]
20000314:	000e      	movs	r6, r1
20000316:	8a98      	ldrh	r0, [r3, #20]
20000318:	4945      	ldr	r1, [pc, #276]	@ (20000430 <flash_do_cmd+0x130>)
2000031a:	8b1b      	ldrh	r3, [r3, #24]
2000031c:	0014      	movs	r4, r2
2000031e:	4798      	blx	r3
20000320:	4653      	mov	r3, sl
20000322:	4681      	mov	r9, r0
20000324:	4943      	ldr	r1, [pc, #268]	@ (20000434 <flash_do_cmd+0x134>)
20000326:	8a98      	ldrh	r0, [r3, #20]
20000328:	8b1b      	ldrh	r3, [r3, #24]
2000032a:	4798      	blx	r3
2000032c:	4653      	mov	r3, sl
2000032e:	4942      	ldr	r1, [pc, #264]	@ (20000438 <flash_do_cmd+0x138>)
20000330:	0005      	movs	r5, r0
20000332:	8a98      	ldrh	r0, [r3, #20]
20000334:	8b1b      	ldrh	r3, [r3, #24]
20000336:	4798      	blx	r3
20000338:	4680      	mov	r8, r0
2000033a:	f7ff ff87 	bl	2000024c <flash_init_boot2_copyout>
2000033e:	a802      	add	r0, sp, #8
20000340:	f7ff ffa2 	bl	20000288 <flash_save_hardware_state>
20000344:	47c8      	blx	r9
20000346:	47a8      	blx	r5
20000348:	f7ff ffca 	bl	200002e0 <flash_cs_force.constprop.1>
2000034c:	1e25      	subs	r5, r4, #0
2000034e:	d022      	beq.n	20000396 <flash_do_cmd+0x96>
20000350:	2308      	movs	r3, #8
20000352:	21c0      	movs	r1, #192	@ 0xc0
20000354:	469c      	mov	ip, r3
20000356:	2002      	movs	r0, #2
20000358:	0549      	lsls	r1, r1, #21
2000035a:	4662      	mov	r2, ip
2000035c:	6a8b      	ldr	r3, [r1, #40]	@ 0x28
2000035e:	401a      	ands	r2, r3
20000360:	4218      	tst	r0, r3
20000362:	d03f      	beq.n	200003e4 <flash_do_cmd+0xe4>
20000364:	1b63      	subs	r3, r4, r5
20000366:	2d00      	cmp	r5, #0
20000368:	d12f      	bne.n	200003ca <flash_do_cmd+0xca>
2000036a:	2a00      	cmp	r2, #0
2000036c:	d111      	bne.n	20000392 <flash_do_cmd+0x92>
2000036e:	2c00      	cmp	r4, #0
20000370:	d011      	beq.n	20000396 <flash_do_cmd+0x96>
20000372:	23c0      	movs	r3, #192	@ 0xc0
20000374:	055b      	lsls	r3, r3, #21
20000376:	469b      	mov	fp, r3
20000378:	2302      	movs	r3, #2
2000037a:	469a      	mov	sl, r3
2000037c:	3306      	adds	r3, #6
2000037e:	4699      	mov	r9, r3
20000380:	465b      	mov	r3, fp
20000382:	464a      	mov	r2, r9
20000384:	4657      	mov	r7, sl
20000386:	6a9b      	ldr	r3, [r3, #40]	@ 0x28
20000388:	401a      	ands	r2, r3
2000038a:	421f      	tst	r7, r3
2000038c:	d042      	beq.n	20000414 <flash_do_cmd+0x114>
2000038e:	2a00      	cmp	r2, #0
20000390:	d0f6      	beq.n	20000380 <flash_do_cmd+0x80>
20000392:	2c00      	cmp	r4, #0
20000394:	d130      	bne.n	200003f8 <flash_do_cmd+0xf8>
20000396:	f7ff ff97 	bl	200002c8 <flash_cs_force.constprop.0>
2000039a:	47c0      	blx	r8
2000039c:	f7ff ff6e 	bl	2000027c <flash_enable_xip_via_boot2>
200003a0:	a802      	add	r0, sp, #8
200003a2:	f7ff ff81 	bl	200002a8 <flash_restore_hardware_state>
200003a6:	b009      	add	sp, #36	@ 0x24
200003a8:	bcf0      	pop	{r4, r5, r6, r7}
200003aa:	46bb      	mov	fp, r7
200003ac:	46b2      	mov	sl, r6
200003ae:	46a9      	mov	r9, r5
200003b0:	46a0      	mov	r8, r4
200003b2:	bdf0      	pop	{r4, r5, r6, r7, pc}
200003b4:	2c00      	cmp	r4, #0
200003b6:	d12f      	bne.n	20000418 <flash_do_cmd+0x118>
200003b8:	22c0      	movs	r2, #192	@ 0xc0
200003ba:	0552      	lsls	r2, r2, #21
200003bc:	6a92      	ldr	r2, [r2, #40]	@ 0x28
200003be:	4691      	mov	r9, r2
200003c0:	2208      	movs	r2, #8
200003c2:	464f      	mov	r7, r9
200003c4:	403a      	ands	r2, r7
200003c6:	07bf      	lsls	r7, r7, #30
200003c8:	d52d      	bpl.n	20000426 <flash_do_cmd+0x126>
200003ca:	2b0d      	cmp	r3, #13
200003cc:	d91b      	bls.n	20000406 <flash_do_cmd+0x106>
200003ce:	2a00      	cmp	r2, #0
200003d0:	d1f0      	bne.n	200003b4 <flash_do_cmd+0xb4>
200003d2:	22c0      	movs	r2, #192	@ 0xc0
200003d4:	0552      	lsls	r2, r2, #21
200003d6:	6a92      	ldr	r2, [r2, #40]	@ 0x28
200003d8:	4691      	mov	r9, r2
200003da:	2208      	movs	r2, #8
200003dc:	464f      	mov	r7, r9
200003de:	403a      	ands	r2, r7
200003e0:	07bf      	lsls	r7, r7, #30
200003e2:	d4f2      	bmi.n	200003ca <flash_do_cmd+0xca>
200003e4:	2a00      	cmp	r2, #0
200003e6:	d104      	bne.n	200003f2 <flash_do_cmd+0xf2>
200003e8:	002b      	movs	r3, r5
200003ea:	4323      	orrs	r3, r4
200003ec:	2b00      	cmp	r3, #0
200003ee:	d1b4      	bne.n	2000035a <flash_do_cmd+0x5a>
200003f0:	e7d1      	b.n	20000396 <flash_do_cmd+0x96>
200003f2:	002b      	movs	r3, r5
200003f4:	2c00      	cmp	r4, #0
200003f6:	d0f9      	beq.n	200003ec <flash_do_cmd+0xec>
200003f8:	6e0b      	ldr	r3, [r1, #96]	@ 0x60
200003fa:	3c01      	subs	r4, #1
200003fc:	7033      	strb	r3, [r6, #0]
200003fe:	0023      	movs	r3, r4
20000400:	3601      	adds	r6, #1
20000402:	432b      	orrs	r3, r5
20000404:	e7f2      	b.n	200003ec <flash_do_cmd+0xec>
20000406:	9f01      	ldr	r7, [sp, #4]
20000408:	3d01      	subs	r5, #1
2000040a:	783b      	ldrb	r3, [r7, #0]
2000040c:	3701      	adds	r7, #1
2000040e:	660b      	str	r3, [r1, #96]	@ 0x60
20000410:	9701      	str	r7, [sp, #4]
20000412:	e7e7      	b.n	200003e4 <flash_do_cmd+0xe4>
20000414:	2500      	movs	r5, #0
20000416:	e7e5      	b.n	200003e4 <flash_do_cmd+0xe4>
20000418:	23c0      	movs	r3, #192	@ 0xc0
2000041a:	055b      	lsls	r3, r3, #21
2000041c:	6e1b      	ldr	r3, [r3, #96]	@ 0x60
2000041e:	3c01      	subs	r4, #1
20000420:	7033      	strb	r3, [r6, #0]
20000422:	3601      	adds	r6, #1
20000424:	e799      	b.n	2000035a <flash_do_cmd+0x5a>
20000426:	002b      	movs	r3, r5
20000428:	2a00      	cmp	r2, #0
2000042a:	d1df      	bne.n	200003ec <flash_do_cmd+0xec>
2000042c:	e7dc      	b.n	200003e8 <flash_do_cmd+0xe8>
2000042e:	46c0      	nop			@ (mov r8, r8)
20000430:	00004649 	.word	0x00004649
20000434:	00005845 	.word	0x00005845
20000438:	00004346 	.word	0x00004346

2000043c <reset_non_control_endpoints>:
2000043c:	2200      	movs	r2, #0
2000043e:	4b15      	ldr	r3, [pc, #84]	@ (20000494 <reset_non_control_endpoints+0x58>)
20000440:	b510      	push	{r4, lr}
20000442:	609a      	str	r2, [r3, #8]
20000444:	60da      	str	r2, [r3, #12]
20000446:	611a      	str	r2, [r3, #16]
20000448:	615a      	str	r2, [r3, #20]
2000044a:	619a      	str	r2, [r3, #24]
2000044c:	61da      	str	r2, [r3, #28]
2000044e:	621a      	str	r2, [r3, #32]
20000450:	625a      	str	r2, [r3, #36]	@ 0x24
20000452:	629a      	str	r2, [r3, #40]	@ 0x28
20000454:	62da      	str	r2, [r3, #44]	@ 0x2c
20000456:	631a      	str	r2, [r3, #48]	@ 0x30
20000458:	635a      	str	r2, [r3, #52]	@ 0x34
2000045a:	639a      	str	r2, [r3, #56]	@ 0x38
2000045c:	63da      	str	r2, [r3, #60]	@ 0x3c
2000045e:	641a      	str	r2, [r3, #64]	@ 0x40
20000460:	645a      	str	r2, [r3, #68]	@ 0x44
20000462:	649a      	str	r2, [r3, #72]	@ 0x48
20000464:	64da      	str	r2, [r3, #76]	@ 0x4c
20000466:	651a      	str	r2, [r3, #80]	@ 0x50
20000468:	655a      	str	r2, [r3, #84]	@ 0x54
2000046a:	659a      	str	r2, [r3, #88]	@ 0x58
2000046c:	65da      	str	r2, [r3, #92]	@ 0x5c
2000046e:	661a      	str	r2, [r3, #96]	@ 0x60
20000470:	665a      	str	r2, [r3, #100]	@ 0x64
20000472:	669a      	str	r2, [r3, #104]	@ 0x68
20000474:	66da      	str	r2, [r3, #108]	@ 0x6c
20000476:	671a      	str	r2, [r3, #112]	@ 0x70
20000478:	675a      	str	r2, [r3, #116]	@ 0x74
2000047a:	679a      	str	r2, [r3, #120]	@ 0x78
2000047c:	67da      	str	r2, [r3, #124]	@ 0x7c
2000047e:	32f0      	adds	r2, #240	@ 0xf0
20000480:	0092      	lsls	r2, r2, #2
20000482:	2100      	movs	r1, #0
20000484:	4804      	ldr	r0, [pc, #16]	@ (20000498 <reset_non_control_endpoints+0x5c>)
20000486:	f000 fd7b 	bl	20000f80 <____wrap_memset_veneer>
2000048a:	4b04      	ldr	r3, [pc, #16]	@ (2000049c <reset_non_control_endpoints+0x60>)
2000048c:	4a04      	ldr	r2, [pc, #16]	@ (200004a0 <reset_non_control_endpoints+0x64>)
2000048e:	601a      	str	r2, [r3, #0]
20000490:	bd10      	pop	{r4, pc}
20000492:	46c0      	nop			@ (mov r8, r8)
20000494:	50100000 	.word	0x50100000
20000498:	20001b7c 	.word	0x20001b7c
2000049c:	20001f44 	.word	0x20001f44
200004a0:	50100180 	.word	0x50100180

200004a4 <hw_handle_buff_status>:
200004a4:	b5f0      	push	{r4, r5, r6, r7, lr}
200004a6:	464e      	mov	r6, r9
200004a8:	4645      	mov	r5, r8
200004aa:	46de      	mov	lr, fp
200004ac:	4657      	mov	r7, sl
200004ae:	b5e0      	push	{r5, r6, r7, lr}
200004b0:	4b21      	ldr	r3, [pc, #132]	@ (20000538 <hw_handle_buff_status+0x94>)
200004b2:	2400      	movs	r4, #0
200004b4:	6d9e      	ldr	r6, [r3, #88]	@ 0x58
200004b6:	2501      	movs	r5, #1
200004b8:	b085      	sub	sp, #20
200004ba:	2e00      	cmp	r6, #0
200004bc:	d022      	beq.n	20000504 <hw_handle_buff_status+0x60>
200004be:	4b1f      	ldr	r3, [pc, #124]	@ (2000053c <hw_handle_buff_status+0x98>)
200004c0:	469a      	mov	sl, r3
200004c2:	2301      	movs	r3, #1
200004c4:	4699      	mov	r9, r3
200004c6:	4b1e      	ldr	r3, [pc, #120]	@ (20000540 <hw_handle_buff_status+0x9c>)
200004c8:	4698      	mov	r8, r3
200004ca:	e001      	b.n	200004d0 <hw_handle_buff_status+0x2c>
200004cc:	2c20      	cmp	r4, #32
200004ce:	d019      	beq.n	20000504 <hw_handle_buff_status+0x60>
200004d0:	002a      	movs	r2, r5
200004d2:	0023      	movs	r3, r4
200004d4:	3401      	adds	r4, #1
200004d6:	002f      	movs	r7, r5
200004d8:	4032      	ands	r2, r6
200004da:	b2e4      	uxtb	r4, r4
200004dc:	006d      	lsls	r5, r5, #1
200004de:	2a00      	cmp	r2, #0
200004e0:	d0f4      	beq.n	200004cc <hw_handle_buff_status+0x28>
200004e2:	4652      	mov	r2, sl
200004e4:	6597      	str	r7, [r2, #88]	@ 0x58
200004e6:	464a      	mov	r2, r9
200004e8:	085b      	lsrs	r3, r3, #1
200004ea:	005b      	lsls	r3, r3, #1
200004ec:	4022      	ands	r2, r4
200004ee:	189b      	adds	r3, r3, r2
200004f0:	015b      	lsls	r3, r3, #5
200004f2:	4443      	add	r3, r8
200004f4:	0018      	movs	r0, r3
200004f6:	469b      	mov	fp, r3
200004f8:	f000 fc1e 	bl	20000d38 <hw_endpoint_xfer_continue>
200004fc:	2800      	cmp	r0, #0
200004fe:	d108      	bne.n	20000512 <hw_handle_buff_status+0x6e>
20000500:	43be      	bics	r6, r7
20000502:	d1e3      	bne.n	200004cc <hw_handle_buff_status+0x28>
20000504:	b005      	add	sp, #20
20000506:	bcf0      	pop	{r4, r5, r6, r7}
20000508:	46bb      	mov	fp, r7
2000050a:	46b2      	mov	sl, r6
2000050c:	46a9      	mov	r9, r5
2000050e:	46a0      	mov	r8, r4
20000510:	bdf0      	pop	{r4, r5, r6, r7, pc}
20000512:	465b      	mov	r3, fp
20000514:	21e0      	movs	r1, #224	@ 0xe0
20000516:	789a      	ldrb	r2, [r3, #2]
20000518:	8adb      	ldrh	r3, [r3, #22]
2000051a:	a801      	add	r0, sp, #4
2000051c:	6083      	str	r3, [r0, #8]
2000051e:	2300      	movs	r3, #0
20000520:	00c9      	lsls	r1, r1, #3
20000522:	8001      	strh	r1, [r0, #0]
20000524:	2101      	movs	r1, #1
20000526:	7102      	strb	r2, [r0, #4]
20000528:	7143      	strb	r3, [r0, #5]
2000052a:	f000 fc25 	bl	20000d78 <dcd_event_handler>
2000052e:	4658      	mov	r0, fp
20000530:	f000 fba0 	bl	20000c74 <hw_endpoint_reset_transfer>
20000534:	e7e4      	b.n	20000500 <hw_handle_buff_status+0x5c>
20000536:	46c0      	nop			@ (mov r8, r8)
20000538:	50110000 	.word	0x50110000
2000053c:	50113000 	.word	0x50113000
20000540:	20001b3c 	.word	0x20001b3c

20000544 <dcd_rp2040_irq>:
20000544:	2398      	movs	r3, #152	@ 0x98
20000546:	b5f0      	push	{r4, r5, r6, r7, lr}
20000548:	46c6      	mov	lr, r8
2000054a:	4ac8      	ldr	r2, [pc, #800]	@ (2000086c <dcd_rp2040_irq+0x328>)
2000054c:	b500      	push	{lr}
2000054e:	58d5      	ldr	r5, [r2, r3]
20000550:	2380      	movs	r3, #128	@ 0x80
20000552:	002e      	movs	r6, r5
20000554:	029b      	lsls	r3, r3, #10
20000556:	2410      	movs	r4, #16
20000558:	b084      	sub	sp, #16
2000055a:	401e      	ands	r6, r3
2000055c:	421d      	tst	r5, r3
2000055e:	d074      	beq.n	2000064a <dcd_rp2040_irq+0x106>
20000560:	4bc3      	ldr	r3, [pc, #780]	@ (20000870 <dcd_rp2040_irq+0x32c>)
20000562:	4cc4      	ldr	r4, [pc, #784]	@ (20000874 <dcd_rp2040_irq+0x330>)
20000564:	6a9a      	ldr	r2, [r3, #40]	@ 0x28
20000566:	4bc4      	ldr	r3, [pc, #784]	@ (20000878 <dcd_rp2040_irq+0x334>)
20000568:	2600      	movs	r6, #0
2000056a:	601a      	str	r2, [r3, #0]
2000056c:	233b      	movs	r3, #59	@ 0x3b
2000056e:	5ce3      	ldrb	r3, [r4, r3]
20000570:	2b02      	cmp	r3, #2
20000572:	d100      	bne.n	20000576 <dcd_rp2040_irq+0x32>
20000574:	e14f      	b.n	20000816 <dcd_rp2040_irq+0x2d2>
20000576:	237b      	movs	r3, #123	@ 0x7b
20000578:	5ce3      	ldrb	r3, [r4, r3]
2000057a:	2b02      	cmp	r3, #2
2000057c:	d100      	bne.n	20000580 <dcd_rp2040_irq+0x3c>
2000057e:	e0f3      	b.n	20000768 <dcd_rp2040_irq+0x224>
20000580:	23bb      	movs	r3, #187	@ 0xbb
20000582:	5ce3      	ldrb	r3, [r4, r3]
20000584:	2b02      	cmp	r3, #2
20000586:	d100      	bne.n	2000058a <dcd_rp2040_irq+0x46>
20000588:	e0fa      	b.n	20000780 <dcd_rp2040_irq+0x23c>
2000058a:	23fb      	movs	r3, #251	@ 0xfb
2000058c:	5ce3      	ldrb	r3, [r4, r3]
2000058e:	2b02      	cmp	r3, #2
20000590:	d100      	bne.n	20000594 <dcd_rp2040_irq+0x50>
20000592:	e101      	b.n	20000798 <dcd_rp2040_irq+0x254>
20000594:	233c      	movs	r3, #60	@ 0x3c
20000596:	33ff      	adds	r3, #255	@ 0xff
20000598:	5ce3      	ldrb	r3, [r4, r3]
2000059a:	2b02      	cmp	r3, #2
2000059c:	d100      	bne.n	200005a0 <dcd_rp2040_irq+0x5c>
2000059e:	e12d      	b.n	200007fc <dcd_rp2040_irq+0x2b8>
200005a0:	237c      	movs	r3, #124	@ 0x7c
200005a2:	33ff      	adds	r3, #255	@ 0xff
200005a4:	5ce3      	ldrb	r3, [r4, r3]
200005a6:	2b02      	cmp	r3, #2
200005a8:	d100      	bne.n	200005ac <dcd_rp2040_irq+0x68>
200005aa:	e10e      	b.n	200007ca <dcd_rp2040_irq+0x286>
200005ac:	23bc      	movs	r3, #188	@ 0xbc
200005ae:	33ff      	adds	r3, #255	@ 0xff
200005b0:	5ce3      	ldrb	r3, [r4, r3]
200005b2:	2b02      	cmp	r3, #2
200005b4:	d100      	bne.n	200005b8 <dcd_rp2040_irq+0x74>
200005b6:	e13f      	b.n	20000838 <dcd_rp2040_irq+0x2f4>
200005b8:	23fc      	movs	r3, #252	@ 0xfc
200005ba:	33ff      	adds	r3, #255	@ 0xff
200005bc:	5ce3      	ldrb	r3, [r4, r3]
200005be:	2b02      	cmp	r3, #2
200005c0:	d100      	bne.n	200005c4 <dcd_rp2040_irq+0x80>
200005c2:	e0f5      	b.n	200007b0 <dcd_rp2040_irq+0x26c>
200005c4:	4bad      	ldr	r3, [pc, #692]	@ (2000087c <dcd_rp2040_irq+0x338>)
200005c6:	5ce3      	ldrb	r3, [r4, r3]
200005c8:	2b02      	cmp	r3, #2
200005ca:	d100      	bne.n	200005ce <dcd_rp2040_irq+0x8a>
200005cc:	e174      	b.n	200008b8 <dcd_rp2040_irq+0x374>
200005ce:	4bac      	ldr	r3, [pc, #688]	@ (20000880 <dcd_rp2040_irq+0x33c>)
200005d0:	5ce3      	ldrb	r3, [r4, r3]
200005d2:	2b02      	cmp	r3, #2
200005d4:	d100      	bne.n	200005d8 <dcd_rp2040_irq+0x94>
200005d6:	e105      	b.n	200007e4 <dcd_rp2040_irq+0x2a0>
200005d8:	4baa      	ldr	r3, [pc, #680]	@ (20000884 <dcd_rp2040_irq+0x340>)
200005da:	5ce3      	ldrb	r3, [r4, r3]
200005dc:	2b02      	cmp	r3, #2
200005de:	d100      	bne.n	200005e2 <dcd_rp2040_irq+0x9e>
200005e0:	e175      	b.n	200008ce <dcd_rp2040_irq+0x38a>
200005e2:	4ba9      	ldr	r3, [pc, #676]	@ (20000888 <dcd_rp2040_irq+0x344>)
200005e4:	5ce3      	ldrb	r3, [r4, r3]
200005e6:	2b02      	cmp	r3, #2
200005e8:	d100      	bne.n	200005ec <dcd_rp2040_irq+0xa8>
200005ea:	e132      	b.n	20000852 <dcd_rp2040_irq+0x30e>
200005ec:	4ba7      	ldr	r3, [pc, #668]	@ (2000088c <dcd_rp2040_irq+0x348>)
200005ee:	5ce3      	ldrb	r3, [r4, r3]
200005f0:	2b02      	cmp	r3, #2
200005f2:	d100      	bne.n	200005f6 <dcd_rp2040_irq+0xb2>
200005f4:	e1a0      	b.n	20000938 <dcd_rp2040_irq+0x3f4>
200005f6:	4ba6      	ldr	r3, [pc, #664]	@ (20000890 <dcd_rp2040_irq+0x34c>)
200005f8:	5ce3      	ldrb	r3, [r4, r3]
200005fa:	2b02      	cmp	r3, #2
200005fc:	d100      	bne.n	20000600 <dcd_rp2040_irq+0xbc>
200005fe:	e171      	b.n	200008e4 <dcd_rp2040_irq+0x3a0>
20000600:	4ba4      	ldr	r3, [pc, #656]	@ (20000894 <dcd_rp2040_irq+0x350>)
20000602:	5ce3      	ldrb	r3, [r4, r3]
20000604:	2b02      	cmp	r3, #2
20000606:	d100      	bne.n	2000060a <dcd_rp2040_irq+0xc6>
20000608:	e1a1      	b.n	2000094e <dcd_rp2040_irq+0x40a>
2000060a:	4ba3      	ldr	r3, [pc, #652]	@ (20000898 <dcd_rp2040_irq+0x354>)
2000060c:	5ce3      	ldrb	r3, [r4, r3]
2000060e:	2b02      	cmp	r3, #2
20000610:	d100      	bne.n	20000614 <dcd_rp2040_irq+0xd0>
20000612:	e17f      	b.n	20000914 <dcd_rp2040_irq+0x3d0>
20000614:	2e00      	cmp	r6, #0
20000616:	d108      	bne.n	2000062a <dcd_rp2040_irq+0xe6>
20000618:	4ba0      	ldr	r3, [pc, #640]	@ (2000089c <dcd_rp2040_irq+0x358>)
2000061a:	781b      	ldrb	r3, [r3, #0]
2000061c:	2b00      	cmp	r3, #0
2000061e:	d104      	bne.n	2000062a <dcd_rp2040_irq+0xe6>
20000620:	2180      	movs	r1, #128	@ 0x80
20000622:	4a9f      	ldr	r2, [pc, #636]	@ (200008a0 <dcd_rp2040_irq+0x35c>)
20000624:	3390      	adds	r3, #144	@ 0x90
20000626:	0289      	lsls	r1, r1, #10
20000628:	50d1      	str	r1, [r2, r3]
2000062a:	22c0      	movs	r2, #192	@ 0xc0
2000062c:	4669      	mov	r1, sp
2000062e:	4b8f      	ldr	r3, [pc, #572]	@ (2000086c <dcd_rp2040_irq+0x328>)
20000630:	0092      	lsls	r2, r2, #2
20000632:	6c9b      	ldr	r3, [r3, #72]	@ 0x48
20000634:	2680      	movs	r6, #128	@ 0x80
20000636:	055b      	lsls	r3, r3, #21
20000638:	808a      	strh	r2, [r1, #4]
2000063a:	0d5b      	lsrs	r3, r3, #21
2000063c:	2101      	movs	r1, #1
2000063e:	a801      	add	r0, sp, #4
20000640:	9302      	str	r3, [sp, #8]
20000642:	f000 fb99 	bl	20000d78 <dcd_event_handler>
20000646:	4c97      	ldr	r4, [pc, #604]	@ (200008a4 <dcd_rp2040_irq+0x360>)
20000648:	02b6      	lsls	r6, r6, #10
2000064a:	06eb      	lsls	r3, r5, #27
2000064c:	d500      	bpl.n	20000650 <dcd_rp2040_irq+0x10c>
2000064e:	e07f      	b.n	20000750 <dcd_rp2040_irq+0x20c>
20000650:	2380      	movs	r3, #128	@ 0x80
20000652:	025b      	lsls	r3, r3, #9
20000654:	421d      	tst	r5, r3
20000656:	d031      	beq.n	200006bc <dcd_rp2040_irq+0x178>
20000658:	431e      	orrs	r6, r3
2000065a:	2301      	movs	r3, #1
2000065c:	2402      	movs	r4, #2
2000065e:	4698      	mov	r8, r3
20000660:	4f84      	ldr	r7, [pc, #528]	@ (20000874 <dcd_rp2040_irq+0x330>)
20000662:	7ebb      	ldrb	r3, [r7, #26]
20000664:	2b00      	cmp	r3, #0
20000666:	d014      	beq.n	20000692 <dcd_rp2040_irq+0x14e>
20000668:	f000 fc92 	bl	20000f90 <__rp2040_chip_version_veneer>
2000066c:	2801      	cmp	r0, #1
2000066e:	d900      	bls.n	20000672 <dcd_rp2040_irq+0x12e>
20000670:	e072      	b.n	20000758 <dcd_rp2040_irq+0x214>
20000672:	22c0      	movs	r2, #192	@ 0xc0
20000674:	2100      	movs	r1, #0
20000676:	0038      	movs	r0, r7
20000678:	0192      	lsls	r2, r2, #6
2000067a:	f000 fb01 	bl	20000c80 <_hw_endpoint_buffer_control_update32>
2000067e:	0038      	movs	r0, r7
20000680:	f000 faf8 	bl	20000c74 <hw_endpoint_reset_transfer>
20000684:	f000 fc84 	bl	20000f90 <__rp2040_chip_version_veneer>
20000688:	2801      	cmp	r0, #1
2000068a:	d902      	bls.n	20000692 <dcd_rp2040_irq+0x14e>
2000068c:	4b84      	ldr	r3, [pc, #528]	@ (200008a0 <dcd_rp2040_irq+0x35c>)
2000068e:	665c      	str	r4, [r3, #100]	@ 0x64
20000690:	661c      	str	r4, [r3, #96]	@ 0x60
20000692:	4643      	mov	r3, r8
20000694:	70fb      	strb	r3, [r7, #3]
20000696:	3720      	adds	r7, #32
20000698:	2c01      	cmp	r4, #1
2000069a:	d122      	bne.n	200006e2 <dcd_rp2040_irq+0x19e>
2000069c:	23c0      	movs	r3, #192	@ 0xc0
2000069e:	466a      	mov	r2, sp
200006a0:	00db      	lsls	r3, r3, #3
200006a2:	8093      	strh	r3, [r2, #4]
200006a4:	4a80      	ldr	r2, [pc, #512]	@ (200008a8 <dcd_rp2040_irq+0x364>)
200006a6:	ab02      	add	r3, sp, #8
200006a8:	ca03      	ldmia	r2!, {r0, r1}
200006aa:	c303      	stmia	r3!, {r0, r1}
200006ac:	2101      	movs	r1, #1
200006ae:	a801      	add	r0, sp, #4
200006b0:	f000 fb62 	bl	20000d78 <dcd_event_handler>
200006b4:	2280      	movs	r2, #128	@ 0x80
200006b6:	4b7a      	ldr	r3, [pc, #488]	@ (200008a0 <dcd_rp2040_irq+0x35c>)
200006b8:	0292      	lsls	r2, r2, #10
200006ba:	651a      	str	r2, [r3, #80]	@ 0x50
200006bc:	2380      	movs	r3, #128	@ 0x80
200006be:	015b      	lsls	r3, r3, #5
200006c0:	421d      	tst	r5, r3
200006c2:	d110      	bne.n	200006e6 <dcd_rp2040_irq+0x1a2>
200006c4:	2380      	movs	r3, #128	@ 0x80
200006c6:	01db      	lsls	r3, r3, #7
200006c8:	421d      	tst	r5, r3
200006ca:	d123      	bne.n	20000714 <dcd_rp2040_irq+0x1d0>
200006cc:	2380      	movs	r3, #128	@ 0x80
200006ce:	021b      	lsls	r3, r3, #8
200006d0:	421d      	tst	r5, r3
200006d2:	d12f      	bne.n	20000734 <dcd_rp2040_irq+0x1f0>
200006d4:	42ae      	cmp	r6, r5
200006d6:	d000      	beq.n	200006da <dcd_rp2040_irq+0x196>
200006d8:	e1c0      	b.n	20000a5c <dcd_rp2040_irq+0x518>
200006da:	b004      	add	sp, #16
200006dc:	bc80      	pop	{r7}
200006de:	46b8      	mov	r8, r7
200006e0:	bdf0      	pop	{r4, r5, r6, r7, pc}
200006e2:	2401      	movs	r4, #1
200006e4:	e7bd      	b.n	20000662 <dcd_rp2040_irq+0x11e>
200006e6:	2400      	movs	r4, #0
200006e8:	431e      	orrs	r6, r3
200006ea:	4b60      	ldr	r3, [pc, #384]	@ (2000086c <dcd_rp2040_irq+0x328>)
200006ec:	601c      	str	r4, [r3, #0]
200006ee:	f7ff fea5 	bl	2000043c <reset_non_control_endpoints>
200006f2:	2380      	movs	r3, #128	@ 0x80
200006f4:	466a      	mov	r2, sp
200006f6:	005b      	lsls	r3, r3, #1
200006f8:	8093      	strh	r3, [r2, #4]
200006fa:	7214      	strb	r4, [r2, #8]
200006fc:	2101      	movs	r1, #1
200006fe:	a801      	add	r0, sp, #4
20000700:	f000 fb3a 	bl	20000d78 <dcd_event_handler>
20000704:	2280      	movs	r2, #128	@ 0x80
20000706:	4b66      	ldr	r3, [pc, #408]	@ (200008a0 <dcd_rp2040_irq+0x35c>)
20000708:	0312      	lsls	r2, r2, #12
2000070a:	651a      	str	r2, [r3, #80]	@ 0x50
2000070c:	2380      	movs	r3, #128	@ 0x80
2000070e:	01db      	lsls	r3, r3, #7
20000710:	421d      	tst	r5, r3
20000712:	d0db      	beq.n	200006cc <dcd_rp2040_irq+0x188>
20000714:	431e      	orrs	r6, r3
20000716:	2380      	movs	r3, #128	@ 0x80
20000718:	466a      	mov	r2, sp
2000071a:	00db      	lsls	r3, r3, #3
2000071c:	8093      	strh	r3, [r2, #4]
2000071e:	2101      	movs	r1, #1
20000720:	a801      	add	r0, sp, #4
20000722:	f000 fb29 	bl	20000d78 <dcd_event_handler>
20000726:	2210      	movs	r2, #16
20000728:	4b5d      	ldr	r3, [pc, #372]	@ (200008a0 <dcd_rp2040_irq+0x35c>)
2000072a:	651a      	str	r2, [r3, #80]	@ 0x50
2000072c:	2380      	movs	r3, #128	@ 0x80
2000072e:	021b      	lsls	r3, r3, #8
20000730:	421d      	tst	r5, r3
20000732:	d0cf      	beq.n	200006d4 <dcd_rp2040_irq+0x190>
20000734:	431e      	orrs	r6, r3
20000736:	23a0      	movs	r3, #160	@ 0xa0
20000738:	466a      	mov	r2, sp
2000073a:	00db      	lsls	r3, r3, #3
2000073c:	8093      	strh	r3, [r2, #4]
2000073e:	2101      	movs	r1, #1
20000740:	a801      	add	r0, sp, #4
20000742:	f000 fb19 	bl	20000d78 <dcd_event_handler>
20000746:	2280      	movs	r2, #128	@ 0x80
20000748:	4b55      	ldr	r3, [pc, #340]	@ (200008a0 <dcd_rp2040_irq+0x35c>)
2000074a:	0112      	lsls	r2, r2, #4
2000074c:	651a      	str	r2, [r3, #80]	@ 0x50
2000074e:	e7c1      	b.n	200006d4 <dcd_rp2040_irq+0x190>
20000750:	f7ff fea8 	bl	200004a4 <hw_handle_buff_status>
20000754:	0026      	movs	r6, r4
20000756:	e77b      	b.n	20000650 <dcd_rp2040_irq+0x10c>
20000758:	4b54      	ldr	r3, [pc, #336]	@ (200008ac <dcd_rp2040_irq+0x368>)
2000075a:	4a44      	ldr	r2, [pc, #272]	@ (2000086c <dcd_rp2040_irq+0x328>)
2000075c:	661c      	str	r4, [r3, #96]	@ 0x60
2000075e:	6e53      	ldr	r3, [r2, #100]	@ 0x64
20000760:	4023      	ands	r3, r4
20000762:	42a3      	cmp	r3, r4
20000764:	d1fb      	bne.n	2000075e <dcd_rp2040_irq+0x21a>
20000766:	e784      	b.n	20000672 <dcd_rp2040_irq+0x12e>
20000768:	3378      	adds	r3, #120	@ 0x78
2000076a:	5ce7      	ldrb	r7, [r4, r3]
2000076c:	2f00      	cmp	r7, #0
2000076e:	d100      	bne.n	20000772 <dcd_rp2040_irq+0x22e>
20000770:	e706      	b.n	20000580 <dcd_rp2040_irq+0x3c>
20000772:	3302      	adds	r3, #2
20000774:	5ce2      	ldrb	r2, [r4, r3]
20000776:	2a00      	cmp	r2, #0
20000778:	d000      	beq.n	2000077c <dcd_rp2040_irq+0x238>
2000077a:	e10d      	b.n	20000998 <dcd_rp2040_irq+0x454>
2000077c:	003e      	movs	r6, r7
2000077e:	e6ff      	b.n	20000580 <dcd_rp2040_irq+0x3c>
20000780:	33b8      	adds	r3, #184	@ 0xb8
20000782:	5ce7      	ldrb	r7, [r4, r3]
20000784:	2f00      	cmp	r7, #0
20000786:	d100      	bne.n	2000078a <dcd_rp2040_irq+0x246>
20000788:	e6ff      	b.n	2000058a <dcd_rp2040_irq+0x46>
2000078a:	3302      	adds	r3, #2
2000078c:	5ce2      	ldrb	r2, [r4, r3]
2000078e:	2a00      	cmp	r2, #0
20000790:	d000      	beq.n	20000794 <dcd_rp2040_irq+0x250>
20000792:	e0f9      	b.n	20000988 <dcd_rp2040_irq+0x444>
20000794:	003e      	movs	r6, r7
20000796:	e6f8      	b.n	2000058a <dcd_rp2040_irq+0x46>
20000798:	33f8      	adds	r3, #248	@ 0xf8
2000079a:	5ce7      	ldrb	r7, [r4, r3]
2000079c:	2f00      	cmp	r7, #0
2000079e:	d100      	bne.n	200007a2 <dcd_rp2040_irq+0x25e>
200007a0:	e6f8      	b.n	20000594 <dcd_rp2040_irq+0x50>
200007a2:	3302      	adds	r3, #2
200007a4:	5ce2      	ldrb	r2, [r4, r3]
200007a6:	2a00      	cmp	r2, #0
200007a8:	d000      	beq.n	200007ac <dcd_rp2040_irq+0x268>
200007aa:	e141      	b.n	20000a30 <dcd_rp2040_irq+0x4ec>
200007ac:	003e      	movs	r6, r7
200007ae:	e6f1      	b.n	20000594 <dcd_rp2040_irq+0x50>
200007b0:	33f9      	adds	r3, #249	@ 0xf9
200007b2:	33ff      	adds	r3, #255	@ 0xff
200007b4:	5ce7      	ldrb	r7, [r4, r3]
200007b6:	2f00      	cmp	r7, #0
200007b8:	d100      	bne.n	200007bc <dcd_rp2040_irq+0x278>
200007ba:	e703      	b.n	200005c4 <dcd_rp2040_irq+0x80>
200007bc:	3302      	adds	r3, #2
200007be:	5ce2      	ldrb	r2, [r4, r3]
200007c0:	2a00      	cmp	r2, #0
200007c2:	d000      	beq.n	200007c6 <dcd_rp2040_irq+0x282>
200007c4:	e12b      	b.n	20000a1e <dcd_rp2040_irq+0x4da>
200007c6:	003e      	movs	r6, r7
200007c8:	e6fc      	b.n	200005c4 <dcd_rp2040_irq+0x80>
200007ca:	3379      	adds	r3, #121	@ 0x79
200007cc:	33ff      	adds	r3, #255	@ 0xff
200007ce:	5ce7      	ldrb	r7, [r4, r3]
200007d0:	2f00      	cmp	r7, #0
200007d2:	d100      	bne.n	200007d6 <dcd_rp2040_irq+0x292>
200007d4:	e6ea      	b.n	200005ac <dcd_rp2040_irq+0x68>
200007d6:	3302      	adds	r3, #2
200007d8:	5ce2      	ldrb	r2, [r4, r3]
200007da:	2a00      	cmp	r2, #0
200007dc:	d000      	beq.n	200007e0 <dcd_rp2040_irq+0x29c>
200007de:	e115      	b.n	20000a0c <dcd_rp2040_irq+0x4c8>
200007e0:	003e      	movs	r6, r7
200007e2:	e6e3      	b.n	200005ac <dcd_rp2040_irq+0x68>
200007e4:	4b32      	ldr	r3, [pc, #200]	@ (200008b0 <dcd_rp2040_irq+0x36c>)
200007e6:	5ce7      	ldrb	r7, [r4, r3]
200007e8:	2f00      	cmp	r7, #0
200007ea:	d100      	bne.n	200007ee <dcd_rp2040_irq+0x2aa>
200007ec:	e6f4      	b.n	200005d8 <dcd_rp2040_irq+0x94>
200007ee:	3302      	adds	r3, #2
200007f0:	5ce2      	ldrb	r2, [r4, r3]
200007f2:	2a00      	cmp	r2, #0
200007f4:	d000      	beq.n	200007f8 <dcd_rp2040_irq+0x2b4>
200007f6:	e101      	b.n	200009fc <dcd_rp2040_irq+0x4b8>
200007f8:	003e      	movs	r6, r7
200007fa:	e6ed      	b.n	200005d8 <dcd_rp2040_irq+0x94>
200007fc:	3339      	adds	r3, #57	@ 0x39
200007fe:	33ff      	adds	r3, #255	@ 0xff
20000800:	5ce7      	ldrb	r7, [r4, r3]
20000802:	2f00      	cmp	r7, #0
20000804:	d100      	bne.n	20000808 <dcd_rp2040_irq+0x2c4>
20000806:	e6cb      	b.n	200005a0 <dcd_rp2040_irq+0x5c>
20000808:	3302      	adds	r3, #2
2000080a:	5ce2      	ldrb	r2, [r4, r3]
2000080c:	2a00      	cmp	r2, #0
2000080e:	d000      	beq.n	20000812 <dcd_rp2040_irq+0x2ce>
20000810:	e0eb      	b.n	200009ea <dcd_rp2040_irq+0x4a6>
20000812:	003e      	movs	r6, r7
20000814:	e6c4      	b.n	200005a0 <dcd_rp2040_irq+0x5c>
20000816:	3338      	adds	r3, #56	@ 0x38
20000818:	5ce6      	ldrb	r6, [r4, r3]
2000081a:	2e00      	cmp	r6, #0
2000081c:	d100      	bne.n	20000820 <dcd_rp2040_irq+0x2dc>
2000081e:	e6aa      	b.n	20000576 <dcd_rp2040_irq+0x32>
20000820:	3302      	adds	r3, #2
20000822:	5ce2      	ldrb	r2, [r4, r3]
20000824:	2a00      	cmp	r2, #0
20000826:	d100      	bne.n	2000082a <dcd_rp2040_irq+0x2e6>
20000828:	e6a5      	b.n	20000576 <dcd_rp2040_irq+0x32>
2000082a:	0020      	movs	r0, r4
2000082c:	2200      	movs	r2, #0
2000082e:	3020      	adds	r0, #32
20000830:	54e2      	strb	r2, [r4, r3]
20000832:	f000 fa4d 	bl	20000cd0 <hw_endpoint_start_next_buffer>
20000836:	e69e      	b.n	20000576 <dcd_rp2040_irq+0x32>
20000838:	33b9      	adds	r3, #185	@ 0xb9
2000083a:	33ff      	adds	r3, #255	@ 0xff
2000083c:	5ce7      	ldrb	r7, [r4, r3]
2000083e:	2f00      	cmp	r7, #0
20000840:	d100      	bne.n	20000844 <dcd_rp2040_irq+0x300>
20000842:	e6b9      	b.n	200005b8 <dcd_rp2040_irq+0x74>
20000844:	3302      	adds	r3, #2
20000846:	5ce2      	ldrb	r2, [r4, r3]
20000848:	2a00      	cmp	r2, #0
2000084a:	d000      	beq.n	2000084e <dcd_rp2040_irq+0x30a>
2000084c:	e0c4      	b.n	200009d8 <dcd_rp2040_irq+0x494>
2000084e:	003e      	movs	r6, r7
20000850:	e6b2      	b.n	200005b8 <dcd_rp2040_irq+0x74>
20000852:	4b18      	ldr	r3, [pc, #96]	@ (200008b4 <dcd_rp2040_irq+0x370>)
20000854:	5ce7      	ldrb	r7, [r4, r3]
20000856:	2f00      	cmp	r7, #0
20000858:	d100      	bne.n	2000085c <dcd_rp2040_irq+0x318>
2000085a:	e6c7      	b.n	200005ec <dcd_rp2040_irq+0xa8>
2000085c:	3302      	adds	r3, #2
2000085e:	5ce2      	ldrb	r2, [r4, r3]
20000860:	2a00      	cmp	r2, #0
20000862:	d000      	beq.n	20000866 <dcd_rp2040_irq+0x322>
20000864:	e0b0      	b.n	200009c8 <dcd_rp2040_irq+0x484>
20000866:	003e      	movs	r6, r7
20000868:	e6c0      	b.n	200005ec <dcd_rp2040_irq+0xa8>
2000086a:	46c0      	nop			@ (mov r8, r8)
2000086c:	50110000 	.word	0x50110000
20000870:	40054000 	.word	0x40054000
20000874:	20001b3c 	.word	0x20001b3c
20000878:	20001b34 	.word	0x20001b34
2000087c:	0000023b 	.word	0x0000023b
20000880:	0000027b 	.word	0x0000027b
20000884:	000002bb 	.word	0x000002bb
20000888:	000002fb 	.word	0x000002fb
2000088c:	0000033b 	.word	0x0000033b
20000890:	0000037b 	.word	0x0000037b
20000894:	000003bb 	.word	0x000003bb
20000898:	000003fb 	.word	0x000003fb
2000089c:	20001faa 	.word	0x20001faa
200008a0:	50113000 	.word	0x50113000
200008a4:	00020010 	.word	0x00020010
200008a8:	50100000 	.word	0x50100000
200008ac:	50112000 	.word	0x50112000
200008b0:	0000027a 	.word	0x0000027a
200008b4:	000002fa 	.word	0x000002fa
200008b8:	4b6b      	ldr	r3, [pc, #428]	@ (20000a68 <dcd_rp2040_irq+0x524>)
200008ba:	5ce7      	ldrb	r7, [r4, r3]
200008bc:	2f00      	cmp	r7, #0
200008be:	d100      	bne.n	200008c2 <dcd_rp2040_irq+0x37e>
200008c0:	e685      	b.n	200005ce <dcd_rp2040_irq+0x8a>
200008c2:	3302      	adds	r3, #2
200008c4:	5ce2      	ldrb	r2, [r4, r3]
200008c6:	2a00      	cmp	r2, #0
200008c8:	d176      	bne.n	200009b8 <dcd_rp2040_irq+0x474>
200008ca:	003e      	movs	r6, r7
200008cc:	e67f      	b.n	200005ce <dcd_rp2040_irq+0x8a>
200008ce:	4b67      	ldr	r3, [pc, #412]	@ (20000a6c <dcd_rp2040_irq+0x528>)
200008d0:	5ce7      	ldrb	r7, [r4, r3]
200008d2:	2f00      	cmp	r7, #0
200008d4:	d100      	bne.n	200008d8 <dcd_rp2040_irq+0x394>
200008d6:	e684      	b.n	200005e2 <dcd_rp2040_irq+0x9e>
200008d8:	3302      	adds	r3, #2
200008da:	5ce2      	ldrb	r2, [r4, r3]
200008dc:	2a00      	cmp	r2, #0
200008de:	d163      	bne.n	200009a8 <dcd_rp2040_irq+0x464>
200008e0:	003e      	movs	r6, r7
200008e2:	e67e      	b.n	200005e2 <dcd_rp2040_irq+0x9e>
200008e4:	4b62      	ldr	r3, [pc, #392]	@ (20000a70 <dcd_rp2040_irq+0x52c>)
200008e6:	5ce7      	ldrb	r7, [r4, r3]
200008e8:	2f00      	cmp	r7, #0
200008ea:	d100      	bne.n	200008ee <dcd_rp2040_irq+0x3aa>
200008ec:	e688      	b.n	20000600 <dcd_rp2040_irq+0xbc>
200008ee:	3302      	adds	r3, #2
200008f0:	5ce2      	ldrb	r2, [r4, r3]
200008f2:	2a00      	cmp	r2, #0
200008f4:	d000      	beq.n	200008f8 <dcd_rp2040_irq+0x3b4>
200008f6:	e0a3      	b.n	20000a40 <dcd_rp2040_irq+0x4fc>
200008f8:	4b5e      	ldr	r3, [pc, #376]	@ (20000a74 <dcd_rp2040_irq+0x530>)
200008fa:	5ce3      	ldrb	r3, [r4, r3]
200008fc:	2b02      	cmp	r3, #2
200008fe:	d130      	bne.n	20000962 <dcd_rp2040_irq+0x41e>
20000900:	4b5d      	ldr	r3, [pc, #372]	@ (20000a78 <dcd_rp2040_irq+0x534>)
20000902:	5ce3      	ldrb	r3, [r4, r3]
20000904:	2b00      	cmp	r3, #0
20000906:	d127      	bne.n	20000958 <dcd_rp2040_irq+0x414>
20000908:	4b5c      	ldr	r3, [pc, #368]	@ (20000a7c <dcd_rp2040_irq+0x538>)
2000090a:	5ce3      	ldrb	r3, [r4, r3]
2000090c:	2b02      	cmp	r3, #2
2000090e:	d000      	beq.n	20000912 <dcd_rp2040_irq+0x3ce>
20000910:	e68b      	b.n	2000062a <dcd_rp2040_irq+0xe6>
20000912:	003e      	movs	r6, r7
20000914:	4b5a      	ldr	r3, [pc, #360]	@ (20000a80 <dcd_rp2040_irq+0x53c>)
20000916:	5ce3      	ldrb	r3, [r4, r3]
20000918:	2b00      	cmp	r3, #0
2000091a:	d100      	bne.n	2000091e <dcd_rp2040_irq+0x3da>
2000091c:	e67a      	b.n	20000614 <dcd_rp2040_irq+0xd0>
2000091e:	23ff      	movs	r3, #255	@ 0xff
20000920:	009b      	lsls	r3, r3, #2
20000922:	5ce2      	ldrb	r2, [r4, r3]
20000924:	2a00      	cmp	r2, #0
20000926:	d100      	bne.n	2000092a <dcd_rp2040_irq+0x3e6>
20000928:	e67f      	b.n	2000062a <dcd_rp2040_irq+0xe6>
2000092a:	2200      	movs	r2, #0
2000092c:	54e2      	strb	r2, [r4, r3]
2000092e:	3b1c      	subs	r3, #28
20000930:	18e0      	adds	r0, r4, r3
20000932:	f000 f9cd 	bl	20000cd0 <hw_endpoint_start_next_buffer>
20000936:	e678      	b.n	2000062a <dcd_rp2040_irq+0xe6>
20000938:	4b52      	ldr	r3, [pc, #328]	@ (20000a84 <dcd_rp2040_irq+0x540>)
2000093a:	5ce7      	ldrb	r7, [r4, r3]
2000093c:	2f00      	cmp	r7, #0
2000093e:	d100      	bne.n	20000942 <dcd_rp2040_irq+0x3fe>
20000940:	e659      	b.n	200005f6 <dcd_rp2040_irq+0xb2>
20000942:	3302      	adds	r3, #2
20000944:	5ce2      	ldrb	r2, [r4, r3]
20000946:	2a00      	cmp	r2, #0
20000948:	d116      	bne.n	20000978 <dcd_rp2040_irq+0x434>
2000094a:	003e      	movs	r6, r7
2000094c:	e653      	b.n	200005f6 <dcd_rp2040_irq+0xb2>
2000094e:	4b4a      	ldr	r3, [pc, #296]	@ (20000a78 <dcd_rp2040_irq+0x534>)
20000950:	5ce3      	ldrb	r3, [r4, r3]
20000952:	2b00      	cmp	r3, #0
20000954:	d100      	bne.n	20000958 <dcd_rp2040_irq+0x414>
20000956:	e658      	b.n	2000060a <dcd_rp2040_irq+0xc6>
20000958:	23ef      	movs	r3, #239	@ 0xef
2000095a:	009b      	lsls	r3, r3, #2
2000095c:	5ce2      	ldrb	r2, [r4, r3]
2000095e:	2a00      	cmp	r2, #0
20000960:	d175      	bne.n	20000a4e <dcd_rp2040_irq+0x50a>
20000962:	4b46      	ldr	r3, [pc, #280]	@ (20000a7c <dcd_rp2040_irq+0x538>)
20000964:	5ce3      	ldrb	r3, [r4, r3]
20000966:	2b02      	cmp	r3, #2
20000968:	d000      	beq.n	2000096c <dcd_rp2040_irq+0x428>
2000096a:	e65e      	b.n	2000062a <dcd_rp2040_irq+0xe6>
2000096c:	4b44      	ldr	r3, [pc, #272]	@ (20000a80 <dcd_rp2040_irq+0x53c>)
2000096e:	5ce3      	ldrb	r3, [r4, r3]
20000970:	2b00      	cmp	r3, #0
20000972:	d100      	bne.n	20000976 <dcd_rp2040_irq+0x432>
20000974:	e659      	b.n	2000062a <dcd_rp2040_irq+0xe6>
20000976:	e7d2      	b.n	2000091e <dcd_rp2040_irq+0x3da>
20000978:	2200      	movs	r2, #0
2000097a:	54e2      	strb	r2, [r4, r3]
2000097c:	3b1c      	subs	r3, #28
2000097e:	18e0      	adds	r0, r4, r3
20000980:	f000 f9a6 	bl	20000cd0 <hw_endpoint_start_next_buffer>
20000984:	003e      	movs	r6, r7
20000986:	e636      	b.n	200005f6 <dcd_rp2040_irq+0xb2>
20000988:	0020      	movs	r0, r4
2000098a:	2200      	movs	r2, #0
2000098c:	30a0      	adds	r0, #160	@ 0xa0
2000098e:	54e2      	strb	r2, [r4, r3]
20000990:	003e      	movs	r6, r7
20000992:	f000 f99d 	bl	20000cd0 <hw_endpoint_start_next_buffer>
20000996:	e5f8      	b.n	2000058a <dcd_rp2040_irq+0x46>
20000998:	0020      	movs	r0, r4
2000099a:	2200      	movs	r2, #0
2000099c:	3060      	adds	r0, #96	@ 0x60
2000099e:	54e2      	strb	r2, [r4, r3]
200009a0:	003e      	movs	r6, r7
200009a2:	f000 f995 	bl	20000cd0 <hw_endpoint_start_next_buffer>
200009a6:	e5eb      	b.n	20000580 <dcd_rp2040_irq+0x3c>
200009a8:	2200      	movs	r2, #0
200009aa:	54e2      	strb	r2, [r4, r3]
200009ac:	3b1c      	subs	r3, #28
200009ae:	18e0      	adds	r0, r4, r3
200009b0:	f000 f98e 	bl	20000cd0 <hw_endpoint_start_next_buffer>
200009b4:	003e      	movs	r6, r7
200009b6:	e614      	b.n	200005e2 <dcd_rp2040_irq+0x9e>
200009b8:	2200      	movs	r2, #0
200009ba:	54e2      	strb	r2, [r4, r3]
200009bc:	3b1c      	subs	r3, #28
200009be:	18e0      	adds	r0, r4, r3
200009c0:	f000 f986 	bl	20000cd0 <hw_endpoint_start_next_buffer>
200009c4:	003e      	movs	r6, r7
200009c6:	e602      	b.n	200005ce <dcd_rp2040_irq+0x8a>
200009c8:	2200      	movs	r2, #0
200009ca:	54e2      	strb	r2, [r4, r3]
200009cc:	3b1c      	subs	r3, #28
200009ce:	18e0      	adds	r0, r4, r3
200009d0:	f000 f97e 	bl	20000cd0 <hw_endpoint_start_next_buffer>
200009d4:	003e      	movs	r6, r7
200009d6:	e609      	b.n	200005ec <dcd_rp2040_irq+0xa8>
200009d8:	0020      	movs	r0, r4
200009da:	2200      	movs	r2, #0
200009dc:	30a1      	adds	r0, #161	@ 0xa1
200009de:	30ff      	adds	r0, #255	@ 0xff
200009e0:	54e2      	strb	r2, [r4, r3]
200009e2:	003e      	movs	r6, r7
200009e4:	f000 f974 	bl	20000cd0 <hw_endpoint_start_next_buffer>
200009e8:	e5e6      	b.n	200005b8 <dcd_rp2040_irq+0x74>
200009ea:	0020      	movs	r0, r4
200009ec:	2200      	movs	r2, #0
200009ee:	3021      	adds	r0, #33	@ 0x21
200009f0:	30ff      	adds	r0, #255	@ 0xff
200009f2:	54e2      	strb	r2, [r4, r3]
200009f4:	003e      	movs	r6, r7
200009f6:	f000 f96b 	bl	20000cd0 <hw_endpoint_start_next_buffer>
200009fa:	e5d1      	b.n	200005a0 <dcd_rp2040_irq+0x5c>
200009fc:	2200      	movs	r2, #0
200009fe:	54e2      	strb	r2, [r4, r3]
20000a00:	3b1c      	subs	r3, #28
20000a02:	18e0      	adds	r0, r4, r3
20000a04:	f000 f964 	bl	20000cd0 <hw_endpoint_start_next_buffer>
20000a08:	003e      	movs	r6, r7
20000a0a:	e5e5      	b.n	200005d8 <dcd_rp2040_irq+0x94>
20000a0c:	0020      	movs	r0, r4
20000a0e:	2200      	movs	r2, #0
20000a10:	3061      	adds	r0, #97	@ 0x61
20000a12:	30ff      	adds	r0, #255	@ 0xff
20000a14:	54e2      	strb	r2, [r4, r3]
20000a16:	003e      	movs	r6, r7
20000a18:	f000 f95a 	bl	20000cd0 <hw_endpoint_start_next_buffer>
20000a1c:	e5c6      	b.n	200005ac <dcd_rp2040_irq+0x68>
20000a1e:	0020      	movs	r0, r4
20000a20:	2200      	movs	r2, #0
20000a22:	30e1      	adds	r0, #225	@ 0xe1
20000a24:	30ff      	adds	r0, #255	@ 0xff
20000a26:	54e2      	strb	r2, [r4, r3]
20000a28:	003e      	movs	r6, r7
20000a2a:	f000 f951 	bl	20000cd0 <hw_endpoint_start_next_buffer>
20000a2e:	e5c9      	b.n	200005c4 <dcd_rp2040_irq+0x80>
20000a30:	0020      	movs	r0, r4
20000a32:	2200      	movs	r2, #0
20000a34:	30e0      	adds	r0, #224	@ 0xe0
20000a36:	54e2      	strb	r2, [r4, r3]
20000a38:	003e      	movs	r6, r7
20000a3a:	f000 f949 	bl	20000cd0 <hw_endpoint_start_next_buffer>
20000a3e:	e5a9      	b.n	20000594 <dcd_rp2040_irq+0x50>
20000a40:	2200      	movs	r2, #0
20000a42:	54e2      	strb	r2, [r4, r3]
20000a44:	3b1c      	subs	r3, #28
20000a46:	18e0      	adds	r0, r4, r3
20000a48:	f000 f942 	bl	20000cd0 <hw_endpoint_start_next_buffer>
20000a4c:	e754      	b.n	200008f8 <dcd_rp2040_irq+0x3b4>
20000a4e:	2200      	movs	r2, #0
20000a50:	54e2      	strb	r2, [r4, r3]
20000a52:	3b1c      	subs	r3, #28
20000a54:	18e0      	adds	r0, r4, r3
20000a56:	f000 f93b 	bl	20000cd0 <hw_endpoint_start_next_buffer>
20000a5a:	e782      	b.n	20000962 <dcd_rp2040_irq+0x41e>
20000a5c:	0031      	movs	r1, r6
20000a5e:	480a      	ldr	r0, [pc, #40]	@ (20000a88 <dcd_rp2040_irq+0x544>)
20000a60:	4069      	eors	r1, r5
20000a62:	f000 fa7d 	bl	20000f60 <__panic_veneer>
20000a66:	46c0      	nop			@ (mov r8, r8)
20000a68:	0000023a 	.word	0x0000023a
20000a6c:	000002ba 	.word	0x000002ba
20000a70:	0000037a 	.word	0x0000037a
20000a74:	000003bb 	.word	0x000003bb
20000a78:	000003ba 	.word	0x000003ba
20000a7c:	000003fb 	.word	0x000003fb
20000a80:	000003fa 	.word	0x000003fa
20000a84:	0000033a 	.word	0x0000033a
20000a88:	1000777c 	.word	0x1000777c

20000a8c <prepare_ep_buffer>:
20000a8c:	b5f0      	push	{r4, r5, r6, r7, lr}
20000a8e:	46c6      	mov	lr, r8
20000a90:	b500      	push	{lr}
20000a92:	0002      	movs	r2, r0
20000a94:	8a83      	ldrh	r3, [r0, #20]
20000a96:	8b00      	ldrh	r0, [r0, #24]
20000a98:	468c      	mov	ip, r1
20000a9a:	1c01      	adds	r1, r0, #0
20000a9c:	4298      	cmp	r0, r3
20000a9e:	d900      	bls.n	20000aa2 <prepare_ep_buffer+0x16>
20000aa0:	1c19      	adds	r1, r3, #0
20000aa2:	78d4      	ldrb	r4, [r2, #3]
20000aa4:	2580      	movs	r5, #128	@ 0x80
20000aa6:	0020      	movs	r0, r4
20000aa8:	1e46      	subs	r6, r0, #1
20000aaa:	41b0      	sbcs	r0, r6
20000aac:	b289      	uxth	r1, r1
20000aae:	00ed      	lsls	r5, r5, #3
20000ab0:	430d      	orrs	r5, r1
20000ab2:	0340      	lsls	r0, r0, #13
20000ab4:	4328      	orrs	r0, r5
20000ab6:	2501      	movs	r5, #1
20000ab8:	406c      	eors	r4, r5
20000aba:	1a5b      	subs	r3, r3, r1
20000abc:	70d4      	strb	r4, [r2, #3]
20000abe:	7854      	ldrb	r4, [r2, #1]
20000ac0:	b29b      	uxth	r3, r3
20000ac2:	8293      	strh	r3, [r2, #20]
20000ac4:	2c00      	cmp	r4, #0
20000ac6:	d131      	bne.n	20000b2c <prepare_ep_buffer+0xa0>
20000ac8:	4664      	mov	r4, ip
20000aca:	68d5      	ldr	r5, [r2, #12]
20000acc:	01a4      	lsls	r4, r4, #6
20000ace:	1e4e      	subs	r6, r1, #1
20000ad0:	192d      	adds	r5, r5, r4
20000ad2:	46b0      	mov	r8, r6
20000ad4:	6914      	ldr	r4, [r2, #16]
20000ad6:	2900      	cmp	r1, #0
20000ad8:	d023      	beq.n	20000b22 <prepare_ep_buffer+0x96>
20000ada:	2e06      	cmp	r6, #6
20000adc:	d932      	bls.n	20000b44 <prepare_ep_buffer+0xb8>
20000ade:	002b      	movs	r3, r5
20000ae0:	4323      	orrs	r3, r4
20000ae2:	079b      	lsls	r3, r3, #30
20000ae4:	d12e      	bne.n	20000b44 <prepare_ep_buffer+0xb8>
20000ae6:	1c63      	adds	r3, r4, #1
20000ae8:	1aeb      	subs	r3, r5, r3
20000aea:	2b02      	cmp	r3, #2
20000aec:	d92a      	bls.n	20000b44 <prepare_ep_buffer+0xb8>
20000aee:	2300      	movs	r3, #0
20000af0:	088f      	lsrs	r7, r1, #2
20000af2:	00bf      	lsls	r7, r7, #2
20000af4:	58e6      	ldr	r6, [r4, r3]
20000af6:	50ee      	str	r6, [r5, r3]
20000af8:	3304      	adds	r3, #4
20000afa:	429f      	cmp	r7, r3
20000afc:	d1fa      	bne.n	20000af4 <prepare_ep_buffer+0x68>
20000afe:	4643      	mov	r3, r8
20000b00:	19ed      	adds	r5, r5, r7
20000b02:	1bdb      	subs	r3, r3, r7
20000b04:	19e4      	adds	r4, r4, r7
20000b06:	42b9      	cmp	r1, r7
20000b08:	d009      	beq.n	20000b1e <prepare_ep_buffer+0x92>
20000b0a:	7826      	ldrb	r6, [r4, #0]
20000b0c:	702e      	strb	r6, [r5, #0]
20000b0e:	2b00      	cmp	r3, #0
20000b10:	d005      	beq.n	20000b1e <prepare_ep_buffer+0x92>
20000b12:	7866      	ldrb	r6, [r4, #1]
20000b14:	706e      	strb	r6, [r5, #1]
20000b16:	2b01      	cmp	r3, #1
20000b18:	d001      	beq.n	20000b1e <prepare_ep_buffer+0x92>
20000b1a:	78a3      	ldrb	r3, [r4, #2]
20000b1c:	70ab      	strb	r3, [r5, #2]
20000b1e:	6914      	ldr	r4, [r2, #16]
20000b20:	8a93      	ldrh	r3, [r2, #20]
20000b22:	1864      	adds	r4, r4, r1
20000b24:	6114      	str	r4, [r2, #16]
20000b26:	2280      	movs	r2, #128	@ 0x80
20000b28:	0212      	lsls	r2, r2, #8
20000b2a:	4310      	orrs	r0, r2
20000b2c:	2b00      	cmp	r3, #0
20000b2e:	d102      	bne.n	20000b36 <prepare_ep_buffer+0xaa>
20000b30:	2380      	movs	r3, #128	@ 0x80
20000b32:	01db      	lsls	r3, r3, #7
20000b34:	4318      	orrs	r0, r3
20000b36:	4663      	mov	r3, ip
20000b38:	2b00      	cmp	r3, #0
20000b3a:	d000      	beq.n	20000b3e <prepare_ep_buffer+0xb2>
20000b3c:	0400      	lsls	r0, r0, #16
20000b3e:	bc80      	pop	{r7}
20000b40:	46b8      	mov	r8, r7
20000b42:	bdf0      	pop	{r4, r5, r6, r7, pc}
20000b44:	2300      	movs	r3, #0
20000b46:	5ce6      	ldrb	r6, [r4, r3]
20000b48:	54ee      	strb	r6, [r5, r3]
20000b4a:	3301      	adds	r3, #1
20000b4c:	4299      	cmp	r1, r3
20000b4e:	d1fa      	bne.n	20000b46 <prepare_ep_buffer+0xba>
20000b50:	e7e5      	b.n	20000b1e <prepare_ep_buffer+0x92>
20000b52:	46c0      	nop			@ (mov r8, r8)

20000b54 <sync_ep_buffer>:
20000b54:	6883      	ldr	r3, [r0, #8]
20000b56:	b5f0      	push	{r4, r5, r6, r7, lr}
20000b58:	681a      	ldr	r2, [r3, #0]
20000b5a:	0004      	movs	r4, r0
20000b5c:	2900      	cmp	r1, #0
20000b5e:	d000      	beq.n	20000b62 <sync_ep_buffer+0xe>
20000b60:	0c12      	lsrs	r2, r2, #16
20000b62:	7863      	ldrb	r3, [r4, #1]
20000b64:	0592      	lsls	r2, r2, #22
20000b66:	0d90      	lsrs	r0, r2, #22
20000b68:	2b00      	cmp	r3, #0
20000b6a:	d108      	bne.n	20000b7e <sync_ep_buffer+0x2a>
20000b6c:	8ae3      	ldrh	r3, [r4, #22]
20000b6e:	18c3      	adds	r3, r0, r3
20000b70:	82e3      	strh	r3, [r4, #22]
20000b72:	8b23      	ldrh	r3, [r4, #24]
20000b74:	4283      	cmp	r3, r0
20000b76:	d901      	bls.n	20000b7c <sync_ep_buffer+0x28>
20000b78:	2300      	movs	r3, #0
20000b7a:	82a3      	strh	r3, [r4, #20]
20000b7c:	bdf0      	pop	{r4, r5, r6, r7, pc}
20000b7e:	68e3      	ldr	r3, [r4, #12]
20000b80:	0189      	lsls	r1, r1, #6
20000b82:	6925      	ldr	r5, [r4, #16]
20000b84:	185e      	adds	r6, r3, r1
20000b86:	1e47      	subs	r7, r0, #1
20000b88:	2800      	cmp	r0, #0
20000b8a:	d022      	beq.n	20000bd2 <sync_ep_buffer+0x7e>
20000b8c:	2f06      	cmp	r7, #6
20000b8e:	d926      	bls.n	20000bde <sync_ep_buffer+0x8a>
20000b90:	3101      	adds	r1, #1
20000b92:	185b      	adds	r3, r3, r1
20000b94:	1aeb      	subs	r3, r5, r3
20000b96:	2b02      	cmp	r3, #2
20000b98:	d921      	bls.n	20000bde <sync_ep_buffer+0x8a>
20000b9a:	002b      	movs	r3, r5
20000b9c:	4333      	orrs	r3, r6
20000b9e:	079b      	lsls	r3, r3, #30
20000ba0:	d11d      	bne.n	20000bde <sync_ep_buffer+0x8a>
20000ba2:	2300      	movs	r3, #0
20000ba4:	0e12      	lsrs	r2, r2, #24
20000ba6:	0092      	lsls	r2, r2, #2
20000ba8:	58f1      	ldr	r1, [r6, r3]
20000baa:	50e9      	str	r1, [r5, r3]
20000bac:	3304      	adds	r3, #4
20000bae:	429a      	cmp	r2, r3
20000bb0:	d1fa      	bne.n	20000ba8 <sync_ep_buffer+0x54>
20000bb2:	1abf      	subs	r7, r7, r2
20000bb4:	18ad      	adds	r5, r5, r2
20000bb6:	18b6      	adds	r6, r6, r2
20000bb8:	4290      	cmp	r0, r2
20000bba:	d009      	beq.n	20000bd0 <sync_ep_buffer+0x7c>
20000bbc:	7832      	ldrb	r2, [r6, #0]
20000bbe:	702a      	strb	r2, [r5, #0]
20000bc0:	2f00      	cmp	r7, #0
20000bc2:	d005      	beq.n	20000bd0 <sync_ep_buffer+0x7c>
20000bc4:	7872      	ldrb	r2, [r6, #1]
20000bc6:	706a      	strb	r2, [r5, #1]
20000bc8:	2f01      	cmp	r7, #1
20000bca:	d001      	beq.n	20000bd0 <sync_ep_buffer+0x7c>
20000bcc:	78b2      	ldrb	r2, [r6, #2]
20000bce:	70aa      	strb	r2, [r5, #2]
20000bd0:	6925      	ldr	r5, [r4, #16]
20000bd2:	8ae3      	ldrh	r3, [r4, #22]
20000bd4:	182d      	adds	r5, r5, r0
20000bd6:	18c3      	adds	r3, r0, r3
20000bd8:	82e3      	strh	r3, [r4, #22]
20000bda:	6125      	str	r5, [r4, #16]
20000bdc:	e7c9      	b.n	20000b72 <sync_ep_buffer+0x1e>
20000bde:	2200      	movs	r2, #0
20000be0:	5cb3      	ldrb	r3, [r6, r2]
20000be2:	54ab      	strb	r3, [r5, r2]
20000be4:	3201      	adds	r2, #1
20000be6:	4290      	cmp	r0, r2
20000be8:	d1fa      	bne.n	20000be0 <sync_ep_buffer+0x8c>
20000bea:	6925      	ldr	r5, [r4, #16]
20000bec:	e7f1      	b.n	20000bd2 <sync_ep_buffer+0x7e>
20000bee:	46c0      	nop			@ (mov r8, r8)

20000bf0 <_hw_endpoint_xfer_sync>:
20000bf0:	b510      	push	{r4, lr}
20000bf2:	0004      	movs	r4, r0
20000bf4:	6883      	ldr	r3, [r0, #8]
20000bf6:	2100      	movs	r1, #0
20000bf8:	681b      	ldr	r3, [r3, #0]
20000bfa:	f7ff ffab 	bl	20000b54 <sync_ep_buffer>
20000bfe:	6863      	ldr	r3, [r4, #4]
20000c00:	681b      	ldr	r3, [r3, #0]
20000c02:	005b      	lsls	r3, r3, #1
20000c04:	d502      	bpl.n	20000c0c <_hw_endpoint_xfer_sync+0x1c>
20000c06:	8b23      	ldrh	r3, [r4, #24]
20000c08:	4283      	cmp	r3, r0
20000c0a:	d000      	beq.n	20000c0e <_hw_endpoint_xfer_sync+0x1e>
20000c0c:	bd10      	pop	{r4, pc}
20000c0e:	2101      	movs	r1, #1
20000c10:	0020      	movs	r0, r4
20000c12:	f7ff ff9f 	bl	20000b54 <sync_ep_buffer>
20000c16:	e7f9      	b.n	20000c0c <_hw_endpoint_xfer_sync+0x1c>

20000c18 <e15_is_bulkin_ep>:
20000c18:	4a08      	ldr	r2, [pc, #32]	@ (20000c3c <e15_is_bulkin_ep+0x24>)
20000c1a:	0003      	movs	r3, r0
20000c1c:	6c12      	ldr	r2, [r2, #64]	@ 0x40
20000c1e:	2000      	movs	r0, #0
20000c20:	0792      	lsls	r2, r2, #30
20000c22:	d403      	bmi.n	20000c2c <e15_is_bulkin_ep+0x14>
20000c24:	789a      	ldrb	r2, [r3, #2]
20000c26:	09d2      	lsrs	r2, r2, #7
20000c28:	2a01      	cmp	r2, #1
20000c2a:	d000      	beq.n	20000c2e <e15_is_bulkin_ep+0x16>
20000c2c:	4770      	bx	lr
20000c2e:	7ed8      	ldrb	r0, [r3, #27]
20000c30:	3802      	subs	r0, #2
20000c32:	4243      	negs	r3, r0
20000c34:	4158      	adcs	r0, r3
20000c36:	b2c0      	uxtb	r0, r0
20000c38:	e7f8      	b.n	20000c2c <e15_is_bulkin_ep+0x14>
20000c3a:	46c0      	nop			@ (mov r8, r8)
20000c3c:	50110000 	.word	0x50110000

20000c40 <e15_is_critical_frame_period>:
20000c40:	b510      	push	{r4, lr}
20000c42:	f7ff ffe9 	bl	20000c18 <e15_is_bulkin_ep>
20000c46:	2800      	cmp	r0, #0
20000c48:	d00c      	beq.n	20000c64 <e15_is_critical_frame_period+0x24>
20000c4a:	4907      	ldr	r1, [pc, #28]	@ (20000c68 <e15_is_critical_frame_period+0x28>)
20000c4c:	4b07      	ldr	r3, [pc, #28]	@ (20000c6c <e15_is_critical_frame_period+0x2c>)
20000c4e:	468c      	mov	ip, r1
20000c50:	4a07      	ldr	r2, [pc, #28]	@ (20000c70 <e15_is_critical_frame_period+0x30>)
20000c52:	6a9b      	ldr	r3, [r3, #40]	@ 0x28
20000c54:	6812      	ldr	r2, [r2, #0]
20000c56:	4463      	add	r3, ip
20000c58:	1a9b      	subs	r3, r3, r2
20000c5a:	2000      	movs	r0, #0
20000c5c:	22c6      	movs	r2, #198	@ 0xc6
20000c5e:	429a      	cmp	r2, r3
20000c60:	4140      	adcs	r0, r0
20000c62:	b2c0      	uxtb	r0, r0
20000c64:	bd10      	pop	{r4, pc}
20000c66:	46c0      	nop			@ (mov r8, r8)
20000c68:	fffffce0 	.word	0xfffffce0
20000c6c:	40054000 	.word	0x40054000
20000c70:	20001b34 	.word	0x20001b34

20000c74 <hw_endpoint_reset_transfer>:
20000c74:	2300      	movs	r3, #0
20000c76:	7683      	strb	r3, [r0, #26]
20000c78:	6143      	str	r3, [r0, #20]
20000c7a:	6103      	str	r3, [r0, #16]
20000c7c:	4770      	bx	lr
20000c7e:	46c0      	nop			@ (mov r8, r8)

20000c80 <_hw_endpoint_buffer_control_update32>:
20000c80:	b510      	push	{r4, lr}
20000c82:	6883      	ldr	r3, [r0, #8]
20000c84:	2900      	cmp	r1, #0
20000c86:	d001      	beq.n	20000c8c <_hw_endpoint_buffer_control_update32+0xc>
20000c88:	681c      	ldr	r4, [r3, #0]
20000c8a:	4021      	ands	r1, r4
20000c8c:	2a00      	cmp	r2, #0
20000c8e:	d012      	beq.n	20000cb6 <_hw_endpoint_buffer_control_update32+0x36>
20000c90:	2480      	movs	r4, #128	@ 0x80
20000c92:	00e4      	lsls	r4, r4, #3
20000c94:	4311      	orrs	r1, r2
20000c96:	4222      	tst	r2, r4
20000c98:	d00d      	beq.n	20000cb6 <_hw_endpoint_buffer_control_update32+0x36>
20000c9a:	681a      	ldr	r2, [r3, #0]
20000c9c:	4222      	tst	r2, r4
20000c9e:	d10c      	bne.n	20000cba <_hw_endpoint_buffer_control_update32+0x3a>
20000ca0:	4a08      	ldr	r2, [pc, #32]	@ (20000cc4 <_hw_endpoint_buffer_control_update32+0x44>)
20000ca2:	400a      	ands	r2, r1
20000ca4:	601a      	str	r2, [r3, #0]
20000ca6:	4a08      	ldr	r2, [pc, #32]	@ (20000cc8 <_hw_endpoint_buffer_control_update32+0x48>)
20000ca8:	6c12      	ldr	r2, [r2, #64]	@ 0x40
20000caa:	0792      	lsls	r2, r2, #30
20000cac:	d403      	bmi.n	20000cb6 <_hw_endpoint_buffer_control_update32+0x36>
20000cae:	230c      	movs	r3, #12
20000cb0:	3b03      	subs	r3, #3
20000cb2:	d2fd      	bcs.n	20000cb0 <_hw_endpoint_buffer_control_update32+0x30>
20000cb4:	6883      	ldr	r3, [r0, #8]
20000cb6:	6019      	str	r1, [r3, #0]
20000cb8:	bd10      	pop	{r4, pc}
20000cba:	7881      	ldrb	r1, [r0, #2]
20000cbc:	4803      	ldr	r0, [pc, #12]	@ (20000ccc <_hw_endpoint_buffer_control_update32+0x4c>)
20000cbe:	f000 f94f 	bl	20000f60 <__panic_veneer>
20000cc2:	46c0      	nop			@ (mov r8, r8)
20000cc4:	fffffbff 	.word	0xfffffbff
20000cc8:	50110000 	.word	0x50110000
20000ccc:	10007790 	.word	0x10007790

20000cd0 <hw_endpoint_start_next_buffer>:
20000cd0:	6843      	ldr	r3, [r0, #4]
20000cd2:	b570      	push	{r4, r5, r6, lr}
20000cd4:	2100      	movs	r1, #0
20000cd6:	2580      	movs	r5, #128	@ 0x80
20000cd8:	0004      	movs	r4, r0
20000cda:	681e      	ldr	r6, [r3, #0]
20000cdc:	f7ff fed6 	bl	20000a8c <prepare_ep_buffer>
20000ce0:	4b12      	ldr	r3, [pc, #72]	@ (20000d2c <hw_endpoint_start_next_buffer+0x5c>)
20000ce2:	016d      	lsls	r5, r5, #5
20000ce4:	6c1a      	ldr	r2, [r3, #64]	@ 0x40
20000ce6:	4305      	orrs	r5, r0
20000ce8:	78a3      	ldrb	r3, [r4, #2]
20000cea:	0792      	lsls	r2, r2, #30
20000cec:	d50e      	bpl.n	20000d0c <hw_endpoint_start_next_buffer+0x3c>
20000cee:	065b      	lsls	r3, r3, #25
20000cf0:	d00e      	beq.n	20000d10 <hw_endpoint_start_next_buffer+0x40>
20000cf2:	4b0f      	ldr	r3, [pc, #60]	@ (20000d30 <hw_endpoint_start_next_buffer+0x60>)
20000cf4:	401e      	ands	r6, r3
20000cf6:	2380      	movs	r3, #128	@ 0x80
20000cf8:	059b      	lsls	r3, r3, #22
20000cfa:	4333      	orrs	r3, r6
20000cfc:	6862      	ldr	r2, [r4, #4]
20000cfe:	2100      	movs	r1, #0
20000d00:	6013      	str	r3, [r2, #0]
20000d02:	0020      	movs	r0, r4
20000d04:	002a      	movs	r2, r5
20000d06:	f7ff ffbb 	bl	20000c80 <_hw_endpoint_buffer_control_update32>
20000d0a:	bd70      	pop	{r4, r5, r6, pc}
20000d0c:	09db      	lsrs	r3, r3, #7
20000d0e:	d0f0      	beq.n	20000cf2 <hw_endpoint_start_next_buffer+0x22>
20000d10:	8aa3      	ldrh	r3, [r4, #20]
20000d12:	2b00      	cmp	r3, #0
20000d14:	d0ed      	beq.n	20000cf2 <hw_endpoint_start_next_buffer+0x22>
20000d16:	2101      	movs	r1, #1
20000d18:	0020      	movs	r0, r4
20000d1a:	f7ff feb7 	bl	20000a8c <prepare_ep_buffer>
20000d1e:	23a0      	movs	r3, #160	@ 0xa0
20000d20:	4a04      	ldr	r2, [pc, #16]	@ (20000d34 <hw_endpoint_start_next_buffer+0x64>)
20000d22:	05db      	lsls	r3, r3, #23
20000d24:	4032      	ands	r2, r6
20000d26:	4305      	orrs	r5, r0
20000d28:	4313      	orrs	r3, r2
20000d2a:	e7e7      	b.n	20000cfc <hw_endpoint_start_next_buffer+0x2c>
20000d2c:	50110000 	.word	0x50110000
20000d30:	afffffff 	.word	0xafffffff
20000d34:	dfffffff 	.word	0xdfffffff

20000d38 <hw_endpoint_xfer_continue>:
20000d38:	b570      	push	{r4, r5, r6, lr}
20000d3a:	7e85      	ldrb	r5, [r0, #26]
20000d3c:	0004      	movs	r4, r0
20000d3e:	2d00      	cmp	r5, #0
20000d40:	d014      	beq.n	20000d6c <hw_endpoint_xfer_continue+0x34>
20000d42:	f7ff ff55 	bl	20000bf0 <_hw_endpoint_xfer_sync>
20000d46:	8aa3      	ldrh	r3, [r4, #20]
20000d48:	2b00      	cmp	r3, #0
20000d4a:	d101      	bne.n	20000d50 <hw_endpoint_xfer_continue+0x18>
20000d4c:	0028      	movs	r0, r5
20000d4e:	bd70      	pop	{r4, r5, r6, pc}
20000d50:	0020      	movs	r0, r4
20000d52:	f7ff ff75 	bl	20000c40 <e15_is_critical_frame_period>
20000d56:	2800      	cmp	r0, #0
20000d58:	d003      	beq.n	20000d62 <hw_endpoint_xfer_continue+0x2a>
20000d5a:	2301      	movs	r3, #1
20000d5c:	2500      	movs	r5, #0
20000d5e:	7723      	strb	r3, [r4, #28]
20000d60:	e7f4      	b.n	20000d4c <hw_endpoint_xfer_continue+0x14>
20000d62:	0020      	movs	r0, r4
20000d64:	f7ff ffb4 	bl	20000cd0 <hw_endpoint_start_next_buffer>
20000d68:	2500      	movs	r5, #0
20000d6a:	e7ef      	b.n	20000d4c <hw_endpoint_xfer_continue+0x14>
20000d6c:	7881      	ldrb	r1, [r0, #2]
20000d6e:	4801      	ldr	r0, [pc, #4]	@ (20000d74 <hw_endpoint_xfer_continue+0x3c>)
20000d70:	f000 f8f6 	bl	20000f60 <__panic_veneer>
20000d74:	100077b0 	.word	0x100077b0

20000d78 <dcd_event_handler>:
20000d78:	b5f0      	push	{r4, r5, r6, r7, lr}
20000d7a:	46ce      	mov	lr, r9
20000d7c:	4647      	mov	r7, r8
20000d7e:	b580      	push	{r7, lr}
20000d80:	7843      	ldrb	r3, [r0, #1]
20000d82:	0005      	movs	r5, r0
20000d84:	000e      	movs	r6, r1
20000d86:	b085      	sub	sp, #20
20000d88:	2b06      	cmp	r3, #6
20000d8a:	d808      	bhi.n	20000d9e <dcd_event_handler+0x26>
20000d8c:	4a6c      	ldr	r2, [pc, #432]	@ (20000f40 <dcd_event_handler+0x1c8>)
20000d8e:	009b      	lsls	r3, r3, #2
20000d90:	58d3      	ldr	r3, [r2, r3]
20000d92:	469f      	mov	pc, r3
20000d94:	4a6b      	ldr	r2, [pc, #428]	@ (20000f44 <dcd_event_handler+0x1cc>)
20000d96:	7813      	ldrb	r3, [r2, #0]
20000d98:	3301      	adds	r3, #1
20000d9a:	b2db      	uxtb	r3, r3
20000d9c:	7013      	strb	r3, [r2, #0]
20000d9e:	4b6a      	ldr	r3, [pc, #424]	@ (20000f48 <dcd_event_handler+0x1d0>)
20000da0:	681c      	ldr	r4, [r3, #0]
20000da2:	6962      	ldr	r2, [r4, #20]
20000da4:	f3ef 8110 	mrs	r1, PRIMASK
20000da8:	b672      	cpsid	i
20000daa:	6813      	ldr	r3, [r2, #0]
20000dac:	2b00      	cmp	r3, #0
20000dae:	d0fc      	beq.n	20000daa <dcd_event_handler+0x32>
20000db0:	f3bf 8f5f 	dmb	sy
20000db4:	61a1      	str	r1, [r4, #24]
20000db6:	0020      	movs	r0, r4
20000db8:	0029      	movs	r1, r5
20000dba:	f000 f8f9 	bl	20000fb0 <__tu_fifo_write_veneer>
20000dbe:	6962      	ldr	r2, [r4, #20]
20000dc0:	69a3      	ldr	r3, [r4, #24]
20000dc2:	f3bf 8f5f 	dmb	sy
20000dc6:	2100      	movs	r1, #0
20000dc8:	6011      	str	r1, [r2, #0]
20000dca:	f383 8810 	msr	PRIMASK, r3
20000dce:	2800      	cmp	r0, #0
20000dd0:	d104      	bne.n	20000ddc <dcd_event_handler+0x64>
20000dd2:	b005      	add	sp, #20
20000dd4:	bcc0      	pop	{r6, r7}
20000dd6:	46b9      	mov	r9, r7
20000dd8:	46b0      	mov	r8, r6
20000dda:	bdf0      	pop	{r4, r5, r6, r7, pc}
20000ddc:	0032      	movs	r2, r6
20000dde:	7869      	ldrb	r1, [r5, #1]
20000de0:	7828      	ldrb	r0, [r5, #0]
20000de2:	f000 f8c5 	bl	20000f70 <__tud_event_hook_cb_veneer>
20000de6:	e7f4      	b.n	20000dd2 <dcd_event_handler+0x5a>
20000de8:	2101      	movs	r1, #1
20000dea:	4b58      	ldr	r3, [pc, #352]	@ (20000f4c <dcd_event_handler+0x1d4>)
20000dec:	781a      	ldrb	r2, [r3, #0]
20000dee:	438a      	bics	r2, r1
20000df0:	701a      	strb	r2, [r3, #0]
20000df2:	781a      	ldrb	r2, [r3, #0]
20000df4:	3101      	adds	r1, #1
20000df6:	438a      	bics	r2, r1
20000df8:	701a      	strb	r2, [r3, #0]
20000dfa:	2200      	movs	r2, #0
20000dfc:	705a      	strb	r2, [r3, #1]
20000dfe:	781a      	ldrb	r2, [r3, #0]
20000e00:	3102      	adds	r1, #2
20000e02:	438a      	bics	r2, r1
20000e04:	701a      	strb	r2, [r3, #0]
20000e06:	e7ca      	b.n	20000d9e <dcd_event_handler+0x26>
20000e08:	4951      	ldr	r1, [pc, #324]	@ (20000f50 <dcd_event_handler+0x1d8>)
20000e0a:	4f52      	ldr	r7, [pc, #328]	@ (20000f54 <dcd_event_handler+0x1dc>)
20000e0c:	4689      	mov	r9, r1
20000e0e:	4952      	ldr	r1, [pc, #328]	@ (20000f58 <dcd_event_handler+0x1e0>)
20000e10:	2400      	movs	r4, #0
20000e12:	2300      	movs	r3, #0
20000e14:	4688      	mov	r8, r1
20000e16:	783a      	ldrb	r2, [r7, #0]
20000e18:	e012      	b.n	20000e40 <dcd_event_handler+0xc8>
20000e1a:	4643      	mov	r3, r8
20000e1c:	681b      	ldr	r3, [r3, #0]
20000e1e:	0161      	lsls	r1, r4, #5
20000e20:	185b      	adds	r3, r3, r1
20000e22:	2b00      	cmp	r3, #0
20000e24:	d006      	beq.n	20000e34 <dcd_event_handler+0xbc>
20000e26:	69db      	ldr	r3, [r3, #28]
20000e28:	2b00      	cmp	r3, #0
20000e2a:	d003      	beq.n	20000e34 <dcd_event_handler+0xbc>
20000e2c:	6869      	ldr	r1, [r5, #4]
20000e2e:	7828      	ldrb	r0, [r5, #0]
20000e30:	4798      	blx	r3
20000e32:	783a      	ldrb	r2, [r7, #0]
20000e34:	3401      	adds	r4, #1
20000e36:	b2e4      	uxtb	r4, r4
20000e38:	1c51      	adds	r1, r2, #1
20000e3a:	0023      	movs	r3, r4
20000e3c:	42a1      	cmp	r1, r4
20000e3e:	db17      	blt.n	20000e70 <dcd_event_handler+0xf8>
20000e40:	42a2      	cmp	r2, r4
20000e42:	d8ea      	bhi.n	20000e1a <dcd_event_handler+0xa2>
20000e44:	1a9b      	subs	r3, r3, r2
20000e46:	015b      	lsls	r3, r3, #5
20000e48:	444b      	add	r3, r9
20000e4a:	e7ec      	b.n	20000e26 <dcd_event_handler+0xae>
20000e4c:	4b3f      	ldr	r3, [pc, #252]	@ (20000f4c <dcd_event_handler+0x1d4>)
20000e4e:	781a      	ldrb	r2, [r3, #0]
20000e50:	07d2      	lsls	r2, r2, #31
20000e52:	d5be      	bpl.n	20000dd2 <dcd_event_handler+0x5a>
20000e54:	2104      	movs	r1, #4
20000e56:	781a      	ldrb	r2, [r3, #0]
20000e58:	430a      	orrs	r2, r1
20000e5a:	701a      	strb	r2, [r3, #0]
20000e5c:	e79f      	b.n	20000d9e <dcd_event_handler+0x26>
20000e5e:	4b3b      	ldr	r3, [pc, #236]	@ (20000f4c <dcd_event_handler+0x1d4>)
20000e60:	781a      	ldrb	r2, [r3, #0]
20000e62:	07d2      	lsls	r2, r2, #31
20000e64:	d5b5      	bpl.n	20000dd2 <dcd_event_handler+0x5a>
20000e66:	2104      	movs	r1, #4
20000e68:	781a      	ldrb	r2, [r3, #0]
20000e6a:	438a      	bics	r2, r1
20000e6c:	701a      	strb	r2, [r3, #0]
20000e6e:	e796      	b.n	20000d9e <dcd_event_handler+0x26>
20000e70:	4f36      	ldr	r7, [pc, #216]	@ (20000f4c <dcd_event_handler+0x1d4>)
20000e72:	783b      	ldrb	r3, [r7, #0]
20000e74:	075b      	lsls	r3, r3, #29
20000e76:	d52b      	bpl.n	20000ed0 <dcd_event_handler+0x158>
20000e78:	2204      	movs	r2, #4
20000e7a:	783b      	ldrb	r3, [r7, #0]
20000e7c:	2100      	movs	r1, #0
20000e7e:	4393      	bics	r3, r2
20000e80:	703b      	strb	r3, [r7, #0]
20000e82:	466b      	mov	r3, sp
20000e84:	3206      	adds	r2, #6
20000e86:	1d98      	adds	r0, r3, #6
20000e88:	f000 f87a 	bl	20000f80 <____wrap_memset_veneer>
20000e8c:	782b      	ldrb	r3, [r5, #0]
20000e8e:	ac01      	add	r4, sp, #4
20000e90:	7023      	strb	r3, [r4, #0]
20000e92:	2305      	movs	r3, #5
20000e94:	7063      	strb	r3, [r4, #1]
20000e96:	4b2c      	ldr	r3, [pc, #176]	@ (20000f48 <dcd_event_handler+0x1d0>)
20000e98:	681b      	ldr	r3, [r3, #0]
20000e9a:	4698      	mov	r8, r3
20000e9c:	695a      	ldr	r2, [r3, #20]
20000e9e:	f3ef 8110 	mrs	r1, PRIMASK
20000ea2:	b672      	cpsid	i
20000ea4:	6813      	ldr	r3, [r2, #0]
20000ea6:	2b00      	cmp	r3, #0
20000ea8:	d0fc      	beq.n	20000ea4 <dcd_event_handler+0x12c>
20000eaa:	f3bf 8f5f 	dmb	sy
20000eae:	4643      	mov	r3, r8
20000eb0:	4640      	mov	r0, r8
20000eb2:	6199      	str	r1, [r3, #24]
20000eb4:	0021      	movs	r1, r4
20000eb6:	f000 f87b 	bl	20000fb0 <__tu_fifo_write_veneer>
20000eba:	4643      	mov	r3, r8
20000ebc:	695a      	ldr	r2, [r3, #20]
20000ebe:	699b      	ldr	r3, [r3, #24]
20000ec0:	f3bf 8f5f 	dmb	sy
20000ec4:	2100      	movs	r1, #0
20000ec6:	6011      	str	r1, [r2, #0]
20000ec8:	f383 8810 	msr	PRIMASK, r3
20000ecc:	2800      	cmp	r0, #0
20000ece:	d131      	bne.n	20000f34 <dcd_event_handler+0x1bc>
20000ed0:	78fb      	ldrb	r3, [r7, #3]
20000ed2:	07db      	lsls	r3, r3, #31
20000ed4:	d400      	bmi.n	20000ed8 <dcd_event_handler+0x160>
20000ed6:	e77c      	b.n	20000dd2 <dcd_event_handler+0x5a>
20000ed8:	466b      	mov	r3, sp
20000eda:	220a      	movs	r2, #10
20000edc:	2100      	movs	r1, #0
20000ede:	1d98      	adds	r0, r3, #6
20000ee0:	f000 f84e 	bl	20000f80 <____wrap_memset_veneer>
20000ee4:	782b      	ldrb	r3, [r5, #0]
20000ee6:	ac01      	add	r4, sp, #4
20000ee8:	7023      	strb	r3, [r4, #0]
20000eea:	2303      	movs	r3, #3
20000eec:	7063      	strb	r3, [r4, #1]
20000eee:	686b      	ldr	r3, [r5, #4]
20000ef0:	6063      	str	r3, [r4, #4]
20000ef2:	4b15      	ldr	r3, [pc, #84]	@ (20000f48 <dcd_event_handler+0x1d0>)
20000ef4:	681d      	ldr	r5, [r3, #0]
20000ef6:	696a      	ldr	r2, [r5, #20]
20000ef8:	f3ef 8110 	mrs	r1, PRIMASK
20000efc:	b672      	cpsid	i
20000efe:	6813      	ldr	r3, [r2, #0]
20000f00:	2b00      	cmp	r3, #0
20000f02:	d0fc      	beq.n	20000efe <dcd_event_handler+0x186>
20000f04:	f3bf 8f5f 	dmb	sy
20000f08:	61a9      	str	r1, [r5, #24]
20000f0a:	0028      	movs	r0, r5
20000f0c:	0021      	movs	r1, r4
20000f0e:	f000 f84f 	bl	20000fb0 <__tu_fifo_write_veneer>
20000f12:	696a      	ldr	r2, [r5, #20]
20000f14:	69ab      	ldr	r3, [r5, #24]
20000f16:	f3bf 8f5f 	dmb	sy
20000f1a:	2100      	movs	r1, #0
20000f1c:	6011      	str	r1, [r2, #0]
20000f1e:	f383 8810 	msr	PRIMASK, r3
20000f22:	2800      	cmp	r0, #0
20000f24:	d100      	bne.n	20000f28 <dcd_event_handler+0x1b0>
20000f26:	e754      	b.n	20000dd2 <dcd_event_handler+0x5a>
20000f28:	0032      	movs	r2, r6
20000f2a:	7861      	ldrb	r1, [r4, #1]
20000f2c:	7820      	ldrb	r0, [r4, #0]
20000f2e:	f000 f81f 	bl	20000f70 <__tud_event_hook_cb_veneer>
20000f32:	e74e      	b.n	20000dd2 <dcd_event_handler+0x5a>
20000f34:	0032      	movs	r2, r6
20000f36:	7861      	ldrb	r1, [r4, #1]
20000f38:	7820      	ldrb	r0, [r4, #0]
20000f3a:	f000 f819 	bl	20000f70 <__tud_event_hook_cb_veneer>
20000f3e:	e7c7      	b.n	20000ed0 <dcd_event_handler+0x158>
20000f40:	10007c70 	.word	0x10007c70
20000f44:	20001fab 	.word	0x20001fab
20000f48:	20001640 	.word	0x20001640
20000f4c:	200015e8 	.word	0x200015e8
20000f50:	10007c8c 	.word	0x10007c8c
20000f54:	20001fa9 	.word	0x20001fa9
20000f58:	20001438 	.word	0x20001438

20000f5c <__aeabi_idiv0>:
20000f5c:	4770      	bx	lr
20000f5e:	46c0      	nop			@ (mov r8, r8)

20000f60 <__panic_veneer>:
20000f60:	b401      	push	{r0}
20000f62:	4802      	ldr	r0, [pc, #8]	@ (20000f6c <__panic_veneer+0xc>)
20000f64:	4684      	mov	ip, r0
20000f66:	bc01      	pop	{r0}
20000f68:	4760      	bx	ip
20000f6a:	bf00      	nop
20000f6c:	10000999 	.word	0x10000999

20000f70 <__tud_event_hook_cb_veneer>:
20000f70:	b401      	push	{r0}
20000f72:	4802      	ldr	r0, [pc, #8]	@ (20000f7c <__tud_event_hook_cb_veneer+0xc>)
20000f74:	4684      	mov	ip, r0
20000f76:	bc01      	pop	{r0}
20000f78:	4760      	bx	ip
20000f7a:	bf00      	nop
20000f7c:	10005549 	.word	0x10005549

20000f80 <____wrap_memset_veneer>:
20000f80:	b401      	push	{r0}
20000f82:	4802      	ldr	r0, [pc, #8]	@ (20000f8c <____wrap_memset_veneer+0xc>)
20000f84:	4684      	mov	ip, r0
20000f86:	bc01      	pop	{r0}
20000f88:	4760      	bx	ip
20000f8a:	bf00      	nop
20000f8c:	10002cbd 	.word	0x10002cbd

20000f90 <__rp2040_chip_version_veneer>:
20000f90:	b401      	push	{r0}
20000f92:	4802      	ldr	r0, [pc, #8]	@ (20000f9c <__rp2040_chip_version_veneer+0xc>)
20000f94:	4684      	mov	ip, r0
20000f96:	bc01      	pop	{r0}
20000f98:	4760      	bx	ip
20000f9a:	bf00      	nop
20000f9c:	1000098d 	.word	0x1000098d

20000fa0 <____wrap___aeabi_lmul_veneer>:
20000fa0:	b401      	push	{r0}
20000fa2:	4802      	ldr	r0, [pc, #8]	@ (20000fac <____wrap___aeabi_lmul_veneer+0xc>)
20000fa4:	4684      	mov	ip, r0
20000fa6:	bc01      	pop	{r0}
20000fa8:	4760      	bx	ip
20000faa:	bf00      	nop
20000fac:	10002b01 	.word	0x10002b01

20000fb0 <__tu_fifo_write_veneer>:
20000fb0:	b401      	push	{r0}
20000fb2:	4802      	ldr	r0, [pc, #8]	@ (20000fbc <__tu_fifo_write_veneer+0xc>)
20000fb4:	4684      	mov	ip, r0
20000fb6:	bc01      	pop	{r0}
20000fb8:	4760      	bx	ip
20000fba:	bf00      	nop
20000fbc:	10006fa9 	.word	0x10006fa9

20000fc0 <__best_effort_wfe_or_timeout_veneer>:
20000fc0:	b401      	push	{r0}
20000fc2:	4802      	ldr	r0, [pc, #8]	@ (20000fcc <__best_effort_wfe_or_timeout_veneer+0xc>)
20000fc4:	4684      	mov	ip, r0
20000fc6:	bc01      	pop	{r0}
20000fc8:	4760      	bx	ip
20000fca:	bf00      	nop
20000fcc:	1000165d 	.word	0x1000165d

20000fd0 <__time_us_64_veneer>:
20000fd0:	b401      	push	{r0}
20000fd2:	4802      	ldr	r0, [pc, #8]	@ (20000fdc <__time_us_64_veneer+0xc>)
20000fd4:	4684      	mov	ip, r0
20000fd6:	bc01      	pop	{r0}
20000fd8:	4760      	bx	ip
20000fda:	bf00      	nop
20000fdc:	1000178d 	.word	0x1000178d

20000fe0 <sweep_dir>:
20000fe0:	00000001                                ....

20000fe4 <sweeping>:
20000fe4:	                                         ..

20000fe6 <current_us>:
20000fe6:	                                         ..

20000fe8 <striped_spin_lock_num>:
20000fe8:	00000010                                ....

20000fec <irq_handler_chain_slots>:
20000fec:	00000000 	.word	0x00000000
20000ff0:	00010000 	.word	0x00010000
	...
20000ffc:	00020000 	.word	0x00020000
	...
20001008:	00030000 	.word	0x00030000
	...
20001014:	00ff0000 	.word	0x00ff0000
20001018:	00000000 	.word	0x00000000

2000101c <irq_handler_chain_first_slot>:
2000101c:	b501      	push	{r0, lr}
2000101e:	6848      	ldr	r0, [r1, #4]
20001020:	3101      	adds	r1, #1
20001022:	468e      	mov	lr, r1
20001024:	4700      	bx	r0

20001026 <irq_handler_chain_remove_tail>:
20001026:	4670      	mov	r0, lr
20001028:	3809      	subs	r0, #9
2000102a:	4901      	ldr	r1, [pc, #4]	@ (20001030 <irq_handler_chain_remove_tail+0xa>)
2000102c:	4788      	blx	r1
2000102e:	bd01      	pop	{r0, pc}
20001030:	10000dc9 	.word	0x10000dc9

20001034 <default_alarm_pool>:
	...
20001048:	200010b0 00000000                       ... ....

20001050 <aeabi_bits_funcs>:
20001050:	00003350 	.word	0x00003350
20001054:	0000334c 	.word	0x0000334c
20001058:	00003354 	.word	0x00003354
2000105c:	00003352 	.word	0x00003352

20001060 <aeabi_bits_funcs_end>:
20001060:	0000534d 	.word	0x0000534d
20001064:	0000434d 	.word	0x0000434d
20001068:	00003453 	.word	0x00003453
2000106c:	00003443 	.word	0x00003443

20001070 <stdio_usb>:
20001070:	10004d09 10004cbd 10004c31 10004ba9     .M...L..1L...K..
20001080:	00000000 00000100                       ........

20001088 <_usbd_qdef>:
20001088:	20001644 000c0010 00000000 00000000     D.. ............
	...

200010a4 <_usbd_rhport>:
200010a4:	000000ff                                ....

200010a8 <print_mutex>:
	...
